"_primaryKey","playedAt","_lastSeenAt","stationId","title","artist","album","durationSeconds","trackId","artistId","albumId","stationName","stationFormat","stationState","stationPrimaryGenreName"
"389_1779925817","2026-05-27 23:50:17","2026-06-01 22:11:57.632","389","Not Like Us","Kendrick Lamar","Not Like Us",274,300386231,432004,300386230,"850 AM / 94.1 FM KOA","NEWSTALK","CO","News & Talk"
"10257_1779925719","2026-05-27 23:48:39","2026-06-03 22:45:46.126","10257","Bring Me To Life","Evanescence","Fallen",236,26929994,89684,26929992,"Classic Country 94.5 / 1350","COUNTRY","SD","Country"
"8376_1779925460","2026-05-27 23:44:20","2026-05-31 01:08:44.740","8376","Radioactive","Imagine Dragons","Night Visions",187,18955567,561823,18955566,"Business News 97.5","NEWSTALK","IN","News & Talk"
"389_1779924863","2026-05-27 23:34:23","2026-06-01 21:06:01.128","389","Changes","David Bowie","Hunky Dory",212,35432845,27770,35432839,"850 AM / 94.1 FM KOA","NEWSTALK","CO","News & Talk"
"2353_1779924781","2026-05-27 23:33:01","2026-06-03 21:37:31.892","2353","Dance Hall Days","Wang Chung","Points On The Curve",238,112124843,39563,112124842,"Ticket 760","SPORTS","TX","Sports"
"8376_1779924165","2026-05-27 23:22:45","2026-05-31 00:02:19.307","8376","Treat You Better","Shawn Mendes","Illuminate",189,46604636,30421361,46604632,"Business News 97.5","NEWSTALK","IN","News & Talk"
"5974_1779923085","2026-05-27 23:04:45","2026-06-01 03:38:07.474","5974","The River","Jordan Feliz","Beloved",194,129988155,30952018,129988154,"94-7 FM The Word","Prov_Salem","CO","Christian & Gospel"
"9197_1779922617","2026-05-27 22:56:57","2026-05-30 22:52:10.704","9197","Hurricane","Natalie Grant","Hurricane",208,44808089,27189,44808087,"1640 KDIA","OTHER","CA","Christian & Gospel"
"213_1779922453","2026-05-27 22:54:13","2026-06-03 22:43:29.359","213","Start Me Up","The Rolling Stones","Tattoo You",211,15869476,39467,15869475,"Fox Sports 1350","SPORTS","CA","Sports"
"2353_1779922338","2026-05-27 22:52:18","2026-06-03 21:37:31.892","2353","Plush","Stone Temple Pilots","Core",313,50728989,58584,50728980,"Ticket 760","SPORTS","TX","Sports"
"217_1779922196","2026-05-27 22:49:56","2026-06-03 22:41:37.520","217","All Day and All of the Night","The Kinks","Kinks",142,376069540,32168,376069517,"KFBK News Radio","NEWSTALK","CA","News & Talk"
"8376_1779921860","2026-05-27 22:44:20","2026-05-30 22:52:37.142","8376","The Middle","Zedd, Maren Morris, & Grey","The Middle",184,53340767,559055,53340766,"Business News 97.5","NEWSTALK","IN","News & Talk"
"217_1779921356","2026-05-27 22:35:56","2026-06-03 21:36:04.800","217","Freewill","Rush","Permanent Waves",324,743610,16234,743608,"KFBK News Radio","NEWSTALK","CA","News & Talk"
"11557_1779921332","2026-05-27 22:35:32","2026-06-03 21:40:49.482","11557","Savior","Rise Against","Appeal To Reason",241,19096204,32725,19096193,"106.7 Z-Rock",,"CA","Rock"
"11557_1779921065","2026-05-27 22:31:05","2026-06-03 21:40:49.482","11557","Who Will You Follow","Evanescence","Who Will You Follow",235,392399743,89684,392399742,"106.7 Z-Rock",,"CA","Rock"
"11557_1779920862","2026-05-27 22:27:42","2026-06-03 21:40:49.482","11557","Fly Away","Lenny Kravitz","5",220,5377548,7072,5377540,"106.7 Z-Rock",,"CA","Rock"
"2353_1779920688","2026-05-27 22:24:48","2026-06-03 21:37:31.892","2353","Bleed American","Jimmy Eat World","Bleed American",181,120277763,29200,120277762,"Ticket 760","SPORTS","TX","Sports"
"11557_1779920645","2026-05-27 22:24:05","2026-06-03 21:40:49.482","11557","How You Remind Me","Nickelback","Silver Side Up",223,1987420,34750,1987417,"106.7 Z-Rock",,"CA","Rock"
"11557_1779920477","2026-05-27 22:21:17","2026-06-03 21:40:49.482","11557","When Worlds Collide","Powerman 5000","Tonight The Stars Revolt",177,610931,40518,610926,"106.7 Z-Rock",,"CA","Rock"
"217_1779920401","2026-05-27 22:20:01","2026-06-03 21:36:04.800","217","(I Can't Get No) Satisfaction","The Rolling Stones","Out Of Our Heads",224,625734,39467,625725,"KFBK News Radio","NEWSTALK","CA","News & Talk"
"389_1779920400","2026-05-27 22:20:00","2026-06-01 17:43:37.492","389","Go Big Or Go Home","American Authors","Island Life Dance",253,39598560,825247,39598554,"850 AM / 94.1 FM KOA","NEWSTALK","CO","News & Talk"
"601_1779919087","2026-05-27 21:58:07","2026-06-01 15:26:09.616","601","It Was A Good Day","Ice Cube","The Predator",260,48163033,28761,48163026,"96.9 The Game","SPORTS","FL","Sports"
"2353_1779918753","2026-05-27 21:52:33","2026-06-03 21:37:31.892","2353","Signed, Sealed, Delivered (I'm Yours)","Stevie Wonder","Signed Sealed And Delivered",160,82748593,3404,82748590,"Ticket 760","SPORTS","TX","Sports"
"389_1779918632","2026-05-27 21:50:32","2026-06-01 16:34:26.891","389","Headlines","Drake","Take Care",236,64518936,44512,64518933,"850 AM / 94.1 FM KOA","NEWSTALK","CO","News & Talk"
"2353_1779917696","2026-05-27 21:34:56","2026-06-03 20:32:15.288","2353","Tonight, Tonight, Tonight","Genesis","Invisible Touch",268,1121347,4687,1121345,"Ticket 760","SPORTS","TX","Sports"
"389_1779917629","2026-05-27 21:33:49","2026-06-01 15:25:22.858","389","You Learn","Alanis Morissette","Jagged Little Pill",239,1053820,16230,1053813,"850 AM / 94.1 FM KOA","NEWSTALK","CO","News & Talk"
"8528_1779917578","2026-05-27 21:32:58","2026-06-03 20:31:31.615","8528","Live Wire","Mötley Crüe","Too Fast For Love",195,376131224,119694,376131223,"San Diego Sports 760","NEWSTALK","CA","Sports"
"8376_1779916980","2026-05-27 21:23:00","2026-05-30 21:45:35.942","8376","positions","Ariana Grande","Positions",172,116155244,678625,116155232,"Business News 97.5","NEWSTALK","IN","News & Talk"
"8528_1779916828","2026-05-27 21:20:28","2026-06-03 20:31:31.615","8528","Californication","Red Hot Chili Peppers","Californication",329,1051676,6771,1051670,"San Diego Sports 760","NEWSTALK","CA","Sports"
"11557_1779916348","2026-05-27 21:12:28","2026-06-03 20:35:23.818","11557","You Could Be Mine","Guns N' Roses","Use Your Illusion II",343,37226557,39143,37226545,"106.7 Z-Rock",,"CA","Rock"
"11557_1779916128","2026-05-27 21:08:48","2026-06-03 20:35:23.818","11557","She Hates Me","Puddle of Mudd","Come Clean",216,68479827,39856,68479821,"106.7 Z-Rock",,"CA","Rock"
"11557_1779915946","2026-05-27 21:05:46","2026-06-03 20:35:23.818","11557","Free","Beartooth","Free",187,382367030,30399580,382367029,"106.7 Z-Rock",,"CA","Rock"
"11557_1779915668","2026-05-27 21:01:08","2026-06-03 20:35:23.818","11557","Killing In the Name","Rage Against the Machine","Rage Against The Machine",313,2485013,89499,2484774,"106.7 Z-Rock",,"CA","Rock"
"601_1779915479","2026-05-27 20:57:59","2026-06-01 05:52:51.411","601","Unchained","Van Halen","Fair Warning",209,31343936,58813,31343931,"96.9 The Game","SPORTS","FL","Sports"
"11557_1779915436","2026-05-27 20:57:16","2026-06-03 20:35:23.818","11557","My Name Is Human","Highly Suspect","The Boy Who Died Wolf",258,43526641,677345,43526640,"106.7 Z-Rock",,"CA","Rock"
"11557_1779915148","2026-05-27 20:52:28","2026-06-03 20:35:23.818","11557","Burden In My Hand","Soundgarden","Down On The Upside",289,832859,2136,832851,"106.7 Z-Rock",,"CA","Rock"
"11557_1779914842","2026-05-27 20:47:22","2026-06-03 20:35:23.818","11557","Rock Candy","Montrose","Montrose",305,1077474,59220,1077468,"106.7 Z-Rock",,"CA","Rock"
"11557_1779914623","2026-05-27 20:43:43","2026-06-03 20:35:23.818","11557","In the End","Linkin Park","Hybrid Theory",215,26977574,58351,26977566,"106.7 Z-Rock",,"CA","Rock"
"11557_1779914419","2026-05-27 20:40:19","2026-06-03 20:35:23.818","11557","Longview","Green Day","Dookie",238,51744429,633,51744425,"106.7 Z-Rock",,"CA","Rock"
"11557_1779914276","2026-05-27 20:37:56","2026-06-03 20:35:23.818","11557","Keep Away","Godsmack","Godsmack",289,750570,39481,750563,"106.7 Z-Rock",,"CA","Rock"
"601_1779914267","2026-05-27 20:37:47","2026-06-01 05:52:51.411","601","You Got Lucky","Tom Petty","Long After Dark",215,844489,1805,844479,"96.9 The Game","SPORTS","FL","Sports"
"11557_1779913840","2026-05-27 20:30:40","2026-06-03 19:30:24.834","11557","The Hand That Feeds","Nine Inch Nails","With Teeth",211,801043,40022,801042,"106.7 Z-Rock",,"CA","Rock"
"11557_1779913530","2026-05-27 20:25:30","2026-06-03 19:30:24.834","11557","Epic","Faith No More","The Real Thing",293,32372024,6769,32372022,"106.7 Z-Rock",,"CA","Rock"
"11557_1779913349","2026-05-27 20:22:29","2026-06-03 19:30:24.834","11557","Drag Me","From Ashes to New","Die For You",185,366030217,30006235,366030214,"106.7 Z-Rock",,"CA","Rock"
"601_1779913271","2026-05-27 20:21:11","2026-06-01 05:52:51.411","601","School's Out","Alice Cooper","School's Out",209,219683170,24190,219683169,"96.9 The Game","SPORTS","FL","Sports"
"6006_1779913232","2026-05-27 20:20:32","2026-06-02 01:32:03.142","6006","CELEBRATION","Forrest Frank","CHILD OF GOD II",161,327130867,39644335,327130854,"WFIL AM 560","OTHER","PA","Christian & Gospel"
"11557_1779913050","2026-05-27 20:17:30","2026-06-03 19:30:24.834","11557","Wake Up Calling","Papa Roach","Wake Up Calling",229,376445032,7772,376445031,"106.7 Z-Rock",,"CA","Rock"
"11557_1779912676","2026-05-27 20:11:16","2026-06-03 19:30:24.834","11557","H.","TOOL","Ænima",366,77407777,6767,77407774,"106.7 Z-Rock",,"CA","Rock"
"11557_1779912462","2026-05-27 20:07:42","2026-06-03 19:30:24.834","11557","Smooth Criminal","Alien Ant Farm","Anthology",208,721924,39722,721916,"106.7 Z-Rock",,"CA","Rock"
"11557_1779912266","2026-05-27 20:04:26","2026-06-03 19:30:24.834","11557","Broken Mirror","Architects","The Sky, The Earth & All Between",190,316014481,30947,316014472,"106.7 Z-Rock",,"CA","Rock"
"11557_1779912043","2026-05-27 20:00:43","2026-06-03 19:30:24.834","11557","Freak On a Leash","Korn","Follow The Leader",255,43021366,33170,43021364,"106.7 Z-Rock",,"CA","Rock"
"11557_1779911719","2026-05-27 19:55:19","2026-06-03 19:30:24.834","11557","Plush","Stone Temple Pilots","Core",313,50728989,58584,50728980,"106.7 Z-Rock",,"CA","Rock"
"9889_1779911531","2026-05-27 19:52:11","2026-06-03 19:29:19.552","9889","No Paras de Hacerme Feliz","La Fiera De Ojinaga","Jalas o No Jalas",184,164391339,949100,164391338,"La Invasora 94.7","SPANISH","states/US-NAT","US Partner Digital"
"9806_1779911523","2026-05-27 19:52:03","2026-06-03 19:28:04.074","9806","Drive","Incubus","Make Yourself",232,8685244,6768,8685241,"AlternativeRadio.us","ROCKALTERNATIVE","states/US-NAT","US Partner Digital"
"11318_1779911518","2026-05-27 19:51:58","2026-06-03 19:30:15.106","11318","Slow Down","Bobby V","Disturbing Tha Peace Presents Bobby Valentino",258,68209015,679089,68209013,"DMX Radio",,"states/US-NAT","US Partner Digital"
"11297_1779911501","2026-05-27 19:51:41","2026-06-03 19:30:13.535","11297","Deeper and Deeper","Madonna","Erotica",333,1052803,35393,1052799,"iPartyRadio: Dance Anthems",,"states/US-NAT","US Partner Digital"
"8887_1779911498","2026-05-27 19:51:38","2026-06-03 19:29:04.827","8887","Bach: Was Mir Behagt, Ist Nur Die Muntre Jagd, BWV 208 ""Hunt Cantata"" - Sheep May Safely Graze","Anderson & Roe Piano Duo","The Art Of Bach",287,-1,-1,-1,"YourClassical Sleep","OTHER","states/US-NAT","Classical"
"11557_1779911496","2026-05-27 19:51:36","2026-06-03 19:30:24.834","11557","Found Out About You","Gin Blossoms","New Miserable Experience",232,722654,4686,722645,"106.7 Z-Rock",,"CA","Rock"
"9799_1779911495","2026-05-27 19:51:35","2026-06-03 19:29:19.204","9799","A Better World","David Guetta x Cedric Gervais","A Better World",172,333079690,28289,333079689,"Jam Hits","OTHER","states/US-NAT","US Partner Digital"
"11300_1779911494","2026-05-27 19:51:34","2026-06-03 19:30:13.568","11300","Change My Mind","Riley Green","Change My Mind",199,291435004,899600,291435003,"99.5 THE GULF",,"states/US-NAT","US Partner Digital"
"11236_1779911492","2026-05-27 19:51:32","2026-06-03 19:30:12.482","11236","Teach Your Children","Crosby, Stills, Nash & Young","Déjà vu",174,157621606,78213,157621604,"DC Sugar95",,"states/US-NAT","US Partner Digital"
"8761_1779911486","2026-05-27 19:51:26","2026-06-03 19:29:00.796","8761","I Say a Little Prayer","Aretha Franklin","Aretha Now",216,41612761,42526,41612759,"Rewound Radio",,"states/US-NAT","US Partner Digital"
"11384_1779911484","2026-05-27 19:51:24","2026-06-03 19:30:17.042","11384","Everybody","Capleton","Good So",221,37863764,8297,37863757,"DJ Babydoll Radio",,"states/US-NAT","US Partner Digital"
"11260_1779911481","2026-05-27 19:51:21","2026-06-03 19:30:13.187","11260","Elizabeth Taylor","Taylor Swift","The Life of a Showgirl",207,353381095,33221,353381093,"The Juice",,"states/US-NAT","US Partner Digital"
"10629_1779911473","2026-05-27 19:51:13","2026-06-03 19:30:03.195","10629","Santa Claus Is Comin' To Town","Bing Crosby & The Andrews Sisters","White Christmas",163,60600746,1864,60600738,"That Christmas Channel",,"states/US-NAT","US Partner Digital"
"9657_1779911471","2026-05-27 19:51:11","2026-06-03 19:28:03.589","9657","KAWAII","Polima Westcoast & J Balvin","KAWAII",197,183574843,38785220,183574842,"NGEN Radio","HIPHOPRNB","states/US-NAT","US Partner Digital"
"8982_1779911469","2026-05-27 19:51:09","2026-06-03 19:28:01.740","8982","Ain't Nobody","Rufus","Stompin' At The Savoy",285,1020908,30406664,1020893,"Rickey Smiley Morning Show",,"states/US-NAT","US Partner Digital"
"9903_1779911467","2026-05-27 19:51:07","2026-06-03 19:28:03.812","9903","Country And She Knows It","Luke Bryan","Country And She Knows It",173,388834075,29083,388834074,"Kickin' Kountry Radio","COUNTRY","states/US-NAT","US Partner Digital"
"11301_1779911465","2026-05-27 19:51:05","2026-06-03 19:30:14.274","11301","Drunk On That","Mae Estes","Drunk On That",207,347732478,33104874,347732477,"99.5 THE STAR",,"states/US-NAT","US Partner Digital"
"9570_1779911463","2026-05-27 19:51:03","2026-06-03 19:28:03.535","9570","Montego Bay","Bobby Bloom","The Bobby Bloom Album",176,37344871,31081539,37344850,"Oldies.Gold","CLASSICHITS","states/US-NAT","US Partner Digital"
"7869_1779911453","2026-05-27 19:50:53","2026-06-03 19:28:51.831","7869","Ain't No Way","Jamie MacDonald","Jamie MacDonald",168,374300120,44664424,374300115,"Family Life Radio","OTHER","states/US-NAT","US Partner Digital"
"7867_1779911445","2026-05-27 19:50:45","2026-06-03 19:28:50.125","7867","Play With Me","Jeff Beck","Wired",249,-1,-1,-1,"Purple Current","Prov_American Public Media","states/US-NAT","US Partner Digital"
"9035_1779911428","2026-05-27 19:50:28","2026-06-03 19:29:06.531","9035","Love On Hold","Lucas & Steve x Oaks x Jaimes","Love On Hold",177,347958951,620146,347958950,"Nexus Radio","OTHER","states/US-NAT","US Partner Digital"
"4776_1779911424","2026-05-27 19:50:24","2026-06-03 19:28:07.557","4776","STAY HERE 4 LIFE","A$AP Rocky feat. Brent Faiyaz","STAY HERE 4 LIFE",345,375087421,673165,375087420,"Mix Nation","CHRPOP","states/US-NAT","Dance"
"8995_1779911423","2026-05-27 19:50:23","2026-06-03 19:29:05.531","8995","Goodbye Stranger","Supertramp","Breakfast In America",350,10484706,39262,10484701,"That 70's Channel","CLASSICHITS","states/US-NAT","US Partner Digital"
"8757_1779911416","2026-05-27 19:50:16","2026-06-03 19:29:20.727","8757","Everything Is AWESOME!!! (feat. The Lonely Island)","Tegan and Sara","The Lego® Movie (Original Motion Picture Soundtrack)",163,70463609,742157,70463608,"LEGOLAND Radio","OTHER","states/US-NAT","Kids & Family"
"9737_1779911411","2026-05-27 19:50:11","2026-06-03 19:29:17.154","9737","I'm Different","2 Chainz","Based On A T.R.U. Story",206,97919409,675872,97919403,"Press Play Radio","HIPHOPRNB","states/US-NAT","US Partner Digital"
"9771_1779911405","2026-05-27 19:50:05","2026-06-03 19:29:17.608","9771","Way We Used 2","Showtek and Sultan + Shepard","Way We Used 2",195,79250720,217357,79250719,"Maxima Radio","OTHER","states/US-NAT","US Partner Digital"
"10174_1779911396","2026-05-27 19:49:56","2026-06-03 19:28:10.717","10174","Oh My Soul","Casting Crowns","The Very Next Thing",255,42402095,89484,42402091,"Family Life Now","OTHER","states/US-NAT","US Partner Digital"
"8982_1779911395","2026-05-27 19:49:55","2026-06-03 19:28:01.740","8982","On Our Own","Bobby Brown","Dance...Ya Know It!",272,724143,41567,724142,"Rickey Smiley Morning Show",,"states/US-NAT","US Partner Digital"
"9200_1779911392","2026-05-27 19:49:52","2026-06-03 19:28:09.213","9200","The Painter","Cody Johnson","Leather",211,240393647,368890,240393636,"Knox Country","COUNTRY","TN","Country"
"6295_1779911390","2026-05-27 19:49:50","2026-06-03 19:28:29.608","6295","Lost in the Supermarket","The Clash","Sound System",226,23236563,2361,23236529,"Rock the Cradle","Prov_American Public Media","states/US-NAT","US Partner Digital"
"9774_1779911389","2026-05-27 19:49:49","2026-06-03 19:29:18.188","9774","Man I Need","Olivia Dean","Man I Need",183,344888326,33471063,344888325,"LIVE 99.9","CHRPOP","states/US-NAT","US Partner Digital"
"5254_1779911382","2026-05-27 19:49:42","2026-06-03 19:28:28.093","5254","One Of Your Girls","Troye Sivan","Something To Give Each Other",181,237443370,883862,237443367,"WHIP Radio",,"PA","Public Radio"
"8905_1779911378","2026-05-27 19:49:38","2026-06-03 19:29:03.034","8905","The Tracks Of My Tears","Johnny Rivers","A Touch Of Gold",180,57575119,7234,57575115,"Carolina Gold 93.9 & 106.3","CLASSICHITS","states/US-NAT","US Partner Digital"
"9319_1779911374","2026-05-27 19:49:34","2026-06-03 19:28:02.610","9319","The Last One","Black Veil Brides","Vale",281,53046407,370442,53046405,"KBACK Rock Radio","ROCKACTIVE","states/US-NAT","US Partner Digital"
"8986_1779911368","2026-05-27 19:49:28","2026-06-03 19:28:02.699","8986","On Our Own","Bobby Brown","Dance...Ya Know It!",272,724143,41567,724142,"The DL Hughley Show",,"states/US-NAT","US Partner Digital"
"10418_1779911357","2026-05-27 19:49:17","2026-06-03 19:28:12.108","10418","Black Sheep","Ben Fuller","If It Was Up To Me",232,318627949,287720,318627946,"Christian Hits FM","OTHER","states/US-NAT","US Partner Digital"
"11302_1779911353","2026-05-27 19:49:13","2026-06-03 19:30:14.081","11302","You Heard Wrong","Dylan Schneider","Wannabe [EP]",216,-1,-1,-1,"County Line",,"states/US-NAT","US Partner Digital"
"9802_1779911353","2026-05-27 19:49:13","2026-06-03 19:29:24.135","9802","1. Allegro con brio","Alfred Brendel","Beethoven: Complete Piano Sonatas & Concertos",855,10952540,116603,10952483,"99.5 HD3 WCRB","OTHER","states/US-NAT","US Partner Digital"
"7680_1779911352","2026-05-27 19:49:12","2026-06-03 19:28:46.254","7680","Have a Cigar","Pink Floyd","Wish You Were Here",307,37495041,165,37495038,"Mad Rock Nation","ROCKACTIVE","states/US-NAT","US Partner Digital"
"9034_1779911349","2026-05-27 19:49:09","2026-06-03 19:29:06.157","9034","Something In Common","Bobby Brown & Whitney Houston","Bobby",299,-1,-1,-1,"108 SOUL","RNB","states/US-NAT","US Partner Digital"
"9425_1779911349","2026-05-27 19:49:09","2026-06-03 19:28:03.836","9425","Don't You Want Me","Jody Watley","Jody Watley",253,718758,14615,718757,"Bayology Radio",,"states/US-NAT","US Partner Digital"
"7863_1779911347","2026-05-27 19:49:07","2026-06-03 19:28:49.715","7863","Mary Jane","Rick James","Come Get It!",297,27310300,39853,27310294,"RnR Radio","Prov_Other","states/US-NAT","US Partner Digital"
"8986_1779911346","2026-05-27 19:49:06","2026-06-03 19:28:02.699","8986","Always On Time","Ja Rule feat. Ashanti","Pain Is Love",246,55820172,39129,55820167,"The DL Hughley Show",,"states/US-NAT","US Partner Digital"
"9802_1779911343","2026-05-27 19:49:03","2026-06-03 19:29:24.135","9802","Beethoven: Piano Concerto #3 In C Minor, Op. 37 - 1. Allegro Con Brio","Martha Argerich; Seiji Ozawa: Mito Chamber Orchestra","Beethoven: Piano Concerto #2; Grieg: Holberg Suite",858,-1,-1,-1,"99.5 HD3 WCRB","OTHER","states/US-NAT","US Partner Digital"
"9339_1779911343","2026-05-27 19:49:03","2026-06-03 19:29:13.609","9339","Made It","Teyana Taylor","Made It",198,102370064,41912,102370063,"DJ KIDNU RADIO","HIPHOPRNB","states/US-NAT","US Partner Digital"
"9802_1779911342","2026-05-27 19:49:02","2026-06-03 19:29:24.135","9802","Beethoven: Piano Concerto #2 In B Flat, Op. 19 - 1. Allegro Con Brio","Stephen Hough; Hannu Lintu: Finnish Radio Symphony Orchestra","Beethoven: The Piano Concertos [Disc 1]",826,-1,-1,-1,"99.5 HD3 WCRB","OTHER","states/US-NAT","US Partner Digital"
"9481_1779911335","2026-05-27 19:48:55","2026-06-03 19:29:14.778","9481","Got To Be Enough","Con Funk Shun","Spirit Of Love",346,766685,40719,766684,"That Throwback Channel!","RNB","states/US-NAT","US Partner Digital"
"9799_1779911334","2026-05-27 19:48:54","2026-06-03 19:29:19.204","9799","Goosebumps","HVME","Goosebumps",163,107465166,32112435,107465165,"Jam Hits","OTHER","states/US-NAT","US Partner Digital"
"6464_1779911333","2026-05-27 19:48:53","2026-06-03 19:28:30.453","6464","Hair Of The Dog","Nazareth","Hair Of The Dog",248,572425,270,572422,"The Loop",,"IL","Classic Rock"
"8880_1779911330","2026-05-27 19:48:50","2026-06-03 19:29:03.191","8880","The Nutcracker, Op. 71: Dance of the Sugar Plum Fairy","Various Artists","25 Best Selling Favorites of All Time",131,34536740,6,34536720,"YourClassical Holiday","OTHER","states/US-NAT","US Partner Digital"
"7548_1779911329","2026-05-27 19:48:49","2026-06-03 19:28:37.880","7548","She Drives Me Crazy","Fine Young Cannibals","The Raw & The Cooked",218,53228366,59862,53228365,"DARE FM","ROCKALTERNATIVE","states/US-NAT","US Partner Digital"
"8880_1779911325","2026-05-27 19:48:45","2026-06-03 19:29:03.191","8880","Dance of the Sugar Plum Fairy","London Symphony Orchestra","The Nutcracker",135,30821244,11343,30821230,"YourClassical Holiday","OTHER","states/US-NAT","US Partner Digital"
"8713_1779911319","2026-05-27 19:48:39","2026-06-03 19:28:00.735","8713","Sweet Life","Paul Davis","Singer of Songs, Teller of Tales",211,25524282,98120,25524278,"Smooth 70s",,"states/US-NAT","US Partner Digital"
"9806_1779911318","2026-05-27 19:48:38","2026-06-03 19:28:04.074","9806","Numb / Encore","Jay-Z & Linkin Park","Collision Course",204,1052680,39268,1052676,"AlternativeRadio.us","ROCKALTERNATIVE","states/US-NAT","US Partner Digital"
"8982_1779911315","2026-05-27 19:48:35","2026-06-03 19:28:01.740","8982","Always On Time","Ja Rule feat. Ashanti","Pain Is Love",246,55820172,39129,55820167,"Rickey Smiley Morning Show",,"states/US-NAT","US Partner Digital"
"8883_1779911313","2026-05-27 19:48:33","2026-06-03 19:29:02.383","8883","Tamago 2004","Ryuichi Sakamoto","Playing The Piano",169,142309001,33476,142308996,"YourClassical Peaceful Piano","OTHER","states/US-NAT","Classical"
"10775_1779911309","2026-05-27 19:48:29","2026-06-03 19:30:09.597","10775","You Lead Me","Lauren Daigle, House Of David & Wonder Project","House Of David (Music Inspired By The Prime Video Original Series)",253,388834328,30480349,388834327,"The Light DFW",,"states/US-NAT","US Partner Digital"
"10629_1779911301","2026-05-27 19:48:21","2026-06-03 19:30:03.195","10629","Sleigh Ride","The Ronettes","Sleigh Ride",180,118200333,89545,118200332,"That Christmas Channel",,"states/US-NAT","US Partner Digital"
"11299_1779911299","2026-05-27 19:48:19","2026-06-03 19:30:13.758","11299","Morena mía","Miguel Bosé","Sereno",291,65271512,60506,65271504,"LA NUEVA, RADIO",,"states/US-NAT","US Partner Digital"
"9251_1779911297","2026-05-27 19:48:17","2026-06-03 19:28:02.204","9251","Miss You Much","Janet Jackson","Rhythm Nation 1814",251,594933,29436,594920,"Hype 1 Radio",,"states/US-NAT","US Partner Digital"
"11318_1779911296","2026-05-27 19:48:16","2026-06-03 19:30:15.106","11318","E.I.","Nelly","Country Grammar",285,700802,40199,700786,"DMX Radio",,"states/US-NAT","US Partner Digital"
"6296_1779911291","2026-05-27 19:48:11","2026-06-03 19:28:29.390","6296","You Amaze Me","Penny Police","Be Lucky",158,-1,-1,-1,"Radio Heartland","ROCKALTERNATIVE","states/US-NAT","US Partner Digital"
"8986_1779911290","2026-05-27 19:48:10","2026-06-03 19:28:02.699","8986","Say Aah (feat. Fabolous)","Trey Songz","Ready",207,1017497,28586,1017490,"The DL Hughley Show",,"states/US-NAT","US Partner Digital"
"7369_1779911281","2026-05-27 19:48:01","2026-06-03 19:29:44.349","7369","EL CLúB","Bad Bunny","EL CLúB",222,302569826,31333415,302569825,"La Mezcla Fuego","SPANISH","states/US-NAT","Spanish"
"10636_1779911273","2026-05-27 19:47:53","2026-06-03 19:28:12.352","10636","Work","Rihanna & Drake","ANTI",218,66743775,34742,66743771,"98.3 BPME ""The Sound""",,"states/US-NAT","US Partner Digital"
"10465_1779911263","2026-05-27 19:47:43","2026-06-03 19:28:11.850","10465","Little Red Corvette","Prince","1999",303,120146571,3403,120146569,"CJ's Awesome 80s",,"states/US-NAT","US Partner Digital"
"4776_1779911262","2026-05-27 19:47:42","2026-06-03 19:28:07.557","4776","KEHLANI","Jordan Adetunji","A Jaguar's Dream",121,309699129,31669875,309699128,"Mix Nation","CHRPOP","states/US-NAT","Dance"
"9570_1779911262","2026-05-27 19:47:42","2026-06-03 19:28:03.535","9570","I've Got to Use My Imagination","Gladys Knight & the Pips","Imagination (Expanded Edition)",214,29671916,3868,29671914,"Oldies.Gold","CLASSICHITS","states/US-NAT","US Partner Digital"
"11178_1779911260","2026-05-27 19:47:40","2026-06-03 19:30:12.071","11178","Bad Medicine","Bon Jovi","New Jersey",316,27080477,39361,27080475,"Power Hits",,"states/US-NAT","US Partner Digital"
"11557_1779911260","2026-05-27 19:47:40","2026-06-03 19:30:24.834","11557","Slow Ride","Foghat","Fool for the City",494,39302840,1605,39302837,"106.7 Z-Rock",,"CA","Rock"
"11241_1779911259","2026-05-27 19:47:39","2026-06-03 19:30:12.641","11241","(You Can Still) Rock In America","Night Ranger","Midnight Madness",255,640885,2904,640878,"93QFM",,"states/US-NAT","US Partner Digital"
"8982_1779911259","2026-05-27 19:47:39","2026-06-03 19:28:01.740","8982","Say Aah (feat. Fabolous)","Trey Songz","Ready",207,1017497,28586,1017490,"Rickey Smiley Morning Show",,"states/US-NAT","US Partner Digital"
"9658_1779911258","2026-05-27 19:47:38","2026-06-03 19:29:16.588","9658","Young Blood","Sophie Ellis-Bextor","Wanderlust (Deluxe Wandermix Version)",267,43260768,41616,43260763,"Vida Unida, Nationwide","SPANISH","states/US-NAT","US Partner Digital"
"11315_1779911252","2026-05-27 19:47:32","2026-06-03 19:30:19.292","11315","No Money","Galantis","The Aviary",190,50582415,918192,50582403,"The EDM Megashuffle",,"states/US-NAT","US Partner Digital"
"8995_1779911248","2026-05-27 19:47:28","2026-06-03 19:29:05.531","8995","Daisy Jane","America","Hearts",186,1030400,32104,1030399,"That 70's Channel","CLASSICHITS","states/US-NAT","US Partner Digital"
"8761_1779911247","2026-05-27 19:47:27","2026-06-03 19:29:00.796","8761","Forever Young","Rod Stewart","Out of Order",247,1083955,2202,1083951,"Rewound Radio",,"states/US-NAT","US Partner Digital"
"9425_1779911247","2026-05-27 19:47:27","2026-06-03 19:28:03.836","9425","Feel so Real","Steve Arrington","Dancin' In The Key Of Life",305,1082926,59910,1082925,"Bayology Radio",,"states/US-NAT","US Partner Digital"
"11298_1779911239","2026-05-27 19:47:19","2026-06-03 19:30:13.831","11298","The Heat Is On","Glenn Frey","Beverly Hills Cop",226,27317866,119639,27317860,"102 The Cube",,"states/US-NAT","US Partner Digital"
"9903_1779911235","2026-05-27 19:47:15","2026-06-03 19:28:03.812","9903","I Never Lie","Zach Top","Cold Beer & Country Music",224,253511010,36074844,253510999,"Kickin' Kountry Radio","COUNTRY","states/US-NAT","US Partner Digital"
"11301_1779911234","2026-05-27 19:47:14","2026-06-03 19:30:14.274","11301","Found","Cody Jinks","In My Blood",225,322403057,903385,322403047,"99.5 THE STAR",,"states/US-NAT","US Partner Digital"
"7869_1779911233","2026-05-27 19:47:13","2026-06-03 19:28:51.831","7869","Still Waters (Psalm 23)","Leanna Crawford","Still Waters",236,267142126,30707904,267142124,"Family Life Radio","OTHER","states/US-NAT","US Partner Digital"
"9035_1779911222","2026-05-27 19:47:02","2026-06-03 19:29:06.531","9035","I Feel So Free","Madonna","I Feel So Free",303,395251623,35393,395251622,"Nexus Radio","OTHER","states/US-NAT","US Partner Digital"
"7097_1779911218","2026-05-27 19:46:58","2026-06-03 19:27:56.844","7097","Anon: Solem Justitiae","The Monks Of Norcia","Benedicta - Marian Chant From Norcia",278,-1,-1,-1,"EWTN Radio Catolica Mundial","OTHER","states/US-NAT","US Partner Digital"
"11314_1779911216","2026-05-27 19:46:56","2026-06-03 19:30:20.873","11314","Private","The Neighbourhood","(((((ultraSOUND)))))",228,360639197,31307,360639193,"Alt Rock Variety MEGASHUFFLE",,"states/US-NAT","US Partner Digital"
"8986_1779911216","2026-05-27 19:46:56","2026-06-03 19:28:02.699","8986","Work","Rihanna & Drake","ANTI",218,66743775,34742,66743771,"The DL Hughley Show",,"states/US-NAT","US Partner Digital"
"6600_1779911211","2026-05-27 19:46:51","2026-06-03 19:28:37.575","6600","We Contain Multitudes","Ólafur Arnalds","some kind of peace",198,116137722,241107,116137713,"Calm by Classical KING","OTHER","states/US-NAT","US Partner Digital"
"10092_1779911201","2026-05-27 19:46:41","2026-06-03 19:28:11.015","10092","Miss You","Oliver Tree & Robin Schulz","Miss You",205,178394538,31638401,178394537,"EDM Beats",,"states/US-NAT","US Partner Digital"
"8905_1779911201","2026-05-27 19:46:41","2026-06-03 19:29:03.034","8905","Daydream Believer","The Monkees","The Birds, The Bees, & The Monkees",179,1031827,32772,1031822,"Carolina Gold 93.9 & 106.3","CLASSICHITS","states/US-NAT","US Partner Digital"
"8757_1779911200","2026-05-27 19:46:40","2026-06-03 19:29:20.727","8757","Batman","Mark Mothersbaugh","The Lego® Movie (Original Motion Picture Soundtrack)",82,70463619,32270,70463608,"LEGOLAND Radio","OTHER","states/US-NAT","Kids & Family"
"7226_1779911199","2026-05-27 19:46:39","2026-06-03 19:28:01.943","7226","No. 1 in A-Flat Major","Lang Lang","Romance",173,50409434,281683,50409429,"CPR Classical",,"states/US-NAT","US Partner Digital"
"9339_1779911197","2026-05-27 19:46:37","2026-06-03 19:29:13.609","9339","Whatever She Wants","Bryson Tiller","Whatever She Wants",160,255325716,30699959,255325715,"DJ KIDNU RADIO","HIPHOPRNB","states/US-NAT","US Partner Digital"
"10092_1779911195","2026-05-27 19:46:35","2026-06-03 19:28:11.015","10092","Miss You (Showtek Remix)","Oliver Tree, Robin Schulz & Showtek","Miss You (Showtek Remix) [Single]",193,-1,-1,-1,"EDM Beats",,"states/US-NAT","US Partner Digital"
"11315_1779911191","2026-05-27 19:46:31","2026-06-03 19:30:19.292","11315","Tormenta","Alex Anwandter","Rebeldes",325,182345199,694020,182345193,"The EDM Megashuffle",,"states/US-NAT","US Partner Digital"
"4776_1779911191","2026-05-27 19:46:31","2026-06-03 19:28:07.557","4776","Clique","Kanye West, JAY Z & Big Sean","Kanye West Presents Good Music Cruel Summer",293,64156961,34743,64156959,"Mix Nation","CHRPOP","states/US-NAT","Dance"
"9034_1779911190","2026-05-27 19:46:30","2026-06-03 19:29:06.157","9034","Treat Them Like They Want To Be Treated","Father MC","Father's Day",348,262566697,42750,262566695,"108 SOUL","RNB","states/US-NAT","US Partner Digital"
"8982_1779911185","2026-05-27 19:46:25","2026-06-03 19:28:01.740","8982","Work","Rihanna & Drake","ANTI",218,66743775,34742,66743771,"Rickey Smiley Morning Show",,"states/US-NAT","US Partner Digital"
"9806_1779911180","2026-05-27 19:46:20","2026-06-03 19:28:04.074","9806","Go","The Black Keys","Go",146,73279851,9288,73279850,"AlternativeRadio.us","ROCKALTERNATIVE","states/US-NAT","US Partner Digital"
"6295_1779911179","2026-05-27 19:46:19","2026-06-03 19:28:29.608","6295","Night Fever","Bee Gees","Tales From The Brothers Gibb",212,61417105,59896,61417053,"Rock the Cradle","Prov_American Public Media","states/US-NAT","US Partner Digital"
"9802_1779911179","2026-05-27 19:46:19","2026-06-03 19:29:24.135","9802","Sakanatachino Love Song","Nogizaka46","Taiyou Nokku (Special Edition)",270,104034304,31966392,104034301,"99.5 HD3 WCRB","OTHER","states/US-NAT","US Partner Digital"
"9774_1779911175","2026-05-27 19:46:15","2026-06-03 19:29:18.188","9774","Fireflies","Owl City","Ocean Eyes",227,874552,40001,874550,"LIVE 99.9","CHRPOP","states/US-NAT","US Partner Digital"
"7680_1779911170","2026-05-27 19:46:10","2026-06-03 19:28:46.254","7680","Hard To Handle","The Black Crowes","Shake Your Money Maker",188,40242349,6946,40242343,"Mad Rock Nation","ROCKACTIVE","states/US-NAT","US Partner Digital"
"6296_1779911167","2026-05-27 19:46:07","2026-06-03 19:28:29.390","6296","Tongue","R.E.M.","Complete Studio Albums 1988-1996",252,39883997,3610,39883956,"Radio Heartland","ROCKALTERNATIVE","states/US-NAT","US Partner Digital"
"9200_1779911167","2026-05-27 19:46:07","2026-06-03 19:28:09.213","9200","6 Months Later","Megan Moroney","6 Months Later",182,334194615,35764910,334194614,"Knox Country","COUNTRY","TN","Country"
"11297_1779911166","2026-05-27 19:46:06","2026-06-03 19:30:13.535","11297","Kernkraft 400","Zombie Nation","Kernkraft 400 Single Mixes",366,12834893,115258,12834891,"iPartyRadio: Dance Anthems",,"states/US-NAT","US Partner Digital"
"9799_1779911164","2026-05-27 19:46:04","2026-06-03 19:29:19.204","9799","Darkness","Emily Nash feat. Charlotte Haining","Darkness",173,235632660,33152665,235632659,"Jam Hits","OTHER","states/US-NAT","US Partner Digital"
"8885_1779911160","2026-05-27 19:46:00","2026-06-03 19:29:02.929","8885","3. Notturno","Takács Quartet String Quartet","Borodin/Smetana: String Quartet No.2/String Quartet No.1 ""From My Life""",426,19040123,31330057,19040116,"YourClassical Relax","OTHER","states/US-NAT","Classical"
"8983_1779911158","2026-05-27 19:45:58","2026-06-03 19:28:02.333","8983","Is It a Crime","Mariah the Scientist & Kali Uchis","Is It a Crime",180,342669640,33233764,342669639,"The Morning Hustle",,"states/US-NAT","US Partner Digital"
"8308_1779911157","2026-05-27 19:45:57","2026-06-03 19:28:04.095","8308","21 Questions","50 Cent feat. Nate Dogg","Get Rich Or Die Tryin'",224,612300,179,612287,"FUBU Radio",,"states/US-NAT","US Partner Digital"
"9771_1779911151","2026-05-27 19:45:51","2026-06-03 19:29:17.608","9771","Space Date","Adam Beyer, Layton Giordani, Green Velvet","Space Date Remixes",548,214516714,848289,214516713,"Maxima Radio","OTHER","states/US-NAT","US Partner Digital"
"11302_1779911143","2026-05-27 19:45:43","2026-06-03 19:30:14.081","11302","Sorry... I Meant Tonight","Megan Moroney","Cloud 9",213,383134737,35764910,383134721,"County Line",,"states/US-NAT","US Partner Digital"
"10418_1779911131","2026-05-27 19:45:31","2026-06-03 19:28:12.108","10418","The Goodness","TobyMac & Blessing Offor","Life After Death",224,191744410,386996,191744408,"Christian Hits FM","OTHER","states/US-NAT","US Partner Digital"
"9425_1779911129","2026-05-27 19:45:29","2026-06-03 19:28:03.836","9425","A Love Bizarre","Sheila E.","Romance 1600",737,1049310,59275,1049307,"Bayology Radio",,"states/US-NAT","US Partner Digital"
"7548_1779911124","2026-05-27 19:45:24","2026-06-03 19:28:37.880","7548","Hey You","The Belair Lip Bombs","Again",210,340262505,36493053,340262499,"DARE FM","ROCKALTERNATIVE","states/US-NAT","US Partner Digital"
"9657_1779911117","2026-05-27 19:45:17","2026-06-03 19:28:03.589","9657","Mourning 2 Dancing","Tenroc, Tori Kelly & Jon Keith","God Is A Person",163,-1,-1,-1,"NGEN Radio","HIPHOPRNB","states/US-NAT","US Partner Digital"
"8308_1779911116","2026-05-27 19:45:16","2026-06-03 19:28:04.095","8308","100","Ella Mai","Do You Still Love Me?",234,377543303,31392361,377543301,"FUBU Radio",,"states/US-NAT","US Partner Digital"
"6227_1779911108","2026-05-27 19:45:08","2026-06-03 19:27:50.904","6227","My Boo","Usher & Alicia Keys","Confessions (Expanded Edition)",222,1797458,56557,1797440,"Hot 106.5","RNB","FL","R&B"
"10775_1779911102","2026-05-27 19:45:02","2026-06-03 19:30:09.597","10775","I See Grace","Micah Tyler","People Like Us",193,208770791,30708692,208770789,"The Light DFW",,"states/US-NAT","US Partner Digital"
"9658_1779911101","2026-05-27 19:45:01","2026-06-03 19:29:16.588","9658","Worthy","Elevation Worship","Hallelujah Here Below",371,60795311,303847,60795305,"Vida Unida, Nationwide","SPANISH","states/US-NAT","US Partner Digital"
"4776_1779911100","2026-05-27 19:45:00","2026-06-03 19:28:07.557","4776","Boom Body","Shaggy, Akon & Aidonia","Boom Body",184,360316545,27546,360316544,"Mix Nation","CHRPOP","states/US-NAT","Dance"
"11260_1779911097","2026-05-27 19:44:57","2026-06-03 19:30:13.187","11260","American Girls","Harry Styles","Kiss All The Time. Disco, Occasionally.",213,384929955,31552663,384929953,"The Juice",,"states/US-NAT","US Partner Digital"
"8888_1779911095","2026-05-27 19:44:55","2026-06-03 19:29:02.815","8888","Dance of the Tumblers from The Snow Maiden","Eugene Ormandy & Philadelphia Orchestra","Greatest Hits of the Tsar",208,2807112,199358,2803852,"YourClassical Children","OTHER","states/US-NAT","US Partner Digital"
"9481_1779911094","2026-05-27 19:44:54","2026-06-03 19:29:14.778","9481","My Lovin' (You're Never Gonna Get It)","En Vogue","Funky Divas",282,11664670,58440,11664668,"That Throwback Channel!","RNB","states/US-NAT","US Partner Digital"
"11236_1779911093","2026-05-27 19:44:53","2026-06-03 19:30:12.482","11236","Turn to Stone","Electric Light Orchestra","Out of the Blue",227,36533817,41923,36533816,"DC Sugar95",,"states/US-NAT","US Partner Digital"
"7369_1779911093","2026-05-27 19:44:53","2026-06-03 19:29:44.349","7369","Si Tú No Estás","Nicky Jam, De La Ghetto","Si Tú No Estás",218,308999414,29669,308999413,"La Mezcla Fuego","SPANISH","states/US-NAT","Spanish"
"8888_1779911092","2026-05-27 19:44:52","2026-06-03 19:29:02.815","8888","The Snow Maiden (Snegurochka): Dance of the Tumblers","Cincinnati Pops Orchestra","Rimsky-Korsakov: Orchestral Works",223,17077291,30350404,17077272,"YourClassical Children","OTHER","states/US-NAT","US Partner Digital"
"5254_1779911078","2026-05-27 19:44:38","2026-06-03 19:28:28.093","5254","Adventure of a Lifetime","Coldplay","A Head Full of Dreams",263,37210796,1648,37210791,"WHIP Radio",,"PA","Public Radio"
"7867_1779911074","2026-05-27 19:44:34","2026-06-03 19:28:50.125","7867","2 Nigs United 4 West Compton","Prince & The New Power Generation","One Nite Alone... The Aftershow: It Ain't Over! (Up Late with Prince & The NPG)",374,60273879,3403,60273875,"Purple Current","Prov_American Public Media","states/US-NAT","US Partner Digital"
"9799_1779911073","2026-05-27 19:44:33","2026-06-03 19:29:19.204","9799","House Music Is For Nerds (feat. MOTHERBOARD)","Badger","Lets ‘Av It Right!",170,338300826,178094,338300823,"Jam Hits","OTHER","states/US-NAT","US Partner Digital"
"8713_1779911072","2026-05-27 19:44:32","2026-06-03 19:28:00.735","8713","Got to Get You Into My Life","Earth, Wind & Fire","The Best Of Earth, Wind & Fire Vol. 1",243,70751047,29638,70751046,"Smooth 70s",,"states/US-NAT","US Partner Digital"
"8761_1779911069","2026-05-27 19:44:29","2026-06-03 19:29:00.796","8761","Our House","Crosby, Stills, Nash & Young","Déjà vu",180,157621611,78213,157621604,"Rewound Radio",,"states/US-NAT","US Partner Digital"
"11315_1779911065","2026-05-27 19:44:25","2026-06-03 19:30:19.292","11315","Forever (Stay Like This)","Armin van Buuren & Goodboys","Breathe In",152,247627112,32484,247627111,"The EDM Megashuffle",,"states/US-NAT","US Partner Digital"
"9925_1779911065","2026-05-27 19:44:25","2026-06-03 19:29:48.452","9925","Say It Isn't So","Daryl Hall & John Oates","Rock 'N Soul, Part 1",59,2560397,645736,2560122,"M2D2 RADIO WERP","ACHOTMODERN","states/US-NAT","US Partner Digital"
"11557_1779911061","2026-05-27 19:44:21","2026-06-03 19:30:24.834","11557","Trust","Megadeth","Warchest",311,1348551,28940,1348548,"106.7 Z-Rock",,"CA","Rock"
"9727_1779911060","2026-05-27 19:44:20","2026-06-03 19:29:17.059","9727","Boogie Nights","Heatwave","Too Hot to Handle (Expanded Edition)",303,119098867,76930,119098865,"FreeAgentSoul","RNB","states/US-NAT","US Partner Digital"
"11318_1779911059","2026-05-27 19:44:19","2026-06-03 19:30:15.106","11318","She Will","Lil Wayne & Drake","Tha Carter IV",305,64112451,39555,64112445,"DMX Radio",,"states/US-NAT","US Partner Digital"
"11297_1779911058","2026-05-27 19:44:18","2026-06-03 19:30:13.535","11297","Stay","Zedd, Alessia Cara & Tritonal","Stay",210,47739441,559055,47739435,"iPartyRadio: Dance Anthems",,"states/US-NAT","US Partner Digital"
"7099_1779911055","2026-05-27 19:44:15","2026-06-03 19:28:39.577","7099","Hanging By A Moment","Lifehouse","No Name Face",215,15196449,33218,15196448,"WAY LOUD","OTHER","states/US-NAT","US Partner Digital"
"8989_1779911050","2026-05-27 19:44:10","2026-06-03 19:29:05.633","8989","Debussy: Images, L. 118a: II. Iberia - Par les rues et par les chemins","Emmanuel Krivine","Debussy: La Mer, Images",405,55228598,275412,55228593,"K-Mozart","OTHER","states/US-NAT","US Partner Digital"
"8986_1779911047","2026-05-27 19:44:07","2026-06-03 19:28:02.699","8986","MUTT","Leon Thomas","MUTT",192,290339133,116690,290339122,"The DL Hughley Show",,"states/US-NAT","US Partner Digital"
"9903_1779911047","2026-05-27 19:44:07","2026-06-03 19:28:03.812","9903","Runnin' Outta Moonlight","Randy Houser","How Country Feels",193,374678206,40987,374678205,"Kickin' Kountry Radio","COUNTRY","states/US-NAT","US Partner Digital"
"8892_1779911046","2026-05-27 19:44:06","2026-06-03 19:29:02.764","8892","Symphony No. 5 in B-Flat Major, D.485: IV. Allegro vivace","Slovak Philharmonic Orchestra, Zdenek Kosler","Schubert: Symphony No. 5 in B-Flat Major, D.485 (Digitally Remastered)",340,31348321,30641818,31348307,"YourClassical Radio","OTHER","states/US-NAT","Classical"
"9319_1779911046","2026-05-27 19:44:06","2026-06-03 19:28:02.610","9319","Orgasmatron","Motörhead","Orgasmatron",323,376066259,39464,376066250,"KBACK Rock Radio","ROCKACTIVE","states/US-NAT","US Partner Digital"
"10465_1779911043","2026-05-27 19:44:03","2026-06-03 19:28:11.850","10465","Higher Love","Steve Winwood","Back In The High Life",350,68014372,31660,68014371,"CJ's Awesome 80s",,"states/US-NAT","US Partner Digital"
"11557_1779911033","2026-05-27 19:43:53","2026-06-03 19:30:24.834","11557","Are You Gonna Go My Way","Lenny Kravitz","Are You Gonna Go My Way",211,538742,7072,538741,"106.7 Z-Rock",,"CA","Rock"
"11178_1779911031","2026-05-27 19:43:51","2026-06-03 19:30:12.071","11178","Don't Worry Be Happy","Bobby McFerrin","Simple Pleasures",294,522550,28420,522549,"Power Hits",,"states/US-NAT","US Partner Digital"
"8989_1779911025","2026-05-27 19:43:45","2026-06-03 19:29:05.633","8989","Debussy: Images For Orchestra, L 122 - Iberia: Par Les Rues Et Par Les Chemins","Michael Tilson Thomas: San Francisco Symphony Orchestra","Debussy: Images, Jeux, La Plus Que Lente",432,-1,-1,-1,"K-Mozart","OTHER","states/US-NAT","US Partner Digital"
"9922_1779911018","2026-05-27 19:43:38","2026-06-03 19:29:48.369","9922","Fire","The Ohio Players","Fire",275,61438611,3910,61438610,"Groovy 105.7","CLASSICHITS","states/US-NAT","US Partner Digital"
"8982_1779911016","2026-05-27 19:43:36","2026-06-03 19:28:01.740","8982","MUTT","Leon Thomas","MUTT",192,290339133,116690,290339122,"Rickey Smiley Morning Show",,"states/US-NAT","US Partner Digital"
"9425_1779911014","2026-05-27 19:43:34","2026-06-03 19:28:03.836","9425","I'm In Love","Evelyn ""Champagne"" King","I'm In Love (Expanded Edition)",230,49869011,42183,49869002,"Bayology Radio",,"states/US-NAT","US Partner Digital"
"9251_1779911011","2026-05-27 19:43:31","2026-06-03 19:28:02.204","9251","Computer Love","Zapp","The New Zapp IV U",292,1021456,58808,1021454,"Hype 1 Radio",,"states/US-NAT","US Partner Digital"
"8984_1779911010","2026-05-27 19:43:30","2026-06-03 19:28:02.793","8984","When I'm With You","Sparks","Plagiarism",246,368237433,5914,368237418,"Get Up! Mornings","OTHER","states/US-NAT","US Partner Digital"
"7369_1779911008","2026-05-27 19:43:28","2026-06-03 19:29:44.349","7369","La Película","J Alvarez feat. Cosculluela","De Camino Pa' la Cima Reloaded 2.0",241,30639227,23187,30639208,"La Mezcla Fuego","SPANISH","states/US-NAT","Spanish"
"9339_1779911008","2026-05-27 19:43:28","2026-06-03 19:29:13.609","9339","Heat","Chris Brown feat. Gunna","Heat",232,75034636,33210,75034635,"DJ KIDNU RADIO","HIPHOPRNB","states/US-NAT","US Partner Digital"
"7869_1779911007","2026-05-27 19:43:27","2026-06-03 19:28:51.831","7869","Made For More","Josh Baldwin featuring Jenn Johnson","Made For More (Live)",372,246608385,30062108,246608378,"Family Life Radio","OTHER","states/US-NAT","US Partner Digital"
"11301_1779911006","2026-05-27 19:43:26","2026-06-03 19:30:14.274","11301","Better That Way","Charles Wesley Godwin & Luke Combs","Better That Way",225,400953410,32690936,400953409,"99.5 THE STAR",,"states/US-NAT","US Partner Digital"
"7742_1779911003","2026-05-27 19:43:23","2026-06-03 19:28:46.523","7742","A Ceremony of Carols, Op. 28: No. 8, Interlude","Grace Cloutier","Ceremony of Carols",256,381363340,296485,381363332,"Christmas by Classical KING","OTHER","states/US-NAT","US Partner Digital"
"8995_1779911002","2026-05-27 19:43:22","2026-06-03 19:29:05.531","8995","Tell Me Something Good","Rufus & Chaka Khan","Rags To Rufus",277,678145,30406664,678143,"That 70's Channel","CLASSICHITS","states/US-NAT","US Partner Digital"
"11299_1779910992","2026-05-27 19:43:12","2026-06-03 19:30:13.758","11299","Let It Be","Mat and Savanna Shaw","Picture This",216,286487055,38178192,286487046,"LA NUEVA, RADIO",,"states/US-NAT","US Partner Digital"
"8885_1779910991","2026-05-27 19:43:11","2026-06-03 19:29:02.929","8885","Stonehenge","Ylvis","Stonehenge",233,64675843,947769,64675842,"YourClassical Relax","OTHER","states/US-NAT","Classical"
"9657_1779910989","2026-05-27 19:43:09","2026-06-03 19:28:03.589","9657","Can't Stop Me Now","Derek Minor","Resist The System! [EP]",127,-1,-1,-1,"NGEN Radio","HIPHOPRNB","states/US-NAT","US Partner Digital"
"9658_1779910986","2026-05-27 19:43:06","2026-06-03 19:29:16.588","9658","Digno (Worthy)","Elevation Worship","Aleluya (En La Tierra)",378,74725569,303847,74725562,"Vida Unida, Nationwide","SPANISH","states/US-NAT","US Partner Digital"
"4776_1779910975","2026-05-27 19:42:55","2026-06-03 19:28:07.557","4776","How We Do","The Game feat. 50 Cent","How We Do",235,70261437,30419751,70261436,"Mix Nation","CHRPOP","states/US-NAT","Dance"
"8884_1779910973","2026-05-27 19:42:53","2026-06-03 19:28:01.486","8884","John Williams: The Cowboys: Overture","Boston Pops Orchestra, John Williams","Pops Around The World",538,27130231,136372,27130226,"YourClassical Concert Band","OTHER","states/US-NAT","US Partner Digital"
"8308_1779910970","2026-05-27 19:42:50","2026-06-03 19:28:04.095","8308","Ever Since U Left Me (I Went Deaf)","French Montana & Max B","Coke Wave 3.5: Narcos",136,368622141,281545,368622136,"FUBU Radio",,"states/US-NAT","US Partner Digital"
"8884_1779910969","2026-05-27 19:42:49","2026-06-03 19:28:01.486","8884","The Cowboys","John Williams","Great Composers - John Williams",140,-1,-1,-1,"YourClassical Concert Band","OTHER","states/US-NAT","US Partner Digital"
"6295_1779910968","2026-05-27 19:42:48","2026-06-03 19:28:29.608","6295","Magic Bus","The Who","20th Century Masters: The Millennium Collection: Best Of The Who",195,61428591,3800,61428587,"Rock the Cradle","Prov_American Public Media","states/US-NAT","US Partner Digital"
"8891_1779910963","2026-05-27 19:42:43","2026-06-03 19:28:01.011","8891","雨落翌日","鞦韆","北溫帶的確幸",165,-1,-1,-1,"YourClassical Women's History","OTHER","states/US-NAT","US Partner Digital"
"9658_1779910960","2026-05-27 19:42:40","2026-06-03 19:29:16.588","9658","Digno (Worthy)","Elevation Worship","Aleluya (En La Tierra)",378,74725569,303847,74725562,"Vida Unida, Nationwide","SPANISH","states/US-NAT","US Partner Digital"
"11461_1779910948","2026-05-27 19:42:28","2026-06-03 19:30:19.408","11461","Juttele mulle","Vesta","Uskon tulevaan",204,161853820,3444,161853810,"DogSled African Radio",,"states/US-NAT","US Partner Digital"
"9774_1779910936","2026-05-27 19:42:16","2026-06-03 19:29:18.188","9774","Bad Dreams","Teddy Swims","I've Tried Everything But Therapy (Part 2)",184,307820623,32982679,307820619,"LIVE 99.9","CHRPOP","states/US-NAT","US Partner Digital"
"9771_1779910932","2026-05-27 19:42:12","2026-06-03 19:29:17.608","9771","Forever","ZULAN","Forever",158,322819035,46057300,322819034,"Maxima Radio","OTHER","states/US-NAT","US Partner Digital"
"11378_1779910927","2026-05-27 19:42:07","2026-06-03 19:30:16.129","11378","Zakhmi Prinde","Satveer Sran","Yaaran De Yaar",322,-1,-1,-1,"GROOVY FM",,"states/US-NAT","US Partner Digital"
"9200_1779910924","2026-05-27 19:42:04","2026-06-03 19:28:09.213","9200","How Far Does A Goodbye Go","Jason Aldean","How Far Does A Goodbye Go",235,376294807,369639,376294806,"Knox Country","COUNTRY","TN","Country"
"10636_1779910923","2026-05-27 19:42:03","2026-06-03 19:28:12.352","10636","Weight Of It All","Handsome Ghost","Steps",205,31008829,30386391,31008808,"98.3 BPME ""The Sound""",,"states/US-NAT","US Partner Digital"
"7226_1779910922","2026-05-27 19:42:02","2026-06-03 19:28:01.943","7226","Bach: Brandenburg Concerto #6 In B Flat, BWV 1051 - 3. Allegro","Trevor Pinnock: European Brandenburg Ensemble","Bach: Six Concertos for the Margrave of Brandenburg [Disc 2]",324,-1,-1,-1,"CPR Classical",,"states/US-NAT","US Partner Digital"
"9889_1779910922","2026-05-27 19:42:02","2026-06-03 19:29:19.552","9889","El Columpio","Los Rieleros del Norte","Invencible",201,748785,39584,748784,"La Invasora 94.7","SPANISH","states/US-NAT","US Partner Digital"
"9737_1779910921","2026-05-27 19:42:01","2026-06-03 19:29:17.154","9737","Chickenhead","Project Pat feat. Three 6 Mafia, La Chat","Mista Don't Play: Everythangs Workin",252,184123406,58522,184123405,"Press Play Radio","HIPHOPRNB","states/US-NAT","US Partner Digital"
"7680_1779910920","2026-05-27 19:42:00","2026-06-03 19:28:46.254","7680","Sister Christian","Night Ranger","Midnight Madness",302,640882,2904,640878,"Mad Rock Nation","ROCKACTIVE","states/US-NAT","US Partner Digital"
"7369_1779910914","2026-05-27 19:41:54","2026-06-03 19:29:44.349","7369","Quiero Olvidar","J Alvarez","Top Hits",210,104717986,23187,104717982,"La Mezcla Fuego","SPANISH","states/US-NAT","Spanish"
"11461_1779910913","2026-05-27 19:41:53","2026-06-03 19:30:19.408","11461","Only God Can Judge Me","Shy Glizzy","Young Jefe 3",203,111625151,30403046,111625142,"DogSled African Radio",,"states/US-NAT","US Partner Digital"
"11260_1779910912","2026-05-27 19:41:52","2026-06-03 19:30:13.187","11260","Feather","Sabrina Carpenter","emails i can’t send fwd:",185,208634878,553828,208634863,"The Juice",,"states/US-NAT","US Partner Digital"
"11248_1779910912","2026-05-27 19:41:52","2026-06-03 19:30:13.260","11248","Fire! Fire! (Death of a Giant)","Black Space Riders","AMORETUM, Vol.1",353,167485757,356680,167485750,"KPOP 24.7 NuWaaV RADIO",,"states/US-NAT","US Partner Digital"
"9035_1779910912","2026-05-27 19:41:52","2026-06-03 19:29:06.531","9035","R U Down?","Loud Luxury","R U Down? [Single]",213,-1,-1,-1,"Nexus Radio","OTHER","states/US-NAT","US Partner Digital"
"11297_1779910904","2026-05-27 19:41:44","2026-06-03 19:30:13.535","11297","Tell Me Why","Supermode","Tell Me Why",173,104994358,89846,104994357,"iPartyRadio: Dance Anthems",,"states/US-NAT","US Partner Digital"
"4776_1779910903","2026-05-27 19:41:43","2026-06-03 19:28:07.557","4776","Chun-Li","Nicki Minaj","Queen",191,65501505,372266,65501495,"Mix Nation","CHRPOP","states/US-NAT","Dance"
"8713_1779910900","2026-05-27 19:41:40","2026-06-03 19:28:00.735","8713","Tighter, Tighter","Alive 'N Kickin'","Alive 'N Kickin'",168,1038181,59052,1038180,"Smooth 70s",,"states/US-NAT","US Partner Digital"
"11315_1779910895","2026-05-27 19:41:35","2026-06-03 19:30:19.292","11315","terms and conditions","Bl3ss","terms and conditions",151,396010804,33751247,396010803,"The EDM Megashuffle",,"states/US-NAT","US Partner Digital"
"11314_1779910895","2026-05-27 19:41:35","2026-06-03 19:30:20.873","11314","Barrel Of A Gun","Depeche Mode","Ultra",335,263029238,2151,263029237,"Alt Rock Variety MEGASHUFFLE",,"states/US-NAT","US Partner Digital"
"11298_1779910894","2026-05-27 19:41:34","2026-06-03 19:30:13.831","11298","In the Meantime","Spacehog","Resident Alien",297,1049372,59278,1049371,"102 The Cube",,"states/US-NAT","US Partner Digital"
"9481_1779910894","2026-05-27 19:41:34","2026-06-03 19:29:14.778","9481","Cloud Nine","The Temptations","My Girl",213,20104257,39740,20104250,"That Throwback Channel!","RNB","states/US-NAT","US Partner Digital"
"9493_1779910892","2026-05-27 19:41:32","2026-06-03 19:29:15.187","9493","Beat the Devil's Tattoo","Black Rebel Motorcycle Club","Beat The Devil's Tattoo",225,5225867,30871,5225866,"Cadena SER","SPANISH","states/US-NAT","Spanish"
"8983_1779910883","2026-05-27 19:41:23","2026-06-03 19:28:02.333","8983","It Depends (The Remix)","Chris Brown feat. Bryson Tiller, Usher","It Depends (The Remix)",294,355225027,33210,355225026,"The Morning Hustle",,"states/US-NAT","US Partner Digital"
"9034_1779910879","2026-05-27 19:41:19","2026-06-03 19:29:06.157","9034","I Want Her","Keith Sweat","Make It Last Forever",360,41666797,58434,41666793,"108 SOUL","RNB","states/US-NAT","US Partner Digital"
"9799_1779910877","2026-05-27 19:41:17","2026-06-03 19:29:19.204","9799","Till We Meet Again","Pṳsh","A State Of Trance Classics, Vol. 7 (The Full Unmixed Versions)",512,338315008,40788740,338314986,"Jam Hits","OTHER","states/US-NAT","US Partner Digital"
"11318_1779910872","2026-05-27 19:41:12","2026-06-03 19:30:15.106","11318","La Raza","Kid Frost","Hispanic Causing Panic",208,551458,38637,551457,"DMX Radio",,"states/US-NAT","US Partner Digital"
"7097_1779910872","2026-05-27 19:41:12","2026-06-03 19:27:56.844","7097","Anon: Beatissimae","The Monks Of Norcia","Benedicta - Marian Chant From Norcia",222,-1,-1,-1,"EWTN Radio Catolica Mundial","OTHER","states/US-NAT","US Partner Digital"
"10419_1779910871","2026-05-27 19:41:11","2026-06-03 19:28:16.743","10419","Personal Jesus","Depeche Mode","Violator",295,263029206,2151,263029203,"THAT 80's CHANNEL",,"states/US-NAT","US Partner Digital"
"9425_1779910865","2026-05-27 19:41:05","2026-06-03 19:28:03.836","9425","Rigor Mortis","Cameo","Cardiac Arrest",324,19863946,39409,19863940,"Bayology Radio",,"states/US-NAT","US Partner Digital"
"10418_1779910863","2026-05-27 19:41:03","2026-06-03 19:28:12.108","10418","Thank You","Ben Rector","The Joy Of Music",238,-1,-1,-1,"Christian Hits FM","OTHER","states/US-NAT","US Partner Digital"
"7867_1779910860","2026-05-27 19:41:00","2026-06-03 19:28:50.125","7867","River Deep - Mountain High","Ike & Tina Turner","River Deep-Mountain High",218,12956180,554,12956179,"Purple Current","Prov_American Public Media","states/US-NAT","US Partner Digital"
"8987_1779910860","2026-05-27 19:41:00","2026-06-03 19:28:01.865","8987","Lord You Are Good","Todd Galberth","Decrease",477,-1,-1,-1,"Willie Moore Jr. Show","OTHER","states/US-NAT","US Partner Digital"
"10176_1779910859","2026-05-27 19:40:59","2026-06-03 19:28:11.746","10176","I Always Knew","Danny Bensi and Saunder Jurriaans","The Staircase (Soundtrack from the HBO® Max Limited Original Series)",92,171049009,30327198,171048995,"Rewind from Family Life","OTHER","states/US-NAT","US Partner Digital"
"8984_1779910859","2026-05-27 19:40:59","2026-06-03 19:28:02.793","8984","Lord You Are Good","Todd Galberth","Decrease",477,-1,-1,-1,"Get Up! Mornings","OTHER","states/US-NAT","US Partner Digital"
"8905_1779910858","2026-05-27 19:40:58","2026-06-03 19:29:03.034","8905","She's Always a Woman","Billy Joel","The Stranger",201,2516886,4684,2516642,"Carolina Gold 93.9 & 106.3","CLASSICHITS","states/US-NAT","US Partner Digital"
"11236_1779910857","2026-05-27 19:40:57","2026-06-03 19:30:12.482","11236","Heaven Is A Place On Earth","Belinda Carlisle","Heaven On Earth",247,680800,33520,680792,"DC Sugar95",,"states/US-NAT","US Partner Digital"
"6155_1779910848","2026-05-27 19:40:48","2026-06-03 19:28:29.405","6155","Biketoberfest","Nep","Noelle",230,350754829,918856,350754826,"New Sounds",,"states/US-NAT","US Partner Digital"
"9903_1779910848","2026-05-27 19:40:48","2026-06-03 19:28:03.812","9903","The Fall","Cody Johnson","Leather Deluxe Edition",197,296272055,368890,296272041,"Kickin' Kountry Radio","COUNTRY","states/US-NAT","US Partner Digital"
"6227_1779910845","2026-05-27 19:40:45","2026-06-03 19:27:50.904","6227","Keep Ya Head Up","2Pac","Strictly For My N****Z",262,14306089,39257,14306077,"Hot 106.5","RNB","FL","R&B"
"7742_1779910839","2026-05-27 19:40:39","2026-06-03 19:28:46.523","7742","Mozart: Musical Sleighride No. 3 In C K605","Boston Pops Orchestra, Arthur Fiedler","A Christmas Festival",171,757632,136372,757629,"Christmas by Classical KING","OTHER","states/US-NAT","US Partner Digital"
"11178_1779910832","2026-05-27 19:40:32","2026-06-03 19:30:12.071","11178","In the Summertime (Candy Store Mix)","Mungo Jerry","In the Summertime All over the World",212,25887212,14038,25887211,"Power Hits",,"states/US-NAT","US Partner Digital"
"9922_1779910826","2026-05-27 19:40:26","2026-06-03 19:29:48.369","9922","Touch Me","The Doors","The Soft Parade",192,1074254,58402,1074252,"Groovy 105.7","CLASSICHITS","states/US-NAT","US Partner Digital"
"9570_1779910824","2026-05-27 19:40:24","2026-06-03 19:28:03.535","9570","Clair","Gilbert O'Sullivan","Back to Front",181,374505236,119645,374505233,"Oldies.Gold","CLASSICHITS","states/US-NAT","US Partner Digital"
"9772_1779910822","2026-05-27 19:40:22","2026-06-03 19:29:17.886","9772","98.6","Keith","98.6 / Ain't Gonna Lie",187,46361530,14963,46361529,"Traklife Radio","ACHOTMODERN","states/US-NAT","US Partner Digital"
"10629_1779910813","2026-05-27 19:40:13","2026-06-03 19:30:03.195","10629","Angels from the Realms of Glory","The Piano Guys feat. David Archuleta & Peter Hollens","Christmas Together",245,50791545,723067,50791544,"That Christmas Channel",,"states/US-NAT","US Partner Digital"
"4776_1779910813","2026-05-27 19:40:13","2026-06-03 19:28:07.557","4776","Badd","Ying Yang Twins feat. Mike Jones, Mr. Collipark","U.S.A. (United State of Atlanta)",224,2316066,1886,2316033,"Mix Nation","CHRPOP","states/US-NAT","Dance"
"8883_1779910813","2026-05-27 19:40:13","2026-06-03 19:29:02.383","8883","Dark Song (Nuvole Bianche)","Jeick Abrego","Loveless",334,-1,-1,-1,"YourClassical Peaceful Piano","OTHER","states/US-NAT","Classical"
"9339_1779910812","2026-05-27 19:40:12","2026-06-03 19:29:13.609","9339","MUTT","Leon Thomas","MUTT",192,290339133,116690,290339122,"DJ KIDNU RADIO","HIPHOPRNB","states/US-NAT","US Partner Digital"
"9319_1779910811","2026-05-27 19:40:11","2026-06-03 19:28:02.610","9319","Freeze-Frame","J. Geils Band","Freeze Frame",237,552159,36140,552158,"KBACK Rock Radio","ROCKACTIVE","states/US-NAT","US Partner Digital"
"8986_1779910807","2026-05-27 19:40:07","2026-06-03 19:28:02.699","8986","One Wish","Tion Phipps","One Wish",226,-1,-1,-1,"The DL Hughley Show",,"states/US-NAT","US Partner Digital"
"11241_1779910805","2026-05-27 19:40:05","2026-06-03 19:30:12.641","11241","Hollywood Nights","Bob Seger","Stranger In Town",299,48054786,86960,48054785,"93QFM",,"states/US-NAT","US Partner Digital"
"9034_1779910801","2026-05-27 19:40:01","2026-06-03 19:29:06.157","9034","Dle Yaman (116 Deep Mix)","Hraach","Dle Yaman (116 Deep Mix) [Single]",438,-1,-1,-1,"108 SOUL","RNB","states/US-NAT","US Partner Digital"
"9806_1779910799","2026-05-27 19:39:59","2026-06-03 19:28:04.074","9806","Say It Ain't So","Weezer","Weezer",258,712013,15720,712009,"AlternativeRadio.us","ROCKALTERNATIVE","states/US-NAT","US Partner Digital"
"10636_1779910798","2026-05-27 19:39:58","2026-06-03 19:28:12.352","10636","One In A Million","Aaliyah","One In A Million",270,289991046,120430,289991043,"98.3 BPME ""The Sound""",,"states/US-NAT","US Partner Digital"
"6600_1779910796","2026-05-27 19:39:56","2026-06-03 19:28:37.575","6600","Chopin: Cello Sonata In G Minor, Op. 65 - 3. Largo ""Souvenir"" (Arr. Schmidt For Cello & String Quartet)","Camille Thomas, Wolfgang Emanuel Schmidt, Indira Koch, Friedemann Eichhorn & Alexia Eichhorn","The Chopin Project : The Franchomme Legacy",263,-1,-1,-1,"Calm by Classical KING","OTHER","states/US-NAT","US Partner Digital"
"11240_1779910795","2026-05-27 19:39:55","2026-06-03 19:30:12.542","11240","Stuff Like That","Quincy Jones feat. Nickolas Ashford, Valerie Simpson, Chaka Khan","Sounds... And Stuff Like That!",377,652397,3918,652392,"Soul Radio Coast2coast",,"states/US-NAT","US Partner Digital"
"10092_1779910790","2026-05-27 19:39:50","2026-06-03 19:28:11.015","10092","That Jazz Feling [Extended Mix]","T.Markakis","That Jazz Feeling [Single]",349,-1,-1,-1,"EDM Beats",,"states/US-NAT","US Partner Digital"
"10465_1779910786","2026-05-27 19:39:46","2026-06-03 19:28:11.850","10465","Sweet Dreams (Are Made of This)","Eurythmics, Annie Lennox, Dave Stewart","Sweet Dreams (Are Made Of This)",216,9037682,76639,9037677,"CJ's Awesome 80s",,"states/US-NAT","US Partner Digital"
"9657_1779910784","2026-05-27 19:39:44","2026-06-03 19:28:03.589","9657","WHO I WAS","NF & mgk","WHO I WAS",180,360088643,958998,360088642,"NGEN Radio","HIPHOPRNB","states/US-NAT","US Partner Digital"
"6295_1779910781","2026-05-27 19:39:41","2026-06-03 19:28:29.608","6295","So. Central Rain","R.E.M.","Reckoning",195,683301,3610,683299,"Rock the Cradle","Prov_American Public Media","states/US-NAT","US Partner Digital"
"7548_1779910781","2026-05-27 19:39:41","2026-06-03 19:28:37.880","7548","Minority","Green Day","Warning",168,2450536,633,2450525,"DARE FM","ROCKALTERNATIVE","states/US-NAT","US Partner Digital"
"8135_1779910781","2026-05-27 19:39:41","2026-06-03 19:27:57.681","8135","For the First Time","William Prince","Further From the Country",209,338047387,30990122,338047385,"Folk Alley Fresh Cuts",,"states/US-NAT","US Partner Digital"
"1713_1779910775","2026-05-27 19:39:35","2026-06-03 11:46:45.323","1713","Desperado","Eagles","Desperado",213,21834525,59842,21834520,"NewsRadio 700 WLW","NEWSTALK","OH","News & Talk"
"9251_1779910774","2026-05-27 19:39:34","2026-06-03 19:28:02.204","9251","Tender Love","The Force M.D.'s","Chillin'",238,50849290,59254,50849284,"Hype 1 Radio",,"states/US-NAT","US Partner Digital"
"11461_1779910769","2026-05-27 19:39:29","2026-06-03 19:30:19.408","11461","TaTaTa (feat. Travis Scott)","Burna Boy","No Sign of Weakness",150,338493629,837492,338493624,"DogSled African Radio",,"states/US-NAT","US Partner Digital"
"9799_1779910765","2026-05-27 19:39:25","2026-06-03 19:29:19.204","9799","Radio (feat. Trippie Redd, Jessica Baio & KABU)","Steve Aoki, Trippie Redd, Jessica Baio & KABU","UNSAID",148,327153147,198788,327153134,"Jam Hits","OTHER","states/US-NAT","US Partner Digital"
"11299_1779910757","2026-05-27 19:39:17","2026-06-03 19:30:13.758","11299","Someone You Loved","Lewis Capaldi","Divinely Uninspired To A Hellish Extent",181,84013330,31525506,84013326,"LA NUEVA, RADIO",,"states/US-NAT","US Partner Digital"
"8982_1779910747","2026-05-27 19:39:07","2026-06-03 19:28:01.740","8982","One Wish","Ray J","Raydiation",337,209153661,115220,209153657,"Rickey Smiley Morning Show",,"states/US-NAT","US Partner Digital"
"11302_1779910746","2026-05-27 19:39:06","2026-06-03 19:30:14.081","11302","Favorite Country Song","HARDY","COUNTRY! COUNTRY! COUNTRY!",192,352080441,33479016,352080439,"County Line",,"states/US-NAT","US Partner Digital"
"5254_1779910740","2026-05-27 19:39:00","2026-06-03 19:28:28.093","5254","Massive","Drake","Honestly, Nevermind",336,172395521,44512,172395513,"WHIP Radio",,"PA","Public Radio"
"8883_1779910728","2026-05-27 19:38:48","2026-06-03 19:29:02.383","8883","2. Andante","Julius Katchen","Brahms: Works for Solo Piano",340,19296406,30089194,19296397,"YourClassical Peaceful Piano","OTHER","states/US-NAT","Classical"
"8761_1779910726","2026-05-27 19:38:46","2026-06-03 19:29:00.796","8761","Can't You Hear My Heartbeat","Herman's Hermits","Herman's Hermits Retrospective",130,643573,3540,643566,"Rewound Radio",,"states/US-NAT","US Partner Digital"
"9737_1779910725","2026-05-27 19:38:45","2026-06-03 19:29:17.154","9737","LOYAL (feat. Drake)","PARTYNEXTDOOR","PARTYMOBILE",197,198110816,905201,198110811,"Press Play Radio","HIPHOPRNB","states/US-NAT","US Partner Digital"
"9727_1779910719","2026-05-27 19:38:39","2026-06-03 19:29:17.059","9727","Glow","Rick James","Glow",343,61380562,39853,61380557,"FreeAgentSoul","RNB","states/US-NAT","US Partner Digital"
"8995_1779910718","2026-05-27 19:38:38","2026-06-03 19:29:05.531","8995","Fantasy","Earth, Wind & Fire","All 'N All",276,17790145,29638,17790142,"That 70's Channel","CLASSICHITS","states/US-NAT","US Partner Digital"
"8905_1779910714","2026-05-27 19:38:34","2026-06-03 19:29:03.034","8905","Duke of Earl","Gene Chandler","The Duke Of Earl",147,28885770,5208,28885765,"Carolina Gold 93.9 & 106.3","CLASSICHITS","states/US-NAT","US Partner Digital"
"11314_1779910711","2026-05-27 19:38:31","2026-06-03 19:30:20.873","11314","The Shade","Metric","Pagans in Vegas",216,156476846,41064,156476843,"Alt Rock Variety MEGASHUFFLE",,"states/US-NAT","US Partner Digital"
"11297_1779910704","2026-05-27 19:38:24","2026-06-03 19:30:13.535","11297","Infinity 2008","Guru Josh Project","Infinity 2008",191,96112901,195113,96112898,"iPartyRadio: Dance Anthems",,"states/US-NAT","US Partner Digital"
"9200_1779910693","2026-05-27 19:38:13","2026-06-03 19:28:09.213","9200","Tim McGraw","Taylor Swift","Taylor Swift",234,822821,33221,822816,"Knox Country","COUNTRY","TN","Country"
"11298_1779910684","2026-05-27 19:38:04","2026-06-03 19:30:13.831","11298","Da Da Da ich lieb dich nicht du liebst mich nicht aha aha aha","Trio","Trio",392,154898397,30400786,154898389,"102 The Cube",,"states/US-NAT","US Partner Digital"
"11382_1779910680","2026-05-27 19:38:00","2026-06-03 19:30:16.645","11382","Ecstasy","Dreezy feat. Jeremih","Big Dreez",186,68202678,956312,68202673,"Weston World One",,"states/US-NAT","US Partner Digital"
"11315_1779910678","2026-05-27 19:37:58","2026-06-03 19:30:19.292","11315","Kanye","The Chainsmokers & SirenXX","Kanye",229,27543053,820651,27543052,"The EDM Megashuffle",,"states/US-NAT","US Partner Digital"
"8308_1779910678","2026-05-27 19:37:58","2026-06-03 19:28:04.095","8308","Two Six","J. Cole","The Fall-Off",195,379622501,750791,379622499,"FUBU Radio",,"states/US-NAT","US Partner Digital"
"11260_1779910677","2026-05-27 19:37:57","2026-06-03 19:30:13.187","11260","Folded","Kehlani","Folded",237,344806810,30808392,344806809,"The Juice",,"states/US-NAT","US Partner Digital"
"7680_1779910677","2026-05-27 19:37:57","2026-06-03 19:28:46.254","7680","Otherside","Red Hot Chili Peppers","Californication",255,1051750,6771,1051746,"Mad Rock Nation","ROCKACTIVE","states/US-NAT","US Partner Digital"
"11557_1779910676","2026-05-27 19:37:56","2026-06-03 19:30:24.834","11557","Undone - The Sweater Song","Weezer","Weezer",305,712014,15720,712009,"106.7 Z-Rock",,"CA","Rock"
"4776_1779910675","2026-05-27 19:37:55","2026-06-03 19:28:07.557","4776","Slip N Slide","Jonn Hart (feat. Kid Ink)","Cool Kid Cartel Collection",191,47416290,30432575,47416289,"Mix Nation","CHRPOP","states/US-NAT","Dance"
"8982_1779910673","2026-05-27 19:37:53","2026-06-03 19:28:01.740","8982","Passin' Me By","The Pharcyde","Bizarre Ride II The Pharcyde",301,28187191,4980,28187179,"Rickey Smiley Morning Show",,"states/US-NAT","US Partner Digital"
"9425_1779910671","2026-05-27 19:37:51","2026-06-03 19:28:03.836","9425","Blame It on the Boogie","The Jacksons","Destiny",213,125045904,31802991,125045903,"Bayology Radio",,"states/US-NAT","US Partner Digital"
"9925_1779910668","2026-05-27 19:37:48","2026-06-03 19:29:48.452","9925","Heaven","Bryan Adams","Reckless",243,29568927,39547,29568923,"M2D2 RADIO WERP","ACHOTMODERN","states/US-NAT","US Partner Digital"
"10629_1779910665","2026-05-27 19:37:45","2026-06-03 19:30:03.195","10629","It's the Most Wonderful Time of the Year","Andy Williams","The Classic Christmas Album",153,23451789,16425,23451612,"That Christmas Channel",,"states/US-NAT","US Partner Digital"
"6296_1779910653","2026-05-27 19:37:33","2026-06-03 19:28:29.390","6296","Life Is Beautiful","Keb' Mo'","Suitcase",256,1802521,23372,1802509,"Radio Heartland","ROCKALTERNATIVE","states/US-NAT","US Partner Digital"
"10344_1779910637","2026-05-27 19:37:17","2026-06-03 19:28:16.507","10344","Good Times","Chic","Risqué",488,64975321,2681,64975320,"Real Oldies Music Radio",,"states/US-NAT","US Partner Digital"
"8883_1779910636","2026-05-27 19:37:16","2026-06-03 19:29:02.383","8883","Call It Off","Tegan and Sara","The Con",141,1062672,742157,1062658,"YourClassical Peaceful Piano","OTHER","states/US-NAT","Classical"
"11300_1779910635","2026-05-27 19:37:15","2026-06-03 19:30:13.568","11300","Move On","Kevin Powers & Shaboozey","Move On",190,348079739,32931676,348079738,"99.5 THE GULF",,"states/US-NAT","US Partner Digital"
"7369_1779910634","2026-05-27 19:37:14","2026-06-03 19:29:44.349","7369","LA CANCIÓN","J. Balvin & Bad Bunny","OASIS",242,75499951,612002,75499946,"La Mezcla Fuego","SPANISH","states/US-NAT","Spanish"
"8713_1779910634","2026-05-27 19:37:14","2026-06-03 19:28:00.735","8713","Sara","Fleetwood Mac","Tusk",279,1058272,7046,1058267,"Smooth 70s",,"states/US-NAT","US Partner Digital"
"10419_1779910633","2026-05-27 19:37:13","2026-06-03 19:28:16.743","10419","Lean on Me","Club Nouveau","Life, Love & Pain",356,51391698,38095,51391695,"THAT 80's CHANNEL",,"states/US-NAT","US Partner Digital"
"11318_1779910631","2026-05-27 19:37:11","2026-06-03 19:30:15.106","11318","Set It Off","Boosie Badazz","Bad Azz (Chopped & Screwed)",286,261960092,30393643,261960073,"DMX Radio",,"states/US-NAT","US Partner Digital"
"10092_1779910625","2026-05-27 19:37:05","2026-06-03 19:28:11.015","10092","Don't Start Now","Dua Lipa","Future Nostalgia",182,125499785,30983282,125499783,"EDM Beats",,"states/US-NAT","US Partner Digital"
"8887_1779910622","2026-05-27 19:37:02","2026-06-03 19:29:04.827","8887","Andante","Hélène Grimaud","Chopin / Rachmaninov: Piano Sonatas",295,19153960,30306744,19153952,"YourClassical Sleep","OTHER","states/US-NAT","Classical"
"6227_1779910621","2026-05-27 19:37:01","2026-06-03 19:27:50.904","6227","Pressha","Jill Scott","Pressha",256,372361795,44519,372361794,"Hot 106.5","RNB","FL","R&B"
"7097_1779910621","2026-05-27 19:37:01","2026-06-03 19:27:56.844","7097","Anon: Nihil Inquinatum","The Monks Of Norcia","Benedicta - Marian Chant From Norcia",267,-1,-1,-1,"EWTN Radio Catolica Mundial","OTHER","states/US-NAT","US Partner Digital"
"9799_1779910609","2026-05-27 19:36:49","2026-06-03 19:29:19.204","9799","Rush","Troye Sivan","Rush (feat. PinkPantheress & Hyunjin of Stray Kids)",155,231408875,883862,231408873,"Jam Hits","OTHER","states/US-NAT","US Partner Digital"
"9035_1779910608","2026-05-27 19:36:48","2026-06-03 19:29:06.531","9035","Beethoven: Symphony #2 In D, Op. 36 - 3. Scherzo","Osmo Vänskä: Minnesota Orchestra","Beethoven: Symphonies #2 & 7",227,-1,-1,-1,"Nexus Radio","OTHER","states/US-NAT","US Partner Digital"
"9774_1779910607","2026-05-27 19:36:47","2026-06-03 19:29:18.188","9774","Elizabeth Taylor","Taylor Swift","The Life of a Showgirl",207,353381095,33221,353381093,"LIVE 99.9","CHRPOP","states/US-NAT","US Partner Digital"
"9903_1779910606","2026-05-27 19:36:46","2026-06-03 19:28:03.812","9903","Hard Fought Hallelujah (Single Version)","Brandon Lake & Jelly Roll","Hard Fought Hallelujah (with Jelly Roll)",223,315577492,31186772,315577490,"Kickin' Kountry Radio","COUNTRY","states/US-NAT","US Partner Digital"
"10092_1779910593","2026-05-27 19:36:33","2026-06-03 19:28:11.015","10092","Don't Start Now","Dua Lipa","Future Nostalgia",182,125499785,30983282,125499783,"EDM Beats",,"states/US-NAT","US Partner Digital"
"9739_1779910592","2026-05-27 19:36:32","2026-06-03 19:29:16.852","9739","Nightrain","Guns N' Roses","Appetite For Destruction",268,58560987,39143,58560984,"The Rock Vault","ROCKCLASSIC","states/US-NAT","US Partner Digital"
"10174_1779910584","2026-05-27 19:36:24","2026-06-03 19:28:10.717","10174","Where Would I Be","Peter Burton & Matthew West","Where Would I Be",192,361609724,42743126,361609723,"Family Life Now","OTHER","states/US-NAT","US Partner Digital"
"11301_1779910583","2026-05-27 19:36:23","2026-06-03 19:30:14.274","11301","Summer Breeze","Keith Urban","Summer Breeze",239,397249459,28475,397249458,"99.5 THE STAR",,"states/US-NAT","US Partner Digital"
"11461_1779910581","2026-05-27 19:36:21","2026-06-03 19:30:19.408","11461","Angelina","Johnny Drille & Fireboy DML","Before The Morning Light",179,400939956,31036184,400939946,"DogSled African Radio",,"states/US-NAT","US Partner Digital"
"11236_1779910579","2026-05-27 19:36:19","2026-06-03 19:30:12.482","11236","Let It Whip","Dazz Band","Keep It Live",280,75653805,7404,75653804,"DC Sugar95",,"states/US-NAT","US Partner Digital"
"10465_1779910575","2026-05-27 19:36:15","2026-06-03 19:28:11.850","10465","Mercedes Boy","Pebbles","Pebbles",295,688229,42158,688220,"CJ's Awesome 80s",,"states/US-NAT","US Partner Digital"
"8989_1779910575","2026-05-27 19:36:15","2026-06-03 19:29:05.633","8989","Debussy: Images For Orchestra, L 122 - Gigues","Michael Tilson Thomas: San Francisco Symphony Orchestra","Debussy: Images, Jeux, La Plus Que Lente",446,-1,-1,-1,"K-Mozart","OTHER","states/US-NAT","US Partner Digital"
"11384_1779910571","2026-05-27 19:36:11","2026-06-03 19:30:17.042","11384","Percy Tau (feat. Nobantu Vilakazi and 9umba)","Kamo Mphela","Nkulunkulu",365,178789163,33723918,178789159,"DJ Babydoll Radio",,"states/US-NAT","US Partner Digital"
"8886_1779910561","2026-05-27 19:36:01","2026-06-03 19:28:00.663","8886","1. Allegro vivace assai","Emerson String Quartet","Mozart, W.A.: String Quartets K. 458 ""Hunt""; K. 465 ""Dissonance"" / Haydn, J.: String Quartet, Op.76 No.3 ""Emperor""",505,19295175,1020,19295174,"YourClassical Chamber Music","OTHER","states/US-NAT","US Partner Digital"
"8986_1779910561","2026-05-27 19:36:01","2026-06-03 19:28:02.699","8986","Mo Money Mo Problems (feat. Puff Daddy & Mase)","The Notorious B.I.G.","Life After Death",256,27796808,58654,27796802,"The DL Hughley Show",,"states/US-NAT","US Partner Digital"
"8982_1779910561","2026-05-27 19:36:01","2026-06-03 19:28:01.740","8982","Mo Money Mo Problems (feat. Puff Daddy & Mase)","The Notorious B.I.G.","Life After Death",256,27796808,58654,27796802,"Rickey Smiley Morning Show",,"states/US-NAT","US Partner Digital"
"11314_1779910560","2026-05-27 19:36:00","2026-06-03 19:30:20.873","11314","Dizzy","Goo Goo Dolls","Dizzy up the Girl",160,1054971,12135,1054970,"Alt Rock Variety MEGASHUFFLE",,"states/US-NAT","US Partner Digital"
"7548_1779910557","2026-05-27 19:35:57","2026-06-03 19:28:37.880","7548","The Different Story (…World of Lust and Crime)","Peter Schilling","Coming Home - 40 Years of Major Tom",231,209774708,371207,209774702,"DARE FM","ROCKALTERNATIVE","states/US-NAT","US Partner Digital"
"4776_1779910554","2026-05-27 19:35:54","2026-06-03 19:28:07.557","4776","YUKON","Justin Bieber","SWAG",163,339293920,44368,339293917,"Mix Nation","CHRPOP","states/US-NAT","Dance"
"11178_1779910551","2026-05-27 19:35:51","2026-06-03 19:30:12.071","11178","You're in My Heart (The Final Acclaim)","Rod Stewart","Foot Loose & Fancy Free",269,1090666,2202,1090663,"Power Hits",,"states/US-NAT","US Partner Digital"
"8888_1779910549","2026-05-27 19:35:49","2026-06-03 19:29:02.815","8888","Waldteufel: Les Patineurs, Op. 183","Gothenburg Symphony Orchestra & Neeme Järvi","Entry of the Gladiators",519,65602627,30644615,65602624,"YourClassical Children","OTHER","states/US-NAT","US Partner Digital"
"9570_1779910545","2026-05-27 19:35:45","2026-06-03 19:28:03.535","9570","Jane","Jefferson Starship","Freedom At Point Zero",250,66150753,39868,66150752,"Oldies.Gold","CLASSICHITS","states/US-NAT","US Partner Digital"
"9339_1779910541","2026-05-27 19:35:41","2026-06-03 19:29:13.609","9339","Horse & Carriage","Cam'ron featuring Mase","Confessions Of Fire",242,2730608,39507,2722857,"DJ KIDNU RADIO","HIPHOPRNB","states/US-NAT","US Partner Digital"
"9922_1779910539","2026-05-27 19:35:39","2026-06-03 19:29:48.369","9922","Never Never Gonna Give Ya Up","Barry White","Barry White's Greatest Hits",285,2047615,32432,2047609,"Groovy 105.7","CLASSICHITS","states/US-NAT","US Partner Digital"
"6295_1779910538","2026-05-27 19:35:38","2026-06-03 19:28:29.608","6295","Everyday I Write The Book","Elvis Costello","Punch The Clock",233,638651,7669,638650,"Rock the Cradle","Prov_American Public Media","states/US-NAT","US Partner Digital"
"7869_1779910536","2026-05-27 19:35:36","2026-06-03 19:28:51.831","7869","Dead Man Walking","Jeremy Camp","The Story's Not Over",186,80172663,27692,80172660,"Family Life Radio","OTHER","states/US-NAT","US Partner Digital"
"9035_1779910536","2026-05-27 19:35:36","2026-06-03 19:29:06.531","9035","Polaris","Soulwax","All Systems Are Lying",272,355110955,38600,355110946,"Nexus Radio","OTHER","states/US-NAT","US Partner Digital"
"9806_1779910535","2026-05-27 19:35:35","2026-06-03 19:28:04.074","9806","Losing My Religion","R.E.M.","Out Of Time (U.S. Version)",268,1022571,3610,1022569,"AlternativeRadio.us","ROCKALTERNATIVE","states/US-NAT","US Partner Digital"
"6297_1779910532","2026-05-27 19:35:32","2026-06-03 19:27:51.149","6297","Bare Your Teeth","Enemy Planes","Beta Lowdown",190,38067375,30718324,38067373,"Local Current","ROCKALTERNATIVE","states/US-NAT","US Partner Digital"
"9035_1779910529","2026-05-27 19:35:29","2026-06-03 19:29:06.531","9035","One & Only (feat. Zachary de Lima)","Beverly Pills feat. Zachary de Lima","One & Only (feat. Zachary de Lima)",178,177628146,31500444,177628145,"Nexus Radio","OTHER","states/US-NAT","US Partner Digital"
"10636_1779910527","2026-05-27 19:35:27","2026-06-03 19:28:12.352","10636","Killing Me Softly with His Song","Fugees","The Score",298,123824847,98169,123824839,"98.3 BPME ""The Sound""",,"states/US-NAT","US Partner Digital"
"6155_1779910525","2026-05-27 19:35:25","2026-06-03 19:28:29.405","6155","Rush","Bendik Giske","Bendik Giske",334,210357262,32468348,210357257,"New Sounds",,"states/US-NAT","US Partner Digital"
"8163_1779910521","2026-05-27 19:35:21","2026-06-03 19:28:58.031","8163","Odd Behaviour","Anna","Redemption / Odd Behaviour",406,91474198,30748798,91474196,"Folk Alley Holiday","OTHER","states/US-NAT","US Partner Digital"
"8905_1779910518","2026-05-27 19:35:18","2026-06-03 19:29:03.034","8905","Long Cool Woman (In A Black Dress)","The Hollies","Distant Light",198,374757469,4155,374757462,"Carolina Gold 93.9 & 106.3","CLASSICHITS","states/US-NAT","US Partner Digital"
"9737_1779910514","2026-05-27 19:35:14","2026-06-03 19:29:17.154","9737","You","Jacquees","4275",217,61532629,30625812,61532610,"Press Play Radio","HIPHOPRNB","states/US-NAT","US Partner Digital"
"11299_1779910512","2026-05-27 19:35:12","2026-06-03 19:30:13.758","11299","The Second Time Around","Shalamar","Big Fun",222,-1,-1,-1,"LA NUEVA, RADIO",,"states/US-NAT","US Partner Digital"
"10092_1779910507","2026-05-27 19:35:07","2026-06-03 19:28:11.015","10092","Vegueta","Alex Banks","Tephra [EP]",343,-1,-1,-1,"EDM Beats",,"states/US-NAT","US Partner Digital"
"9925_1779910503","2026-05-27 19:35:03","2026-06-03 19:29:48.452","9925","You're Sixteen (You’re Beautiful And You’re Mine)","Ringo Starr","Ringo",168,7733121,31906,7733115,"M2D2 RADIO WERP","ACHOTMODERN","states/US-NAT","US Partner Digital"
"11298_1779910497","2026-05-27 19:34:57","2026-06-03 19:30:13.831","11298","If You Leave Me Can I Come Too?","Mental As Anything","Live It up the Collection",192,84043842,31455025,84043833,"102 The Cube",,"states/US-NAT","US Partner Digital"
"8761_1779910486","2026-05-27 19:34:46","2026-06-03 19:29:00.796","8761","This Guy's In Love With You","Herb Alpert & the Tijuana Brass","The Beat Of The Brass",239,110080057,89194,110080046,"Rewound Radio",,"states/US-NAT","US Partner Digital"
"7867_1779910476","2026-05-27 19:34:36","2026-06-03 19:28:50.125","7867","Rip It Up","Little Richard","Here's Little Richard",143,51586183,1511,51586173,"Purple Current","Prov_American Public Media","states/US-NAT","US Partner Digital"
"7680_1779910474","2026-05-27 19:34:34","2026-06-03 19:28:46.254","7680","Last Resort","Papa Roach","Infest",199,87353902,7772,87353900,"Mad Rock Nation","ROCKACTIVE","states/US-NAT","US Partner Digital"
"8983_1779910465","2026-05-27 19:34:25","2026-06-03 19:28:02.333","8983","LOVE.","Kendrick Lamar feat. Zacari","DAMN.",213,46551231,432004,46551221,"The Morning Hustle",,"states/US-NAT","US Partner Digital"
"11315_1779910462","2026-05-27 19:34:22","2026-06-03 19:30:19.292","11315","Hot","Inna","Hot",218,95555763,60341,95555762,"The EDM Megashuffle",,"states/US-NAT","US Partner Digital"
"11297_1779910460","2026-05-27 19:34:20","2026-06-03 19:30:13.535","11297","Everybody Everybody","Black Box","Dreamland",248,68717629,107405,68717628,"iPartyRadio: Dance Anthems",,"states/US-NAT","US Partner Digital"
"9481_1779910460","2026-05-27 19:34:20","2026-06-03 19:29:14.778","9481","Backstrokin'","The Fatback Band","Remixed",407,166896118,130972,166896111,"That Throwback Channel!","RNB","states/US-NAT","US Partner Digital"
"11241_1779910457","2026-05-27 19:34:17","2026-06-03 19:30:12.641","11241","Hysteria","Def Leppard","Hysteria",354,52809706,44059,52809696,"93QFM",,"states/US-NAT","US Partner Digital"
"10775_1779910456","2026-05-27 19:34:16","2026-06-03 19:30:09.597","10775","Hard Fought Hallelujah (Single Version)","Brandon Lake & Jelly Roll","Hard Fought Hallelujah (with Jelly Roll)",223,315577492,31186772,315577490,"The Light DFW",,"states/US-NAT","US Partner Digital"
"9200_1779910452","2026-05-27 19:34:12","2026-06-03 19:28:09.213","9200","Chevy Silverado","Bailey Zimmerman","Chevy Silverado",221,342221945,35706214,342221944,"Knox Country","COUNTRY","TN","Country"
"10419_1779910451","2026-05-27 19:34:11","2026-06-03 19:28:16.743","10419","Working for the Weekend","Loverboy","Get Lucky",221,324349251,89464,324349250,"THAT 80's CHANNEL",,"states/US-NAT","US Partner Digital"
"7369_1779910451","2026-05-27 19:34:11","2026-06-03 19:29:44.349","7369","Sincero","Don Omar","FOREVER KING",185,358534575,39198,358534558,"La Mezcla Fuego","SPANISH","states/US-NAT","Spanish"
"8986_1779910451","2026-05-27 19:34:11","2026-06-03 19:28:02.699","8986","Whistle","Jonn Hart & Too $hort","Whistle",162,60499578,32364855,60499577,"The DL Hughley Show",,"states/US-NAT","US Partner Digital"
"11392_1779910448","2026-05-27 19:34:08","2026-06-03 19:30:16.740","11392","Bala Bala","Loco Escrito","Fernando",154,162534472,31483296,162534462,"Easy Jazz FM",,"states/US-NAT","US Partner Digital"
"11260_1779910448","2026-05-27 19:34:08","2026-06-03 19:30:13.187","11260","CAN'T STOP THE FEELING!","Justin Timberlake, Anna Kendrick, Gwen Stefani, James Corden, Zooey Deschanel, Ron Funches, Caroline Hjelt, Aino Jawo, Christopher Mintz-Plasse, Kunal Nayyar","TROLLS (Original Motion Picture Soundtrack)",236,42510695,34741,42510686,"The Juice",,"states/US-NAT","US Partner Digital"
"8982_1779910448","2026-05-27 19:34:08","2026-06-03 19:28:01.740","8982","Whistle","Jonn Hart & Too $hort","Whistle",162,60499578,32364855,60499577,"Rickey Smiley Morning Show",,"states/US-NAT","US Partner Digital"
"8982_1779910445","2026-05-27 19:34:05","2026-06-03 19:28:01.740","8982","Feel so Good","Mase","Harlem World",204,1018443,58759,1018431,"Rickey Smiley Morning Show",,"states/US-NAT","US Partner Digital"
"9774_1779910441","2026-05-27 19:34:01","2026-06-03 19:29:18.188","9774","PERSIAN RUGS","PARTYNEXTDOOR","PARTYPACK",173,198106381,905201,198106380,"LIVE 99.9","CHRPOP","states/US-NAT","US Partner Digital"
"11302_1779910439","2026-05-27 19:33:59","2026-06-03 19:30:14.081","11302","I Know What I Want","Lily Rose","I Know What I Want",145,312214829,31113394,312214828,"County Line",,"states/US-NAT","US Partner Digital"
"10092_1779910437","2026-05-27 19:33:57","2026-06-03 19:28:11.015","10092","Gravity (Feat. Magga & Evokings)","Cat Dealers","Gravity",361,171256538,31892265,171256535,"EDM Beats",,"states/US-NAT","US Partner Digital"
"8136_1779910435","2026-05-27 19:33:55","2026-06-03 19:28:02.709","8136","Om Uthishta","Usha","Shree Veera Hanuman Jaya Hanumantha",411,-1,-1,-1,"Folk Alley Irish Stream",,"states/US-NAT","US Partner Digital"
"11318_1779910433","2026-05-27 19:33:53","2026-06-03 19:30:15.106","11318","Oh","Ciara feat. Ludacris","Goodies",255,2488851,28577,2488031,"DMX Radio",,"states/US-NAT","US Partner Digital"
"9035_1779910426","2026-05-27 19:33:46","2026-06-03 19:29:06.531","9035","図書室待機","Berryz工房","ジリリ キテル",223,-1,-1,-1,"Nexus Radio","OTHER","states/US-NAT","US Partner Digital"
"7863_1779910424","2026-05-27 19:33:44","2026-06-03 19:28:49.715","7863","Bad Girls","Donna Summer","Bad Girls",294,64786410,6932,64786408,"RnR Radio","Prov_Other","states/US-NAT","US Partner Digital"
"7548_1779910423","2026-05-27 19:33:43","2026-06-03 19:28:37.880","7548","Hell on Earth","Squeeze","Trixies",181,385379336,39571,385379332,"DARE FM","ROCKALTERNATIVE","states/US-NAT","US Partner Digital"
"5254_1779910412","2026-05-27 19:33:32","2026-06-03 19:28:28.093","5254","Losing You","Solange","True",260,185863146,39486,185863145,"WHIP Radio",,"PA","Public Radio"
"9799_1779910407","2026-05-27 19:33:27","2026-06-03 19:29:19.204","9799","Do It Like That (Alan Walker Remix)","TOMORROW X TOGETHER, Jonas Brothers, Alan Walker","Do It Like That (Alan Walker Remix)",139,227596253,32829360,227596252,"Jam Hits","OTHER","states/US-NAT","US Partner Digital"
"9903_1779910400","2026-05-27 19:33:20","2026-06-03 19:28:03.812","9903","Goodbye Says It All","BlackHawk","Blackhawk",204,41240355,26308,41240354,"Kickin' Kountry Radio","COUNTRY","states/US-NAT","US Partner Digital"
"8887_1779910396","2026-05-27 19:33:16","2026-06-03 19:29:04.827","8887","Berceuse in D-Flat Major, Op. 57","Idil Biret","Chopin: Romantic Chopin (The)",281,48288162,30300116,48288155,"YourClassical Sleep","OTHER","states/US-NAT","Classical"
"8995_1779910394","2026-05-27 19:33:14","2026-06-03 19:29:05.531","8995","Me and You and a Dog Named Boo","Lobo","I'd Love You To Want Me",177,1048945,9354,1048940,"That 70's Channel","CLASSICHITS","states/US-NAT","US Partner Digital"
"9251_1779910391","2026-05-27 19:33:11","2026-06-03 19:28:02.204","9251","Mine","Beyoncé feat. Drake","BEYONCÉ [Platinum Edition]",378,29604784,89266,29604775,"Hype 1 Radio",,"states/US-NAT","US Partner Digital"
"8883_1779910379","2026-05-27 19:32:59","2026-06-03 19:29:02.383","8883","Joy","George Winston","December",195,247478170,90240,247478167,"YourClassical Peaceful Piano","OTHER","states/US-NAT","Classical"
"10344_1779910377","2026-05-27 19:32:57","2026-06-03 19:28:16.507","10344","We Are Family","Sister Sledge","We Are Family",216,1121412,4813,1121407,"Real Oldies Music Radio",,"states/US-NAT","US Partner Digital"
"11557_1779910369","2026-05-27 19:32:49","2026-06-02 04:56:50.806","11557","Possum Kingdom","The Toadies","Rubberneck",309,19314155,44328355,19314151,"106.7 Z-Rock",,"CA","Rock"
"11236_1779910368","2026-05-27 19:32:48","2026-06-03 19:30:12.482","11236","We Are Family","Sister Sledge","We Are Family",216,1121412,4813,1121407,"DC Sugar95",,"states/US-NAT","US Partner Digital"
"9771_1779910366","2026-05-27 19:32:46","2026-06-03 19:29:17.608","9771","Argento Dust - Voice Mail","Argento Dust","We Are Not Afraid",380,63535590,30890462,63535587,"Maxima Radio","OTHER","states/US-NAT","US Partner Digital"
"7548_1779910358","2026-05-27 19:32:38","2026-06-03 19:28:37.880","7548","Bad Guy","The Interrupters","Bad Guy",157,80816543,30419820,80816542,"DARE FM","ROCKALTERNATIVE","states/US-NAT","US Partner Digital"
"7863_1779910358","2026-05-27 19:32:38","2026-06-03 19:28:49.715","7863","Do It ('Til You're Satisfied)","B.T. Express","Do It ('Til You're Satisfied)",352,42117104,2278,42117098,"RnR Radio","Prov_Other","states/US-NAT","US Partner Digital"
"9799_1779910356","2026-05-27 19:32:36","2026-06-03 19:29:19.204","9799","Do It Like That (Alan Walker Remix)","TOMORROW X TOGETHER, Jonas Brothers, Alan Walker","Do It Like That (Alan Walker Remix)",139,227596253,32829360,227596252,"Jam Hits","OTHER","states/US-NAT","US Partner Digital"
"10629_1779910355","2026-05-27 19:32:35","2026-06-03 19:30:03.195","10629","Underneath the Tree","Kelly Clarkson","Wrapped In Red (Deluxe Version)",229,115311695,34788,115311693,"That Christmas Channel",,"states/US-NAT","US Partner Digital"
"9799_1779910353","2026-05-27 19:32:33","2026-06-03 19:29:19.204","9799","Silence","Delerium Feat. Sarah McLachlan","Remixed",694,2607671,61475,2599157,"Jam Hits","OTHER","states/US-NAT","US Partner Digital"
"7369_1779910351","2026-05-27 19:32:31","2026-06-03 19:29:44.349","7369","No Me Llama","Zion & Lennox, Myke Towers","No Me Llama",191,119051772,38143,119051771,"La Mezcla Fuego","SPANISH","states/US-NAT","Spanish"
"4776_1779910347","2026-05-27 19:32:27","2026-06-03 19:28:07.557","4776","No Such Thing (feat. Clipse)","Kehlani","Kehlani",220,396193702,30808392,396193699,"Mix Nation","CHRPOP","states/US-NAT","Dance"
"11298_1779910346","2026-05-27 19:32:26","2026-06-03 19:30:13.831","11298","Natures Plan","Thomas Hoffknecht","Power Plant",361,123392580,947223,123392577,"102 The Cube",,"states/US-NAT","US Partner Digital"
"10174_1779910345","2026-05-27 19:32:25","2026-06-03 19:28:10.717","10174","Scars","I AM THEY","Scars",237,53698220,30118847,53698219,"Family Life Now","OTHER","states/US-NAT","US Partner Digital"
"8905_1779910343","2026-05-27 19:32:23","2026-06-03 19:29:03.034","8905","My Cherie Amour","Stevie Wonder","My Cherie Amour",174,711339,3404,711327,"Carolina Gold 93.9 & 106.3","CLASSICHITS","states/US-NAT","US Partner Digital"
"9339_1779910340","2026-05-27 19:32:20","2026-06-03 19:29:13.609","9339","Don't Mess With My Man","Nivea","Nivea [Bonus Tracks]",232,-1,-1,-1,"DJ KIDNU RADIO","HIPHOPRNB","states/US-NAT","US Partner Digital"
"9799_1779910338","2026-05-27 19:32:18","2026-06-03 19:29:19.204","9799","Do It Like That (Alan Walker Remix)","TOMORROW X TOGETHER, Jonas Brothers, Alan Walker","Do It Like That (Alan Walker Remix)",139,227596253,32829360,227596252,"Jam Hits","OTHER","states/US-NAT","US Partner Digital"
"9806_1779910335","2026-05-27 19:32:15","2026-06-03 19:28:04.074","9806","Starburster","Fontaines D.C.","Starburster",221,264541110,31979475,264541109,"AlternativeRadio.us","ROCKALTERNATIVE","states/US-NAT","US Partner Digital"
"9799_1779910335","2026-05-27 19:32:15","2026-06-03 19:29:19.204","9799","Feed Your Soul","Rune Rask & Ashibah","Face Yourself",300,209736285,40049417,209736274,"Jam Hits","OTHER","states/US-NAT","US Partner Digital"
"8887_1779910333","2026-05-27 19:32:13","2026-06-03 19:29:04.827","8887","Gluck: Orfeo ed Euridice, Wq. 30 / Act 2: Dance of the Blessed Spirits","Stuttgarter Kammerorchester, Karl Münchinger","Baroque Adagios",397,19224292,773899,19224285,"YourClassical Sleep","OTHER","states/US-NAT","Classical"
"9737_1779910330","2026-05-27 19:32:10","2026-06-03 19:29:17.154","9737","Wokeuptoflexxx (WUTF)","Iamddb","Swervvvvv.5",165,69203396,31584711,69203393,"Press Play Radio","HIPHOPRNB","states/US-NAT","US Partner Digital"
"8986_1779910327","2026-05-27 19:32:07","2026-06-03 19:28:02.699","8986","Feel so Good","Mase","Harlem World",204,1018443,58759,1018431,"The DL Hughley Show",,"states/US-NAT","US Partner Digital"
"8887_1779910324","2026-05-27 19:32:04","2026-06-03 19:29:04.827","8887","Chopin: Nocturne No. 2 in E flat, Op. 9 No. 2","Kaori Muraji","Portrait",315,7537860,43600,7537846,"YourClassical Sleep","OTHER","states/US-NAT","Classical"
"9889_1779910321","2026-05-27 19:32:01","2026-06-03 19:29:19.552","9889","La Morrita","Xavi, Carín León","La Morrita",154,364971457,616317,364971456,"La Invasora 94.7","SPANISH","states/US-NAT","US Partner Digital"
"11241_1779910318","2026-05-27 19:31:58","2026-06-03 19:30:12.641","11241","Blitzkrieg Bop","Ramones","Ramones",133,42251208,593,42251207,"93QFM",,"states/US-NAT","US Partner Digital"
"10465_1779910317","2026-05-27 19:31:57","2026-06-03 19:28:11.850","10465","Take on Me","a-ha","Hunting High and Low",228,69557659,35390,69557658,"CJ's Awesome 80s",,"states/US-NAT","US Partner Digital"
"9034_1779910316","2026-05-27 19:31:56","2026-06-03 19:29:06.157","9034","다시 한번 더","야밤그루브 Feat. Colson","야밤그루브 Mixtape",189,-1,-1,-1,"108 SOUL","RNB","states/US-NAT","US Partner Digital"
"8890_1779910315","2026-05-27 19:31:55","2026-06-03 19:28:01.444","8890","Banner","Catalyst Quartet & Julian Wachner","Montgomery: Strum",545,-1,-1,-1,"YourClassical Black History","OTHER","states/US-NAT","US Partner Digital"
"7097_1779910299","2026-05-27 19:31:39","2026-06-03 19:27:56.844","7097","Anon: Ave Maria...Virgo Serena","The Monks Of Norcia","Benedicta - Marian Chant From Norcia",282,-1,-1,-1,"EWTN Radio Catolica Mundial","OTHER","states/US-NAT","US Partner Digital"
"11302_1779910287","2026-05-27 19:31:27","2026-06-03 19:30:14.081","11302","Day Late & A Buck Short","Julia Cole","Day Late & A Buck Short (Acoustic)",153,342899339,924431,342899337,"County Line",,"states/US-NAT","US Partner Digital"
"8308_1779910286","2026-05-27 19:31:26","2026-06-03 19:28:04.095","8308","Toosie Slide","Drake","Dark Lane Demo Tapes",246,100882533,44512,100882528,"FUBU Radio",,"states/US-NAT","US Partner Digital"
"4776_1779910284","2026-05-27 19:31:24","2026-06-03 19:28:07.557","4776","UP! (Beat The P*ssy UP) [Street]","LoveRance","UP! (Beat The P*ssy Up)",230,14060380,604609,14060379,"Mix Nation","CHRPOP","states/US-NAT","Dance"
"9035_1779910284","2026-05-27 19:31:24","2026-06-03 19:29:06.531","9035","Found Your Love","NOTD and LIBBY WHITEHOUSE","Found Your Love",183,370256947,31764017,370256946,"Nexus Radio","OTHER","states/US-NAT","US Partner Digital"
"7869_1779910280","2026-05-27 19:31:20","2026-06-03 19:28:51.831","7869","House Of The Lord","Phil Wickham","Hymn Of Heaven",255,137449214,89487,137449211,"Family Life Radio","OTHER","states/US-NAT","US Partner Digital"
"9922_1779910280","2026-05-27 19:31:20","2026-06-03 19:29:48.369","9922","Little Bit O' Soul","Music Explosion","Little Bit O' Soul - The Best Of",142,5382807,89226,5382806,"Groovy 105.7","CLASSICHITS","states/US-NAT","US Partner Digital"
"11240_1779910278","2026-05-27 19:31:18","2026-06-03 19:30:12.542","11240","I'm Blessed","Charlie Wilson feat. T.I.","In It To Win It",243,45111935,121262,45111934,"Soul Radio Coast2coast",,"states/US-NAT","US Partner Digital"
"9481_1779910275","2026-05-27 19:31:15","2026-06-03 19:29:14.778","9481","Crush on You","Lil' Kim","Hard Core",275,1077505,56128,1077499,"That Throwback Channel!","RNB","states/US-NAT","US Partner Digital"
"8983_1779910274","2026-05-27 19:31:14","2026-06-03 19:28:02.333","8983","Tell Her","Ella Mai","Do You Still Love Me?",197,377543311,31392361,377543301,"The Morning Hustle",,"states/US-NAT","US Partner Digital"
"10418_1779910273","2026-05-27 19:31:13","2026-06-03 19:28:12.108","10418","Enough","Social Club Misfits feat. Austin French","MOOD // DOOM",192,85872328,31198149,85872317,"Christian Hits FM","OTHER","states/US-NAT","US Partner Digital"
"10629_1779910262","2026-05-27 19:31:02","2026-06-03 19:30:03.195","10629","Buon Natale (Means) Merry Christmas to You","Nat King Cole","Nat ""King"" Cole: My Christmas",96,57609790,3428,57609780,"That Christmas Channel",,"states/US-NAT","US Partner Digital"
"7097_1779910262","2026-05-27 19:31:02","2026-06-03 19:27:56.844","7097","Anon: Bells From The Basilica","The Monks Of Norcia","Benedicta - Marian Chant From Norcia",37,-1,-1,-1,"EWTN Radio Catolica Mundial","OTHER","states/US-NAT","US Partner Digital"
"10361_1779910259","2026-05-27 19:30:59","2026-06-03 19:29:58.788","10361","This Is Amazing Grace","Phil Wickham","The Ascension (Deluxe)",279,120985975,89487,120985971,"89.1 Crossway Radio","OTHER","PA","Christian & Gospel"
"7680_1779910256","2026-05-27 19:30:56","2026-06-03 19:28:46.254","7680","Free Bird","Lynyrd Skynyrd","Pronounced' Leh-'Nerd 'Skin-'Nerd",546,771731,35147,771727,"Mad Rock Nation","ROCKACTIVE","states/US-NAT","US Partner Digital"
"11315_1779910253","2026-05-27 19:30:53","2026-06-03 19:30:19.292","11315","Don't Want Your Love","ILLENIUM & Ellie Goulding","ODYSSEY",191,377542530,30065398,377542523,"The EDM Megashuffle",,"states/US-NAT","US Partner Digital"
"4776_1779910252","2026-05-27 19:30:52","2026-06-03 19:28:07.557","4776","squabble up","Kendrick Lamar","GNX",157,300348398,432004,300348396,"Mix Nation","CHRPOP","states/US-NAT","Dance"
"11318_1779910251","2026-05-27 19:30:51","2026-06-03 19:30:15.106","11318","Make It Rain","Travis Porter","From Day 1",239,18111285,56300,18109960,"DMX Radio",,"states/US-NAT","US Partner Digital"
"11301_1779910251","2026-05-27 19:30:51","2026-06-03 19:30:14.274","11301","Love Is Blind","Ian Munsick","The Mountain Goat",196,-1,-1,-1,"99.5 THE STAR",,"states/US-NAT","US Partner Digital"
"11297_1779910250","2026-05-27 19:30:50","2026-06-03 19:30:13.535","11297","Work","Masters At Work featuring Puppah Nas-T & Denise","Defected presents House Masters - Masters At Work",316,305060677,43992,305060659,"iPartyRadio: Dance Anthems",,"states/US-NAT","US Partner Digital"
"11178_1779910250","2026-05-27 19:30:50","2026-06-03 19:30:12.071","11178","Wooly Bully","Sam the Sham & the Pharaohs","Wooly Bully",141,167682280,14976,167682279,"Power Hits",,"states/US-NAT","US Partner Digital"
"6295_1779910245","2026-05-27 19:30:45","2026-06-03 19:28:29.608","6295","Oxford Comma","Vampire Weekend","Vampire Weekend",195,2837354,138739,2837352,"Rock the Cradle","Prov_American Public Media","states/US-NAT","US Partner Digital"
"10775_1779910240","2026-05-27 19:30:40","2026-06-03 19:30:09.597","10775","I Give You My Dreams","Sarai Rivera","Suelto",228,298528259,589872,298528256,"The Light DFW",,"states/US-NAT","US Partner Digital"
"9799_1779910226","2026-05-27 19:30:26","2026-06-03 19:29:19.204","9799","Reach","Jesse Maas","Reach EP",423,237441490,33367060,237441489,"Jam Hits","OTHER","states/US-NAT","US Partner Digital"
"8982_1779910218","2026-05-27 19:30:18","2026-06-03 19:28:01.740","8982","Boyfriend","Milly","Boyfriend",161,391778734,30105695,391778733,"Rickey Smiley Morning Show",,"states/US-NAT","US Partner Digital"
"11298_1779910213","2026-05-27 19:30:13","2026-06-03 19:30:13.831","11298","Free Your Mind","En Vogue","Funky Divas",292,11664672,58440,11664668,"102 The Cube",,"states/US-NAT","US Partner Digital"
"6296_1779910210","2026-05-27 19:30:10","2026-06-03 19:28:29.390","6296","Slim and The Devil","Willie Watson","Willie Watson",311,272314192,30380833,272314191,"Radio Heartland","ROCKALTERNATIVE","states/US-NAT","US Partner Digital"
"9771_1779910207","2026-05-27 19:30:07","2026-06-03 19:29:17.608","9771","Nothing in This World","Paris Hilton","Paris",189,1051623,58274,1051616,"Maxima Radio","OTHER","states/US-NAT","US Partner Digital"
"10419_1779910206","2026-05-27 19:30:06","2026-06-03 19:28:16.743","10419","One More Try","George Michael","Faith",350,1795010,44680,1794641,"THAT 80's CHANNEL",,"states/US-NAT","US Partner Digital"
"9802_1779910206","2026-05-27 19:30:06","2026-06-03 19:29:24.135","9802","Debussy: Nocturnes - Fêtes","Pierre Boulez: Cleveland Orchestra","Bartók: Hungarian Sketches; Stravinsky: Petrouchka, Etc.",390,-1,-1,-1,"99.5 HD3 WCRB","OTHER","states/US-NAT","US Partner Digital"
"9200_1779910203","2026-05-27 19:30:03","2026-06-03 19:28:09.213","9200","Choosin' Texas","Ella Langley","Choosin' Texas",231,355219426,32173141,355219425,"Knox Country","COUNTRY","TN","Country"
"8136_1779910202","2026-05-27 19:30:02","2026-06-03 19:28:02.709","8136","A Fistful of Dynamite","Ennio Morricone, Coro dell'Accademia Nazionale di Sante Cecilia, Orchestra dell'Accademia Nazionale di Santa Cecilia, Gemma Bertagnolli, Rocco Zifarelli, Nanni Civitenga & Gilda Buttà","Cinema Concert: Ennio Morricone at Santa Cecilia",246,2873648,1474,2866683,"Folk Alley Irish Stream",,"states/US-NAT","US Partner Digital"
"6227_1779910198","2026-05-27 19:29:58","2026-06-03 19:27:50.904","6227","Dance With My Father","Luther Vandross","Dance With My Father",265,308180851,3402,308180844,"Hot 106.5","RNB","FL","R&B"
"7369_1779910197","2026-05-27 19:29:57","2026-06-03 19:29:44.349","7369","Poblado","Crissin / Totoy El Frio / Natan & Shander","Poblado",201,137842876,776300,137842875,"La Mezcla Fuego","SPANISH","states/US-NAT","Spanish"
"10092_1779910195","2026-05-27 19:29:55","2026-06-03 19:28:11.015","10092","Pursuit","Alex Stein","Rebirth EP",352,99180989,31052505,99180986,"EDM Beats",,"states/US-NAT","US Partner Digital"
"9802_1779910194","2026-05-27 19:29:54","2026-06-03 19:29:24.135","9802","Debussy: Nocturnes, CD 98, L. 91: No. 2, Fêtes","London Philharmonic Orchestra","Spatial Audio - The 3D Classical Collection",396,136416943,31046745,136416927,"99.5 HD3 WCRB","OTHER","states/US-NAT","US Partner Digital"
"8761_1779910179","2026-05-27 19:29:39","2026-06-03 19:29:00.796","8761","Everyday People","Sly & the Family Stone","Stand",142,2623325,6737,2615969,"Rewound Radio",,"states/US-NAT","US Partner Digital"
"11382_1779910170","2026-05-27 19:29:30","2026-06-03 19:30:16.645","11382","The Sick Note","The Dubliners feat. Seán Cannon","50 Years",192,20738245,37884638,20737851,"Weston World One",,"states/US-NAT","US Partner Digital"
"11384_1779910162","2026-05-27 19:29:22","2026-06-03 18:24:26.097","11384","Here Comes the Hotstepper","Ini Kamoze","Here Comes The Hotstepper",251,8999448,43240,8999447,"DJ Babydoll Radio",,"states/US-NAT","US Partner Digital"
"5254_1779910160","2026-05-27 19:29:20","2026-06-03 19:28:28.093","5254","Show Me Love","Robin S.","Show Me Love",269,1012016,58586,1012015,"WHIP Radio",,"PA","Public Radio"
"8905_1779910158","2026-05-27 19:29:18","2026-06-03 19:29:03.034","8905","Werewolves of London","Warren Zevon","Excitable Boy",211,1099561,29861,1099557,"Carolina Gold 93.9 & 106.3","CLASSICHITS","states/US-NAT","US Partner Digital"
"8888_1779910155","2026-05-27 19:29:15","2026-06-03 19:29:02.815","8888","Peer Gynt Suite No. 1, Op. 46, III. Anitras dans (Anitra's Dance)","Košice Slovak State Philharmonic Orchestra","Grieg: Peer Gynt Suites Nos. 1 and 2 / 3 Orchestral Pieces From Sigurd Jorsalfar",200,48298633,31671349,48298629,"YourClassical Children","OTHER","states/US-NAT","US Partner Digital"
"8880_1779910147","2026-05-27 19:29:07","2026-06-03 19:29:03.191","8880","The Sussex Mummers' Christmas Carol (version for piano)","Jeffrey Biegel","A Steinway Christmas Album",153,-1,-1,-1,"YourClassical Holiday","OTHER","states/US-NAT","US Partner Digital"
"11236_1779910146","2026-05-27 19:29:06","2026-06-03 18:24:13.958","11236","Shattered","The Rolling Stones","Some Girls",226,15835778,39467,15835768,"DC Sugar95",,"states/US-NAT","US Partner Digital"
"9806_1779910145","2026-05-27 19:29:05","2026-06-03 19:28:04.074","9806","Trouble’s Coming","Royal Blood","Typhoons",228,132677853,814881,132677852,"AlternativeRadio.us","ROCKALTERNATIVE","states/US-NAT","US Partner Digital"
"9737_1779910138","2026-05-27 19:28:58","2026-06-03 19:29:17.154","9737","Sweet Yamz (Remix) [feat. Wiz Khalifa]","Fetty Wap","Sweet Yamz (Remix) [feat. Wiz Khalifa]",167,195119787,30731221,195119786,"Press Play Radio","HIPHOPRNB","states/US-NAT","US Partner Digital"
"8888_1779910137","2026-05-27 19:28:57","2026-06-03 19:29:02.815","8888","Peer Gynt, Op. 23, Act IV Scene 6, Act IV Scene 6: Anitras dans (Anitra's Dance)","Bjarte Engeset","Grieg: Complete Orchestral Works",206,48332846,109445,48332766,"YourClassical Children","OTHER","states/US-NAT","US Partner Digital"
"9035_1779910132","2026-05-27 19:28:52","2026-06-03 19:29:06.531","9035","Hold On To Me","Open Till L8, Jay Sean","Hold On To Me",153,390842080,31361173,390842079,"Nexus Radio","OTHER","states/US-NAT","US Partner Digital"
"10344_1779910130","2026-05-27 19:28:50","2026-06-03 19:28:16.507","10344","I Will Survive","Gloria Gaynor","Love Tracks",485,77588257,705,77588252,"Real Oldies Music Radio",,"states/US-NAT","US Partner Digital"
"9799_1779910130","2026-05-27 19:28:50","2026-06-03 19:29:19.204","9799","I DON'T WANT TO FALL IN LOVE","Angrybaby","I DON'T WANT TO FALL IN LOVE",188,237928906,33056115,237928905,"Jam Hits","OTHER","states/US-NAT","US Partner Digital"
"4776_1779910124","2026-05-27 19:28:44","2026-06-03 19:28:07.557","4776","Already Best Friends (feat. Chris Brown)","Jack Harlow","Thats What They All Say",196,120283665,31039138,120283659,"Mix Nation","CHRPOP","states/US-NAT","Dance"
"9774_1779910119","2026-05-27 19:28:39","2026-06-03 19:29:18.188","9774","End of an Era","Niall Horan","End of an Era",217,400961063,31344347,400961062,"LIVE 99.9","CHRPOP","states/US-NAT","US Partner Digital"
"9771_1779910117","2026-05-27 19:28:37","2026-06-03 19:29:17.608","9771","Jamaica Ska","Byron Lee and the Dragonaires","Essential Byron Lee - 50th Anniversary Celebration",145,38026955,44273136,38026953,"Maxima Radio","OTHER","states/US-NAT","US Partner Digital"
"10629_1779910111","2026-05-27 19:28:31","2026-06-03 18:24:03.771","10629","Christmas (Baby Please Come Home)","Mariah Carey","Merry Christmas",155,20275028,31885,20274994,"That Christmas Channel",,"states/US-NAT","US Partner Digital"
"8995_1779910110","2026-05-27 19:28:30","2026-06-03 18:22:44.169","8995","My Sharona","The Knack","Get The Knack",293,492262,35433,492255,"That 70's Channel","CLASSICHITS","states/US-NAT","US Partner Digital"
"8883_1779910109","2026-05-27 19:28:29","2026-06-03 19:29:02.383","8883","On a Gentle Island Breeze","Daniel Ho","On a Gentle Island Breeze",147,-1,-1,-1,"YourClassical Peaceful Piano","OTHER","states/US-NAT","Classical"
"8757_1779910108","2026-05-27 19:28:28","2026-06-03 18:23:10.685","8757","Escape","Mark Mothersbaugh","The Lego® Movie (Original Motion Picture Soundtrack)",206,70463613,32270,70463608,"LEGOLAND Radio","OTHER","states/US-NAT","Kids & Family"
"9903_1779910105","2026-05-27 19:28:25","2026-06-03 19:28:03.812","9903","Boots Off","Jon Pardi","Honkytonk Hollywood",161,322601226,727632,322601225,"Kickin' Kountry Radio","COUNTRY","states/US-NAT","US Partner Digital"
"7548_1779910102","2026-05-27 19:28:22","2026-06-03 19:28:37.880","7548","Elegantly Wasted","INXS","Elegantly Wasted",272,138410221,4829,138410219,"DARE FM","ROCKALTERNATIVE","states/US-NAT","US Partner Digital"
"8887_1779910100","2026-05-27 19:28:20","2026-06-03 19:29:04.827","8887","Gluck: Orfeo ed Euridice, Wq. 30 / Act II - Dance of the Blessed Spirits (Arr. for Violin Solo and Chamber Orchestra by Olivier Fourés)","Daniel Hope & Zurich Chamber Orchestra","Gluck: Orfeo ed Euridice, Wq. 30 / Act 2, Dance Of The Blessed Spirits (Arr. For Violin Solo And Chamber Orchestra By Olivier Foures)",312,64149666,31968142,64149665,"YourClassical Sleep","OTHER","states/US-NAT","Classical"
"7226_1779910099","2026-05-27 19:28:19","2026-06-03 19:28:01.943","7226","Chopin: 12 Études, Op. 25: No. 9 in G-Flat Major ""Butterfly""","Claudio Arrau","Chopin: Études Op. 10 & Op. 25",66,5362388,57448,5362355,"CPR Classical",,"states/US-NAT","US Partner Digital"
"7226_1779910097","2026-05-27 19:28:17","2026-06-03 19:28:01.943","7226","No.9 In G Flat ""Butterfly Wings""","Maurizio Pollini","Chopin",57,16126723,30270548,16126623,"CPR Classical",,"states/US-NAT","US Partner Digital"
"6227_1779910085","2026-05-27 19:28:05","2026-06-03 19:27:50.904","6227","Isn't She Lovely","Stevie Wonder","Songs In The Key Of Life",393,73051945,3404,73051934,"Hot 106.5","RNB","FL","R&B"
"8888_1779910085","2026-05-27 19:28:05","2026-06-03 19:29:02.815","8888","Peer Gynt Suite No. 1, Op. 46, III. Anitras dans (Anitra's Dance)","Košice Slovak State Philharmonic Orchestra","Grieg: Peer Gynt Suites Nos. 1 and 2 / 3 Orchestral Pieces From Sigurd Jorsalfar",200,48298633,31671349,48298629,"YourClassical Children","OTHER","states/US-NAT","US Partner Digital"
"6464_1779910081","2026-05-27 19:28:01","2026-06-03 19:28:30.453","6464","Surrender","Cheap Trick","Heaven Tonight",255,34307710,35148,34307709,"The Loop",,"IL","Classic Rock"
"8995_1779910080","2026-05-27 19:28:00","2026-06-03 18:22:44.169","8995","Vehicle","Ides Of March","Vehicle",177,1045827,44538335,1045826,"That 70's Channel","CLASSICHITS","states/US-NAT","US Partner Digital"
"7369_1779910079","2026-05-27 19:27:59","2026-06-03 18:23:34.879","7369","Volví","Bad Bunny & Aventura","Volví",229,141158025,31333415,141158024,"La Mezcla Fuego","SPANISH","states/US-NAT","Spanish"
"9425_1779910077","2026-05-27 19:27:57","2026-06-03 19:28:03.836","9425","Lowrider Funk Jamz Quick Mix","T.W.D.Y., Slow Pain, Ronnie Hudson, M.C. Frosty & DJ Ultralight Feat. WC, G-Stack, Rick James, The Street People & Lovin' C","Lowrider Funk Jamz Quick Mix [Single]",673,-1,-1,-1,"Bayology Radio",,"states/US-NAT","US Partner Digital"
"8887_1779910065","2026-05-27 19:27:45","2026-06-03 19:29:04.827","8887","Gluck: Orfeo Ed Euridice - Dance Of The Blessed Spirits","Iona Brown: Academy Of St. Martin In The Fields","Vivaldi: The Four Seasons, Etc.",402,-1,-1,-1,"YourClassical Sleep","OTHER","states/US-NAT","Classical"
"11260_1779910062","2026-05-27 19:27:42","2026-06-03 18:24:15.511","11260","Levitating","Dua Lipa","Future Nostalgia",203,116056422,30983282,116056417,"The Juice",,"states/US-NAT","US Partner Digital"
"9925_1779910060","2026-05-27 19:27:40","2026-06-03 18:23:42.596","9925","Come and Get Your Love","Redbone","Wovoka",300,36501641,9355,36501635,"M2D2 RADIO WERP","ACHOTMODERN","states/US-NAT","US Partner Digital"
"9339_1779910059","2026-05-27 19:27:39","2026-06-03 18:22:57.578","9339","Something In Common","Bobby Brown & Whitney Houston","Bobby",299,-1,-1,-1,"DJ KIDNU RADIO","HIPHOPRNB","states/US-NAT","US Partner Digital"
"11301_1779910058","2026-05-27 19:27:38","2026-06-03 18:24:16.693","11301","Want You Back","Brantley Gilbert","Want You Back",192,348116509,272271,348116508,"99.5 THE STAR",,"states/US-NAT","US Partner Digital"
"10465_1779910056","2026-05-27 19:27:36","2026-06-03 18:21:10.274","10465","Smooth Criminal","Michael Jackson","Bad",259,19091811,6739,19090075,"CJ's Awesome 80s",,"states/US-NAT","US Partner Digital"
"8135_1779910052","2026-05-27 19:27:32","2026-06-03 18:20:38.961","8135","Banks Of The Old Bandera","Willie Nelson","Oh What A Beautiful World",206,324917771,631,324917769,"Folk Alley Fresh Cuts",,"states/US-NAT","US Partner Digital"
"9251_1779910051","2026-05-27 19:27:31","2026-06-03 18:20:48.475","9251","Bound 2","Kanye West","Yeezus",228,21947991,34743,21947981,"Hype 1 Radio",,"states/US-NAT","US Partner Digital"
"11461_1779910050","2026-05-27 19:27:30","2026-06-03 18:24:25.139","11461","NOKIA","Drake","$ome $exy $ongs 4 U",240,313738316,44512,313738302,"DogSled African Radio",,"states/US-NAT","US Partner Digital"
"10418_1779910043","2026-05-27 19:27:23","2026-06-03 18:21:08.959","10418","People Like Us","Micah Tyler feat. Emerson Day","People Like Us",225,250955397,30708692,250955396,"Christian Hits FM","OTHER","states/US-NAT","US Partner Digital"
"9481_1779910039","2026-05-27 19:27:19","2026-06-03 18:22:58.567","9481","And the Beat Goes On (Live)","The Whispers","The Best of the Whispers: 20 Great Live Performances",292,18677665,28408,18677663,"That Throwback Channel!","RNB","states/US-NAT","US Partner Digital"
"6155_1779910038","2026-05-27 19:27:18","2026-06-03 19:28:29.405","6155","Chakalan","Les Filles de Illighadad","At Pioneer Works",497,128179971,31705061,128179967,"New Sounds",,"states/US-NAT","US Partner Digital"
"7869_1779910037","2026-05-27 19:27:17","2026-06-03 18:22:14.269","7869","Make It Well","MercyMe","Make It Well",248,360666760,90180,360666759,"Family Life Radio","OTHER","states/US-NAT","US Partner Digital"
"8761_1779910036","2026-05-27 19:27:16","2026-06-03 18:22:35.649","8761","Ramblin' Gamblin' Man","Bob Seger","Ramblin' Gamblin' Man",140,48054743,86960,48054742,"Rewound Radio",,"states/US-NAT","US Partner Digital"
"11300_1779910035","2026-05-27 19:27:15","2026-06-03 18:24:17.162","11300","Summer Breeze","Keith Urban","Summer Breeze",239,397249459,28475,397249458,"99.5 THE GULF",,"states/US-NAT","US Partner Digital"
"10636_1779910029","2026-05-27 19:27:09","2026-06-03 18:21:11.306","10636","Poison","Bell Biv DeVoe","Poison",261,690899,41536,690893,"98.3 BPME ""The Sound""",,"states/US-NAT","US Partner Digital"
"8890_1779910025","2026-05-27 19:27:05","2026-06-03 18:20:44.675","8890","Lift Every Voice and Sing","Keith Lockhart","A Splash of Pops",289,2893736,140894,2887034,"YourClassical Black History","OTHER","states/US-NAT","US Partner Digital"
"9034_1779910023","2026-05-27 19:27:03","2026-06-03 18:22:44.309","9034","My Prerogative","Bobby Brown","Don't Be Cruel",291,777521,41567,777512,"108 SOUL","RNB","states/US-NAT","US Partner Digital"
"11299_1779910021","2026-05-27 19:27:01","2026-06-03 18:24:16.748","11299","Para Machuchar Meu Coracao","Stan Getz & João Gilberto feat. Antonio Carlos Jobim","Stan Getz: The Bossa Nova Albums",308,66129141,4795,66129113,"LA NUEVA, RADIO",,"states/US-NAT","US Partner Digital"
"9425_1779910018","2026-05-27 19:26:58","2026-06-03 19:28:03.836","9425","Funkin' for Jamaica","Tom Browne","Funkin' For Jamaica",283,4579004,118563,4578994,"Bayology Radio",,"states/US-NAT","US Partner Digital"
"6295_1779910017","2026-05-27 19:26:57","2026-06-03 18:21:48.260","6295","She Blinded Me With Science","Thomas Dolby","Blinded With Science",223,374853519,26933,374853517,"Rock the Cradle","Prov_American Public Media","states/US-NAT","US Partner Digital"
"10775_1779910016","2026-05-27 19:26:56","2026-06-03 18:24:08.016","10775","Hope's Gonna Find You","Ellie Holcomb & Franni Cash","Hope's Gonna Find You",230,375915097,30007587,375915096,"The Light DFW",,"states/US-NAT","US Partner Digital"
"11315_1779910016","2026-05-27 19:26:56","2026-06-03 18:24:18.666","11315","Rhythm Is Gonna Get You","Gloria Estefan and Miami Sound Machine","Let It Loose",236,2583601,45302904,2580581,"The EDM Megashuffle",,"states/US-NAT","US Partner Digital"
"9319_1779910012","2026-05-27 19:26:52","2026-06-03 18:20:49.355","9319","Smells Like Teen Spirit","Nirvana","Nevermind",300,15313714,40473,15313713,"KBACK Rock Radio","ROCKACTIVE","states/US-NAT","US Partner Digital"
"4776_1779910009","2026-05-27 19:26:49","2026-06-03 18:21:00.039","4776","Ever Since U Left Me (I Went Deaf)","French Montana & Max B","Coke Wave 3.5: Narcos",136,368622141,281545,368622136,"Mix Nation","CHRPOP","states/US-NAT","Dance"
"8883_1779910003","2026-05-27 19:26:43","2026-06-03 18:22:38.214","8883","7. Träumerei","Martha Argerich Piano","Schumann: Kinderszenen; Kreisleriana",175,19324670,31317168,19324663,"YourClassical Peaceful Piano","OTHER","states/US-NAT","Classical"
"11384_1779910002","2026-05-27 19:26:42","2026-06-03 18:24:26.097","11384","Coca Cola Shape (Dat Sexy Body Remix)","Fatman Scoop","Party King [Disc 2]",205,-1,-1,-1,"DJ Babydoll Radio",,"states/US-NAT","US Partner Digital"
"7680_1779910001","2026-05-27 19:26:41","2026-06-03 18:22:08.004","7680","Smells Like Teen Spirit","Nirvana","Nevermind",300,15313714,40473,15313713,"Mad Rock Nation","ROCKACTIVE","states/US-NAT","US Partner Digital"
"9799_1779910001","2026-05-27 19:26:41","2026-06-03 18:23:08.002","9799","RATATA","Skrillex, Missy Elliott & Mr. Oizo","Quest For Fire",126,204346869,487415,204346867,"Jam Hits","OTHER","states/US-NAT","US Partner Digital"
"8883_1779910000","2026-05-27 19:26:40","2026-06-03 18:22:38.214","8883","Schumann: Kinderszenen, Op. 15 - 7. Träumerei","Isata Kanneh-Mason","Childhood Tales",155,-1,-1,-1,"YourClassical Peaceful Piano","OTHER","states/US-NAT","Classical"
"8883_1779909999","2026-05-27 19:26:39","2026-06-03 19:29:02.383","8883","Schumann: Kinderszenen, Op. 15: No. 7, Träumerei","Víkingur Ólafsson","Schumann: Kinderszenen, Op. 15: No. 7, Träumerei",160,185064233,46133592,185064232,"YourClassical Peaceful Piano","OTHER","states/US-NAT","Classical"
"8883_1779909994","2026-05-27 19:26:34","2026-06-03 18:22:38.214","8883","Schumann: Kinderszenen, Op. 15 - 7. Träumerei","Isata Kanneh-Mason","Childhood Tales",155,-1,-1,-1,"YourClassical Peaceful Piano","OTHER","states/US-NAT","Classical"
"9922_1779909985","2026-05-27 19:26:25","2026-06-03 18:23:42.656","9922","Boogie Wonderland","Earth, Wind & Fire, The Emotions","I Am",287,17790201,29638,17790181,"Groovy 105.7","CLASSICHITS","states/US-NAT","US Partner Digital"
"8308_1779909982","2026-05-27 19:26:22","2026-06-03 19:28:04.095","8308","It Depends (The Remix)","Chris Brown feat. Bryson Tiller, Usher","It Depends (The Remix)",294,355225027,33210,355225026,"FUBU Radio",,"states/US-NAT","US Partner Digital"
"10092_1779909978","2026-05-27 19:26:18","2026-06-03 18:21:06.398","10092","Make Up","Hot Since 82","Make Up [Single]",285,-1,-1,-1,"EDM Beats",,"states/US-NAT","US Partner Digital"
"7867_1779909978","2026-05-27 19:26:18","2026-06-03 18:22:12.934","7867","D.M.S.R.","Prince","1999",497,120146574,3403,120146569,"Purple Current","Prov_American Public Media","states/US-NAT","US Partner Digital"
"9737_1779909975","2026-05-27 19:26:15","2026-06-03 18:23:06.106","9737","Silver Platter","Khalid","Barbie The Album",165,225344026,836574,225343992,"Press Play Radio","HIPHOPRNB","states/US-NAT","US Partner Digital"
"8905_1779909971","2026-05-27 19:26:11","2026-06-03 18:22:42.359","8905","The Sound of Silence","Simon & Garfunkel","Sounds Of Silence",185,2525859,59455,2520597,"Carolina Gold 93.9 & 106.3","CLASSICHITS","states/US-NAT","US Partner Digital"
"9200_1779909969","2026-05-27 19:26:09","2026-06-03 18:21:03.142","9200","Bottle Rockets (feat. Hootie & The Blowfish)","Scotty McCreery feat. Hootie & The Blowfish","Scooter & Friends",234,335328880,608800,335328879,"Knox Country","COUNTRY","TN","Country"
"11178_1779909965","2026-05-27 19:26:05","2026-06-03 18:24:11.585","11178","Blue (Da Ba Dee)","Eiffel 65","Fun & Action Hits 2/99",283,71251035,40801,71251034,"Power Hits",,"states/US-NAT","US Partner Digital"
"10629_1779909961","2026-05-27 19:26:01","2026-06-03 18:24:03.771","10629","All Through the Night","Perry Como","When You Come to the End of the Day",147,47821215,197,47821204,"That Christmas Channel",,"states/US-NAT","US Partner Digital"
"9570_1779909959","2026-05-27 19:25:59","2026-06-03 18:20:50.187","9570","Vehicle","Ides Of March","Vehicle",177,1045827,44538335,1045826,"Oldies.Gold","CLASSICHITS","states/US-NAT","US Partner Digital"
"11241_1779909956","2026-05-27 19:25:56","2026-06-03 18:24:14.915","11241","Bohemian Rhapsody","Queen","A Night At The Opera",359,14650881,4258,14650870,"93QFM",,"states/US-NAT","US Partner Digital"
"11302_1779909951","2026-05-27 19:25:51","2026-06-03 18:24:21.565","11302","Proving Me Right","Tucker Wetmore","Proving Me Right",174,364126654,33601651,364126653,"County Line",,"states/US-NAT","US Partner Digital"
"6466_1779909951","2026-05-27 19:25:51","2026-06-03 18:21:48.192","6466","La fille du régiment, Act II: Ah! mes amis, quel jour de fête!","Lawrence Brownlee, Liudas Mikalauskas, Kaunas State Choir, Kaunas City Symphony Orchestra and Constantine Orbelian","Donizetti & Bellini: Allegro io son",431,381391381,268236,381391370,"Operavore",,"states/US-NAT","US Partner Digital"
"9903_1779909950","2026-05-27 19:25:50","2026-06-03 18:20:52.325","9903","20 Cigarettes","Morgan Wallen","I’m The Problem",160,328873538,30731053,328873527,"Kickin' Kountry Radio","COUNTRY","states/US-NAT","US Partner Digital"
"6466_1779909947","2026-05-27 19:25:47","2026-06-03 18:21:48.192","6466","Donizetti: La fille du régiment / Act 1: ""Ah! mes amis, quel jour de fête!""","Juan Diego Flórez, Nikola Mijailovic, Coro Sinfonico di Milano Giuseppe Verdi, Orchestra Sinfonica di Milano Giuseppe Verdi & Riccardo Frizza","Juan Diego Flórez - Una Furtiva Lagrima: Donizetti & Bellini Arias",422,19251555,30639490,19251546,"Operavore",,"states/US-NAT","US Partner Digital"
"7369_1779909945","2026-05-27 19:25:45","2026-06-03 18:23:34.879","7369","Amor en Coma","Manuel Turizo feat. Maluma","Amor en Coma",199,130773930,31429970,130773929,"La Mezcla Fuego","SPANISH","states/US-NAT","Spanish"
"8880_1779909944","2026-05-27 19:25:44","2026-06-03 18:22:39.393","8880","Turn On","Thurston Moore","Rock N Roll Consciousness",617,46631711,39439,46631708,"YourClassical Holiday","OTHER","states/US-NAT","US Partner Digital"
"7097_1779909943","2026-05-27 19:25:43","2026-06-03 19:27:56.844","7097","Fatum","Carlotta Dalia","Angelus",601,-1,-1,-1,"EWTN Radio Catolica Mundial","OTHER","states/US-NAT","US Partner Digital"
"10419_1779909942","2026-05-27 19:25:42","2026-06-03 18:21:09.037","10419","You Can Call Me Al","Paul Simon","Graceland (25th Anniversary Deluxe Edition)",279,18152590,978,18152494,"THAT 80's CHANNEL",,"states/US-NAT","US Partner Digital"
"11298_1779909940","2026-05-27 19:25:40","2026-06-03 18:24:17.456","11298","Electric Blue","Icehouse","Man Of Colours",264,331146344,86451,331146342,"102 The Cube",,"states/US-NAT","US Partner Digital"
"8136_1779909938","2026-05-27 19:25:38","2026-06-03 18:20:39.187","8136","The May Morning Dew","Dervish","The Great Irish Songbook",249,-1,-1,-1,"Folk Alley Irish Stream",,"states/US-NAT","US Partner Digital"
"7548_1779909929","2026-05-27 19:25:29","2026-06-03 18:21:57.712","7548","Earn Enough For Us","XTC","Skylarking",173,389736,29199,389728,"DARE FM","ROCKALTERNATIVE","states/US-NAT","US Partner Digital"
"11236_1779909925","2026-05-27 19:25:25","2026-06-03 18:24:13.958","11236","You're the Inspiration","Chicago","Chicago 17",230,8800045,5663,8800038,"DC Sugar95",,"states/US-NAT","US Partner Digital"
"9493_1779909921","2026-05-27 19:25:21","2026-06-03 18:22:58.325","9493","Luv U (Like I Do)","Slin Project X Christopher S X René De La Moné","Luv U (Like I Do) [Single]",174,-1,-1,-1,"Cadena SER","SPANISH","states/US-NAT","Spanish"
"11248_1779909918","2026-05-27 19:25:18","2026-06-03 19:30:13.260","11248","Ein Satellit sendet leise","Thees Uhlmann","Junkies und Scientologen",302,77983545,633865,77983535,"KPOP 24.7 NuWaaV RADIO",,"states/US-NAT","US Partner Digital"
"11314_1779909914","2026-05-27 19:25:14","2026-06-03 18:24:23.463","11314","Graceless","The National","Trouble Will Find Me",275,21475312,61096,21475304,"Alt Rock Variety MEGASHUFFLE",,"states/US-NAT","US Partner Digital"
"9925_1779909914","2026-05-27 19:25:14","2026-06-03 18:23:42.596","9925","Oh Very Young","Yusuf / Cat Stevens","Buddha And The Chocolate Box",156,33144240,72348,33144238,"M2D2 RADIO WERP","ACHOTMODERN","states/US-NAT","US Partner Digital"
"9774_1779909911","2026-05-27 19:25:11","2026-06-03 18:23:06.891","9774","Confident","Demi Lovato","Confident",205,35985598,42340,35985597,"LIVE 99.9","CHRPOP","states/US-NAT","US Partner Digital"
"9034_1779909910","2026-05-27 19:25:10","2026-06-03 18:22:44.309","9034","Secret Rendezvous","Karyn White","Karyn White",339,1021706,58829,1021704,"108 SOUL","RNB","states/US-NAT","US Partner Digital"
"8713_1779909908","2026-05-27 19:25:08","2026-06-03 18:20:41.999","8713","Me and Mrs. Jones","Billy Paul","360 Degrees of Billy Paul (Expanded Edition)",291,77552821,91139,77552817,"Smooth 70s",,"states/US-NAT","US Partner Digital"
"9771_1779909901","2026-05-27 19:25:01","2026-06-03 18:23:07.546","9771","Not A Place (feat. Oaks)","Timmy Trumpet","Not A Place (feat. Oaks)",160,389122778,740410,389122777,"Maxima Radio","OTHER","states/US-NAT","US Partner Digital"
"11297_1779909899","2026-05-27 19:24:59","2026-06-03 18:24:16.416","11297","Satisfaction","Benny Benassi & The Biz","Hypnotica",285,22829106,60280,22829105,"iPartyRadio: Dance Anthems",,"states/US-NAT","US Partner Digital"
"11260_1779909897","2026-05-27 19:24:57","2026-06-03 18:24:15.511","11260","So Easy (To Fall In Love)","Olivia Dean","The Art of Loving",168,352012881,33471063,352012876,"The Juice",,"states/US-NAT","US Partner Digital"
"6297_1779909892","2026-05-27 19:24:52","2026-06-03 18:20:27.276","6297","Girl from the North Country","Bob Dylan","The Freewheelin' Bob Dylan",202,2539831,971,2532676,"Local Current","ROCKALTERNATIVE","states/US-NAT","US Partner Digital"
"9806_1779909880","2026-05-27 19:24:40","2026-06-03 18:20:51.028","9806","Broken","Seether feat. Amy Lee","Disclaimer II",257,26929799,80363,26929779,"AlternativeRadio.us","ROCKALTERNATIVE","states/US-NAT","US Partner Digital"
"9657_1779909878","2026-05-27 19:24:38","2026-06-03 18:20:55.776","9657","Second To None","Tauren Wells & Miles Minnick","Second To None",181,367059038,31219675,367059037,"NGEN Radio","HIPHOPRNB","states/US-NAT","US Partner Digital"
"9339_1779909876","2026-05-27 19:24:36","2026-06-03 18:22:57.578","9339","Disco Inferno","50 Cent","The Massacre",213,730055,179,730038,"DJ KIDNU RADIO","HIPHOPRNB","states/US-NAT","US Partner Digital"
"9772_1779909874","2026-05-27 19:24:34","2026-06-03 19:29:17.886","9772","Martha's Revenge","Al Zanders Feat. Sheyi","Guidance [EP]",330,-1,-1,-1,"Traklife Radio","ACHOTMODERN","states/US-NAT","US Partner Digital"
"8761_1779909865","2026-05-27 19:24:25","2026-06-03 18:22:35.649","8761","Don't Sleep in the Subway","Petula Clark","Don't Sleep in the Subway - Her Greatest Hits",179,38327994,1596,38327991,"Rewound Radio",,"states/US-NAT","US Partner Digital"
"5254_1779909857","2026-05-27 19:24:17","2026-06-03 18:21:41.828","5254","Smalltown Boy","Bronski Beat","Smalltown Boy",302,61730918,59926,61730917,"WHIP Radio",,"PA","Public Radio"
"7869_1779909856","2026-05-27 19:24:16","2026-06-03 18:22:14.269","7869","Confidence","Sanctus Real","Changed",181,55224549,28466,55224545,"Family Life Radio","OTHER","states/US-NAT","US Partner Digital"
"7863_1779909856","2026-05-27 19:24:16","2026-06-03 18:22:12.485","7863","School's Out","Alice Cooper","School's Out",209,219683170,24190,219683169,"RnR Radio","Prov_Other","states/US-NAT","US Partner Digital"
"11384_1779909855","2026-05-27 19:24:15","2026-06-03 18:24:26.097","11384","Gasolina","Daddy Yankee","Barrio Fino",192,307091718,7268,307091713,"DJ Babydoll Radio",,"states/US-NAT","US Partner Digital"
"10344_1779909849","2026-05-27 19:24:09","2026-06-03 18:21:08.162","10344","I Feel A Song (In My Heart)","Gladys Knight & the Pips","The Best of Gladys Knight & The Pips: Love Finds Its Own Way",202,2565894,3868,2565856,"Real Oldies Music Radio",,"states/US-NAT","US Partner Digital"
"8989_1779909843","2026-05-27 19:24:03","2026-06-03 18:22:43.631","8989","Symphony in C Major, IV. Largo - Tempo giusto, alla breve","Robert Craft","Stravinsky: Symphony in C - Symphony in 3 Movements - Octet - Dumbarton Oaks",425,48198783,109195,48198773,"K-Mozart","OTHER","states/US-NAT","US Partner Digital"
"6464_1779909838","2026-05-27 19:23:58","2026-06-03 18:21:49.262","6464","Twilight Zone","Golden Earring","Cut",477,232289995,646333,232289989,"The Loop",,"IL","Classic Rock"
"9737_1779909832","2026-05-27 19:23:52","2026-06-03 18:23:06.106","9737","Different Pages","Mariah the Scientist","To Be Eaten Alive",146,239339723,33233764,239339715,"Press Play Radio","HIPHOPRNB","states/US-NAT","US Partner Digital"
"6295_1779909821","2026-05-27 19:23:41","2026-06-03 18:21:48.260","6295","Smooth Sailin'","Leon Bridges","Coming Home",187,38165051,30761989,38165047,"Rock the Cradle","Prov_American Public Media","states/US-NAT","US Partner Digital"
"8883_1779909819","2026-05-27 19:23:39","2026-06-03 18:22:38.214","8883","Ellis Island","Simone Dinnerstein","Holes In The Sky",184,-1,-1,-1,"YourClassical Peaceful Piano","OTHER","states/US-NAT","Classical"
"9922_1779909819","2026-05-27 19:23:39","2026-06-03 18:23:42.656","9922","Treat Her Like A Lady","Cornelius Brothers & Sister Rose","The Story Of Cornelius Brothers & Sister Rose",159,372389,10220,372385,"Groovy 105.7","CLASSICHITS","states/US-NAT","US Partner Digital"
"11315_1779909818","2026-05-27 19:23:38","2026-06-03 18:24:18.666","11315","Mädchen 2k19","LKDR, HimbeerE!s","Mädchen 2k19",259,168070333,32579976,168070330,"The EDM Megashuffle",,"states/US-NAT","US Partner Digital"
"6227_1779909812","2026-05-27 19:23:32","2026-06-03 18:20:27.342","6227","What You Want (feat. Total)","Mase","Harlem World",241,20141652,58759,20141639,"Hot 106.5","RNB","FL","R&B"
"9200_1779909810","2026-05-27 19:23:30","2026-06-03 18:21:03.142","9200","Guy For That","Post Malone feat. Luke Combs","F-1 Trillion",163,284169652,30779802,284169644,"Knox Country","COUNTRY","TN","Country"
"11318_1779909808","2026-05-27 19:23:28","2026-06-03 18:24:18.618","11318","Get It Shawty","Lloyd","Street Love",209,784589,38890,784585,"DMX Radio",,"states/US-NAT","US Partner Digital"
"8308_1779909808","2026-05-27 19:23:28","2026-06-03 18:20:39.241","8308","Die For You","The Weeknd","Starboy",259,43758974,744880,43758957,"FUBU Radio",,"states/US-NAT","US Partner Digital"
"9799_1779909804","2026-05-27 19:23:24","2026-06-03 18:23:08.002","9799","Before You Go","Lewis Capaldi","Divinely Uninspired To A Hellish Extent",214,84013339,31525506,84013326,"Jam Hits","OTHER","states/US-NAT","US Partner Digital"
"10775_1779909791","2026-05-27 19:23:11","2026-06-03 18:24:08.016","10775","Made To Love","tobyMac","Portable Sounds",229,494161,386996,494159,"The Light DFW",,"states/US-NAT","US Partner Digital"
"11300_1779909788","2026-05-27 19:23:08","2026-06-03 18:24:17.162","11300","This Heart","Corey Kent","Black Bandana",186,286427714,33104467,286427705,"99.5 THE GULF",,"states/US-NAT","US Partner Digital"
"7369_1779909783","2026-05-27 19:23:03","2026-06-03 18:23:34.879","7369","Una Nota","J Balvin & Sech","JOSE",170,153646154,612002,153646149,"La Mezcla Fuego","SPANISH","states/US-NAT","Spanish"
"8982_1779909782","2026-05-27 19:23:02","2026-06-03 18:20:47.083","8982","Return of the Mack","Mark Morrison","Return of the Mack",212,69548698,54107,69548692,"Rickey Smiley Morning Show",,"states/US-NAT","US Partner Digital"
"8986_1779909781","2026-05-27 19:23:01","2026-06-03 18:20:46.997","8986","Return of the Mack","Mark Morrison","Return of the Mack",212,69548698,54107,69548692,"The DL Hughley Show",,"states/US-NAT","US Partner Digital"
"11297_1779909768","2026-05-27 19:22:48","2026-06-03 18:24:16.416","11297","I'm Gonna Get You (Original Flavour Mix Edit)","Bizarre Inc.","I'm Gonna Get You",203,-1,-1,-1,"iPartyRadio: Dance Anthems",,"states/US-NAT","US Partner Digital"
"9034_1779909766","2026-05-27 19:22:46","2026-06-03 18:22:44.309","9034","In the Closet","Michael Jackson","The Essential Michael Jackson",288,2488916,6739,2488893,"108 SOUL","RNB","states/US-NAT","US Partner Digital"
"11302_1779909764","2026-05-27 19:22:44","2026-06-03 18:24:21.565","11302","Once Upon A Bottle Of Wine (feat. Charlie Wilson)","Scotty McCreery feat. Charlie Wilson","Once Upon A Bottle Of Wine (feat. Charlie Wilson)",204,335020595,608800,335020594,"County Line",,"states/US-NAT","US Partner Digital"
"8987_1779909762","2026-05-27 19:22:42","2026-06-03 18:20:46.509","8987","Love Is U","Koryn Hawthorne","On God",207,237877446,30859688,237877443,"Willie Moore Jr. Show","OTHER","states/US-NAT","US Partner Digital"
"8984_1779909761","2026-05-27 19:22:41","2026-06-03 18:20:47.401","8984","Love Is U","Koryn Hawthorne","On God",207,237877446,30859688,237877443,"Get Up! Mornings","OTHER","states/US-NAT","US Partner Digital"
"9570_1779909758","2026-05-27 19:22:38","2026-06-03 18:20:50.187","9570","Get Back","The Beatles","Let It Be",186,235799076,591,235799064,"Oldies.Gold","CLASSICHITS","states/US-NAT","US Partner Digital"
"10174_1779909755","2026-05-27 19:22:35","2026-06-03 18:21:05.851","10174","Worthy Of It All (Worthy)","CeCe Winans","More Than This (Deluxe Edition)",223,393401827,28638,393401812,"Family Life Now","OTHER","states/US-NAT","US Partner Digital"
"8713_1779909755","2026-05-27 19:22:35","2026-06-03 18:20:41.999","8713","Don't Pull Your Love Out","Hamilton, Joe Frank & Reynolds","Hamilton, Joe Frank & Reynolds",162,71864888,9663,71864881,"Smooth 70s",,"states/US-NAT","US Partner Digital"
"9903_1779909754","2026-05-27 19:22:34","2026-06-03 18:20:52.325","9903","Sleepless in a Hotel Room","Luke Combs","Sleepless in a Hotel Room",177,368407001,30406307,368407000,"Kickin' Kountry Radio","COUNTRY","states/US-NAT","US Partner Digital"
"11461_1779909750","2026-05-27 19:22:30","2026-06-03 18:24:25.139","11461","SNOKONOKO","Al Xapo, Benzoo & EeQue","SNOKONOKO PACK (Stack Of Money)",398,373537046,39330124,373537041,"DogSled African Radio",,"states/US-NAT","US Partner Digital"
"4776_1779909744","2026-05-27 19:22:24","2026-06-03 18:21:00.039","4776","Where Do We Go","Ayra Starr","Where Do We Go",176,384106411,35206697,384106410,"Mix Nation","CHRPOP","states/US-NAT","Dance"
"7680_1779909738","2026-05-27 19:22:18","2026-06-03 18:22:08.004","7680","The Sound of Silence","Disturbed","Immortalized",248,34698544,58304,34698533,"Mad Rock Nation","ROCKACTIVE","states/US-NAT","US Partner Digital"
"9771_1779909730","2026-05-27 19:22:10","2026-06-03 18:23:07.546","9771","Too Late For Love","3LAU","Too Late For Love [Single]",161,-1,-1,-1,"Maxima Radio","OTHER","states/US-NAT","US Partner Digital"
"11241_1779909728","2026-05-27 19:22:08","2026-06-03 18:24:14.915","11241","Good Times (with Jimmy Barnes)","INXS with Jimmy Barnes","The Lost Boys Original Motion Picture Soundtrack",231,69557444,961403,69557443,"93QFM",,"states/US-NAT","US Partner Digital"
"8995_1779909725","2026-05-27 19:22:05","2026-06-03 18:22:44.169","8995","Dance the Night Away","Van Halen","Van Halen II",188,31324873,58813,31324871,"That 70's Channel","CLASSICHITS","states/US-NAT","US Partner Digital"
"8163_1779909719","2026-05-27 19:21:59","2026-06-03 18:22:17.565","8163","The Times They Are A-Changin' (feat. Rosanne Cash, Steve Earle, Jason Isbell & The War and Treaty)","The Nitty Gritty Dirt Band","Dirt Does Dylan",224,163091435,28309,163091427,"Folk Alley Holiday","OTHER","states/US-NAT","US Partner Digital"
"8905_1779909717","2026-05-27 19:21:57","2026-06-03 18:22:42.359","8905","So Into You","Atlanta Rhythm Section","A Rock And Roll Alternative",264,20471018,324,20471013,"Carolina Gold 93.9 & 106.3","CLASSICHITS","states/US-NAT","US Partner Digital"
"8761_1779909713","2026-05-27 19:21:53","2026-06-03 18:22:35.649","8761","For All We Know","Carpenters","Carpenters Gold",153,60303228,39303,60303193,"Rewound Radio",,"states/US-NAT","US Partner Digital"
"7099_1779909710","2026-05-27 19:21:50","2026-06-03 18:21:54.382","7099","Whispers in the Dark","Skillet","Comatose",203,1017175,31216,1017165,"WAY LOUD","OTHER","states/US-NAT","US Partner Digital"
"9425_1779909709","2026-05-27 19:21:49","2026-06-03 18:20:48.807","9425","Fishnet","Morris Day","Daydreaming",365,60755086,44493,60755083,"Bayology Radio",,"states/US-NAT","US Partner Digital"
"5254_1779909708","2026-05-27 19:21:48","2026-06-03 18:21:41.828","5254","Girls","The Dare","What's Wrong With New York?",119,365731854,43811152,365731850,"WHIP Radio",,"PA","Public Radio"
"8885_1779909705","2026-05-27 19:21:45","2026-06-03 18:22:37.353","8885","Mozart: Serenade No. 13 in G Major, K. 525 ""Eine kleine Nachtmusik"": II. Romance. Andante","Sir Neville Marriner & Academy Of St. Martin In The Fields","Mozart: Eine Kleine Nachtmusik etc.",346,5400685,31437051,5400683,"YourClassical Relax","OTHER","states/US-NAT","Classical"
"8885_1779909703","2026-05-27 19:21:43","2026-06-03 18:22:37.353","8885","2. Romance (Andante)","Orpheus Chamber Orchestra","Mozart, W.A.: The Wind Concertos / Serenades / Divertimenti",343,19127741,30306785,19127730,"YourClassical Relax","OTHER","states/US-NAT","Classical"
"9889_1779909703","2026-05-27 19:21:43","2026-06-03 18:23:08.254","9889","Ando Bien Agusto","Matisse, Los Tucanes de Tijuana","De Norte a Sur",190,238211768,107249,238211764,"La Invasora 94.7","SPANISH","states/US-NAT","US Partner Digital"
"9925_1779909701","2026-05-27 19:21:41","2026-06-03 18:23:42.596","9925","You Shook Me All Night Long","AC/DC","Back In Black",209,33310552,83301,33310545,"M2D2 RADIO WERP","ACHOTMODERN","states/US-NAT","US Partner Digital"
"7742_1779909697","2026-05-27 19:21:37","2026-06-03 18:22:08.199","7742","Black & Gold","Sam Sparro","Sam Sparro",274,575235,39591,575228,"Christmas by Classical KING","OTHER","states/US-NAT","US Partner Digital"
"11260_1779909691","2026-05-27 19:21:31","2026-06-03 18:24:15.511","11260","Homewrecker","sombr","Homewrecker",208,377732675,44186011,377732674,"The Juice",,"states/US-NAT","US Partner Digital"
"11384_1779909688","2026-05-27 19:21:28","2026-06-03 18:24:26.097","11384","Dale Don Dale","Don Omar","The Last Don",214,666788,39198,666783,"DJ Babydoll Radio",,"states/US-NAT","US Partner Digital"
"9774_1779909687","2026-05-27 19:21:27","2026-06-03 18:23:06.891","9774","Heroine","Maroon 5","Heroine",154,397495595,40523,397495594,"LIVE 99.9","CHRPOP","states/US-NAT","US Partner Digital"
"7869_1779909683","2026-05-27 19:21:23","2026-06-03 18:22:14.269","7869","Let The Church Sing","Tauren Wells","Let The Church Sing",175,319099546,31219675,319099545,"Family Life Radio","OTHER","states/US-NAT","US Partner Digital"
"10636_1779909681","2026-05-27 19:21:21","2026-06-03 18:21:11.306","10636","I Want Her","Keith Sweat","Make It Last Forever",360,41666797,58434,41666793,"98.3 BPME ""The Sound""",,"states/US-NAT","US Partner Digital"
"9035_1779909673","2026-05-27 19:21:13","2026-06-03 18:22:43.937","9035","OUT LATE.","Loud Luxury & SadBoi","OUT LATE.",129,387377904,31631693,387377903,"Nexus Radio","OTHER","states/US-NAT","US Partner Digital"
"8308_1779909671","2026-05-27 19:21:11","2026-06-03 18:20:39.241","8308","Around Me","Chinx","Legends Never Die",192,41961358,148154,41961354,"FUBU Radio",,"states/US-NAT","US Partner Digital"
"8984_1779909666","2026-05-27 19:21:06","2026-06-03 18:20:47.401","8984","I Will Wait","Bri Babineaux","I Will Wait",217,211889179,34011451,211889178,"Get Up! Mornings","OTHER","states/US-NAT","US Partner Digital"
"6297_1779909665","2026-05-27 19:21:05","2026-06-03 18:20:27.276","6297","Sadness Is Taking Over","Flora Cash","Nothing Lasts Forever (And It's Fine)",227,102608371,30993069,102608367,"Local Current","ROCKALTERNATIVE","states/US-NAT","US Partner Digital"
"8983_1779909665","2026-05-27 19:21:05","2026-06-03 18:20:46.191","8983","Take Me Thru Dere","Metro Boomin, Quavo, Breskii, YKNIECE & DJ Spinz","Metro Boomin Presents: A Futuristic Summa (Hosted by DJ Spinz)",162,342746924,909806,342746919,"The Morning Hustle",,"states/US-NAT","US Partner Digital"
"9200_1779909664","2026-05-27 19:21:04","2026-06-03 18:21:03.142","9200","Austin (Boots Stop Workin')","Dasha","What Happens Now?",171,288389943,42604272,288389939,"Knox Country","COUNTRY","TN","Country"
"8987_1779909663","2026-05-27 19:21:03","2026-06-03 18:20:46.509","8987","I Will Wait","Bri Babineaux","I Will Wait",217,211889179,34011451,211889178,"Willie Moore Jr. Show","OTHER","states/US-NAT","US Partner Digital"
"9799_1779909659","2026-05-27 19:20:59","2026-06-03 18:23:08.002","9799","Addicted","Zerb and The Chainsmokers featuring Ink","Addicted",151,258856934,31880075,258856933,"Jam Hits","OTHER","states/US-NAT","US Partner Digital"
"11300_1779909658","2026-05-27 19:20:58","2026-06-03 18:24:17.162","11300","All My Exes","Lauren Alaina feat. Chase Matthew","All My Exes",172,327000068,608799,327000067,"99.5 THE GULF",,"states/US-NAT","US Partner Digital"
"4776_1779909653","2026-05-27 19:20:53","2026-06-03 18:21:00.039","4776","Let Me Love You","DJ Snake & Justin Bieber","Encore",205,41636698,21564,41636685,"Mix Nation","CHRPOP","states/US-NAT","Dance"
"8885_1779909651","2026-05-27 19:20:51","2026-06-03 18:22:37.353","8885","Serenade In G Major, K. 525 ""Eine Kleine Nachtmusik"": II. Romance: Andante","Mikhail Khokhlov & Gnessin Virtuosi Chamber Orchestra","Mozart: Serenade In G Major, K. 525 ""Eine Kleine Nachtmusik""",404,-1,-1,-1,"YourClassical Relax","OTHER","states/US-NAT","Classical"
"11248_1779909645","2026-05-27 19:20:45","2026-06-03 18:24:15.198","11248","Never [Colyn Extended Mix]","Joris Voorn","Four (Remixes Deluxe)",454,-1,-1,-1,"KPOP 24.7 NuWaaV RADIO",,"states/US-NAT","US Partner Digital"
"11301_1779909643","2026-05-27 19:20:43","2026-06-03 18:24:16.693","11301","Land","Tyler Hubbard","Land",203,402884483,35671519,402884482,"99.5 THE STAR",,"states/US-NAT","US Partner Digital"
"6296_1779909641","2026-05-27 19:20:41","2026-06-03 18:21:47.581","6296","Luther Played the Boogie","Johnny Cash & the Tennessee Two","Rockabilly Portrait",124,380278596,1616,380278592,"Radio Heartland","ROCKALTERNATIVE","states/US-NAT","US Partner Digital"
"7369_1779909633","2026-05-27 19:20:33","2026-06-03 18:23:34.879","7369","PANTIES Y BRASIERES","Rauw Alejandro & Daddy Yankee","PANTIES Y BRASIERES",196,201209718,31379373,201209717,"La Mezcla Fuego","SPANISH","states/US-NAT","Spanish"
"9339_1779909633","2026-05-27 19:20:33","2026-06-03 18:22:57.578","9339","Pass The Courvoisier Part II","Busta Rhymes feat. P. Diddy & Pharrell","Genesis",280,98856913,40365,98856892,"DJ KIDNU RADIO","HIPHOPRNB","states/US-NAT","US Partner Digital"
"11384_1779909629","2026-05-27 19:20:29","2026-06-03 18:24:26.097","11384","Dile","Don Omar","The Last Don",204,666790,39198,666783,"DJ Babydoll Radio",,"states/US-NAT","US Partner Digital"
"10344_1779909626","2026-05-27 19:20:26","2026-06-03 18:21:08.162","10344","Dear Lady Twist","Gary ""U.S."" Bonds","The Very Best Of Gary U.S. Bonds",153,30272386,30044623,30272372,"Real Oldies Music Radio",,"states/US-NAT","US Partner Digital"
"6464_1779909624","2026-05-27 19:20:24","2026-06-03 18:21:49.262","6464","Rock And Roll All Nite","Kiss","Alive!",263,361604920,35150,361604905,"The Loop",,"IL","Classic Rock"
"10629_1779909621","2026-05-27 19:20:21","2026-06-03 18:24:03.771","10629","Silent Night","Michael Bublé","Christmas",228,15584324,58319,15584314,"That Christmas Channel",,"states/US-NAT","US Partner Digital"
"6227_1779909616","2026-05-27 19:20:16","2026-06-03 18:20:27.342","6227","Charlie, Last Name Wilson","Charlie Wilson","Charlie, Last Name Wilson",215,2552010,121262,2551983,"Hot 106.5","RNB","FL","R&B"
"11178_1779909615","2026-05-27 19:20:15","2026-06-03 18:24:11.585","11178","Don't Know What You Got (Till It's Gone)","Cinderella","Long Cold Winter",354,61418132,30705328,61418129,"Power Hits",,"states/US-NAT","US Partner Digital"
"9570_1779909613","2026-05-27 19:20:13","2026-06-03 18:20:50.187","9570","Put A Little Love In Your Heart","Jackie DeShannon","Put A Little Love In Your Heart",160,484490,30706,484489,"Oldies.Gold","CLASSICHITS","states/US-NAT","US Partner Digital"
"10418_1779909608","2026-05-27 19:20:08","2026-06-03 18:21:08.959","10418","How Far","Tasha Layton","How Far",186,164019208,30844662,164019206,"Christian Hits FM","OTHER","states/US-NAT","US Partner Digital"
"9922_1779909605","2026-05-27 19:20:05","2026-06-03 18:23:42.656","9922","Heart Of Glass","Blondie","Parallel Lines",347,46906025,28655,46906015,"Groovy 105.7","CLASSICHITS","states/US-NAT","US Partner Digital"
"8986_1779909604","2026-05-27 19:20:04","2026-06-03 18:20:46.997","8986","LET 'EM KNOW","T.I.","LET 'EM KNOW",179,374737363,58717,374737362,"The DL Hughley Show",,"states/US-NAT","US Partner Digital"
"11318_1779909603","2026-05-27 19:20:03","2026-06-03 18:24:18.618","11318","Rock Yo Hips","Crime Mob","Hated on Mostly",226,1052016,58279,1052011,"DMX Radio",,"states/US-NAT","US Partner Digital"
"6295_1779909603","2026-05-27 19:20:03","2026-06-03 18:21:48.260","6295","Just Breathe","Pearl Jam","Backspacer",215,48244040,6765,48244035,"Rock the Cradle","Prov_American Public Media","states/US-NAT","US Partner Digital"
"9806_1779909601","2026-05-27 19:20:01","2026-06-03 18:20:51.028","9806","Snow (Hey Oh)","Red Hot Chili Peppers","The Studio Album Collection 1991 - 2011",334,29967743,6771,29844215,"AlternativeRadio.us","ROCKALTERNATIVE","states/US-NAT","US Partner Digital"
"7259_1779909600","2026-05-27 19:20:00","2026-06-03 18:20:31.413","7259","Concerto in F La Tempesta di mare per Flauto solo e Corde, RV 433, Op 10, No. 3: III. Presto","Jordi Savall","Les Eléments",131,38578279,673,38578253,"Capital Public Radio",,"states/US-NAT","US Partner Digital"
"8982_1779909600","2026-05-27 19:20:00","2026-06-03 18:20:47.083","8982","LET 'EM KNOW","T.I.","LET 'EM KNOW",179,374737363,58717,374737362,"Rickey Smiley Morning Show",,"states/US-NAT","US Partner Digital"
"8880_1779909597","2026-05-27 19:19:57","2026-06-03 18:22:39.393","8880","Parade of the Wooden Soldiers","John Williams;Boston Pops Orchestra","Joy To The World",267,51581090,30404622,51581082,"YourClassical Holiday","OTHER","states/US-NAT","US Partner Digital"
"11392_1779909596","2026-05-27 19:19:56","2026-06-03 18:24:20.956","11392","Paraquedas","Átoa & LUA","Paraquedas [Single]",169,-1,-1,-1,"Easy Jazz FM",,"states/US-NAT","US Partner Digital"
"10775_1779909594","2026-05-27 19:19:54","2026-06-03 18:24:08.016","10775","Life With You","Seph Schlueter","Counting My Blessings (Infinity Edition)",192,381973575,33463378,381973567,"The Light DFW",,"states/US-NAT","US Partner Digital"
"8905_1779909594","2026-05-27 19:19:54","2026-06-03 18:22:42.359","8905","A Groovy Kind Of Love","The Mindbenders","The Best Of Wayne Fontana & The Mindbenders 20th Century Masters The Millennium Collection",121,579862,30419277,579853,"Carolina Gold 93.9 & 106.3","CLASSICHITS","states/US-NAT","US Partner Digital"
"9737_1779909593","2026-05-27 19:19:53","2026-06-03 18:23:06.106","9737","Ice Me Out","Kash Doll","Stacked",182,81874805,30690136,81874800,"Press Play Radio","HIPHOPRNB","states/US-NAT","US Partner Digital"
"11461_1779909592","2026-05-27 19:19:52","2026-06-03 18:24:25.139","11461","Skido","Victony & Olamide","Very Stubborn",166,362207742,32871165,362207737,"DogSled African Radio",,"states/US-NAT","US Partner Digital"
"9771_1779909589","2026-05-27 19:19:49","2026-06-03 18:23:07.546","9771","Loco Loco","Gordo & Reinier Zonneveld","Loco Loco [Single]",136,-1,-1,-1,"Maxima Radio","OTHER","states/US-NAT","US Partner Digital"
"8887_1779909588","2026-05-27 19:19:48","2026-06-03 18:22:42.400","8887","Mozart: Flute Sonata #9 In C, K 14 - 3. Menuetto","Deirdre McArdle, Deiran Manning","The Young Mozart",206,-1,-1,-1,"YourClassical Sleep","OTHER","states/US-NAT","Classical"
"9481_1779909586","2026-05-27 19:19:46","2026-06-03 18:22:58.567","9481","Money Ain't A Thang","JAY-Z feat. JD","Vol.2... Hard Knock Life",252,680759,39268,680753,"That Throwback Channel!","RNB","states/US-NAT","US Partner Digital"
"8989_1779909576","2026-05-27 19:19:36","2026-06-03 18:22:43.631","8989","Sleep Through The Fire","Kristiane","Sleep Through The Fire",216,334614649,33247559,334614648,"K-Mozart","OTHER","states/US-NAT","US Partner Digital"
"8163_1779909574","2026-05-27 19:19:34","2026-06-03 18:22:17.565","8163","Subterranean Homesick Blues","Bob Dylan","Bringing It All Back Home",143,2537823,971,2526458,"Folk Alley Holiday","OTHER","states/US-NAT","US Partner Digital"
"7867_1779909567","2026-05-27 19:19:27","2026-06-03 18:22:12.934","7867","I'm Gonna Make You Love Me","Diana Ross & The Supremes & The Temptations","Diana Ross & The Supremes Join The Temptations",188,23150868,39683,23150864,"Purple Current","Prov_American Public Media","states/US-NAT","US Partner Digital"
"9727_1779909565","2026-05-27 19:19:25","2026-06-03 18:23:10.272","9727","19","Paul Hardcastle","Nineteen And Beyond: Paul Hardcastle 1984-1988",378,220412572,30612260,220412565,"FreeAgentSoul","RNB","states/US-NAT","US Partner Digital"
"9903_1779909564","2026-05-27 19:19:24","2026-06-03 18:20:52.325","9903","New Truck","Dylan Scott","New Truck",176,138414414,732614,138414413,"Kickin' Kountry Radio","COUNTRY","states/US-NAT","US Partner Digital"
"8885_1779909562","2026-05-27 19:19:22","2026-06-03 18:22:37.353","8885","5 Lieder, Op. 49, 5 Lieder, Op. 49: No. 4, Wiegenlied (Arr. A. Spalding)","Rachel Barton Pine","Violin Lullabies",143,64375158,3426,64375157,"YourClassical Relax","OTHER","states/US-NAT","Classical"
"11384_1779909561","2026-05-27 19:19:21","2026-06-03 18:24:26.097","11384","Tu Príncipe","Daddy Yankee feat. Zion & Lennox","Barrio Fino",205,307091722,7268,307091713,"DJ Babydoll Radio",,"states/US-NAT","US Partner Digital"
"10419_1779909555","2026-05-27 19:19:15","2026-06-03 18:21:09.037","10419","Little Red Corvette","Prince","1999",303,120146571,3403,120146569,"THAT 80's CHANNEL",,"states/US-NAT","US Partner Digital"
"11315_1779909554","2026-05-27 19:19:14","2026-06-03 18:24:18.666","11315","terms and conditions","Bl3ss","terms and conditions",151,396010804,33751247,396010803,"The EDM Megashuffle",,"states/US-NAT","US Partner Digital"
"11248_1779909553","2026-05-27 19:19:13","2026-06-03 18:24:15.198","11248","Arrows","VAMERO, Zwette & Klara Elias","Arrows",155,274858086,35623717,274858085,"KPOP 24.7 NuWaaV RADIO",,"states/US-NAT","US Partner Digital"
"5254_1779909547","2026-05-27 19:19:07","2026-06-03 18:21:41.828","5254","Sleepless","D.O.D","Sleepless",185,123219717,31504018,123219716,"WHIP Radio",,"PA","Public Radio"
"9319_1779909543","2026-05-27 19:19:03","2026-06-03 18:20:49.355","9319","American Made","Dee Snider","For the Love of Metal",214,69152061,282838,69152057,"KBACK Rock Radio","ROCKACTIVE","states/US-NAT","US Partner Digital"
"8761_1779909540","2026-05-27 19:19:00","2026-06-03 18:22:35.649","8761","Shotgun","Jr. Walker & The All Stars","Shotgun",182,162060867,46767050,162060864,"Rewound Radio",,"states/US-NAT","US Partner Digital"
"9799_1779909534","2026-05-27 19:18:54","2026-06-03 18:23:08.002","9799","sins (let me in)","KANII","sins (let me in)",127,232377507,32090598,232377506,"Jam Hits","OTHER","states/US-NAT","US Partner Digital"
"11297_1779909530","2026-05-27 19:18:50","2026-06-03 18:24:16.416","11297","One More Time","Real McCoy","One More Time",238,44167327,47302060,3799428,"iPartyRadio: Dance Anthems",,"states/US-NAT","US Partner Digital"
"9737_1779909526","2026-05-27 19:18:46","2026-06-03 18:23:06.106","9737","With A Little Help From My Friends","Herb Alpert & the Tijuana Brass","Herb Alpert's Ninth",166,110127899,89194,110127891,"Press Play Radio","HIPHOPRNB","states/US-NAT","US Partner Digital"
"11462_1779909523","2026-05-27 19:18:43","2026-06-03 18:24:26.102","11462","Shit I Like (feat. TM88)","Waka Flocka Flame","Lebron Flocka James 2K26",184,381197299,115112,381197298,"Carolina smoke radio",,"states/US-NAT","US Partner Digital"
"9425_1779909522","2026-05-27 19:18:42","2026-06-03 18:20:48.807","9425","I Can't Go for That (No Can Do)","Daryl Hall & John Oates","Private Eyes (Expanded Edition)",309,2607839,645736,2604055,"Bayology Radio",,"states/US-NAT","US Partner Digital"
"4776_1779909518","2026-05-27 19:18:38","2026-06-03 18:21:00.039","4776","Condo","Afro B (feat. T-Pain)","Afrowave 3",165,81314859,30759151,81314856,"Mix Nation","CHRPOP","states/US-NAT","Dance"
"11241_1779909514","2026-05-27 19:18:34","2026-06-03 18:24:14.915","11241","Give A Little Bit","Supertramp","Even In The Quietest Moments...",248,387378181,39262,387378180,"93QFM",,"states/US-NAT","US Partner Digital"
"9922_1779909501","2026-05-27 19:18:21","2026-06-03 18:23:42.656","9922","Respect","Aretha Franklin","I Never Loved a Man the Way I Love You (Mono)",147,26772316,42526,26772315,"Groovy 105.7","CLASSICHITS","states/US-NAT","US Partner Digital"
"7869_1779909496","2026-05-27 19:18:16","2026-06-03 18:22:14.269","7869","Chain Breaker","Zach Williams","Chain Breaker (Deluxe Edition)",196,50644340,31203647,50644337,"Family Life Radio","OTHER","states/US-NAT","US Partner Digital"
"10465_1779909495","2026-05-27 19:18:15","2026-06-03 18:21:10.274","10465","Smalltown Boy","Bronski Beat","Smalltown Boy",302,61730918,59926,61730917,"CJ's Awesome 80s",,"states/US-NAT","US Partner Digital"
"8713_1779909494","2026-05-27 19:18:14","2026-06-03 18:20:41.999","8713","Neither One Of Us (Wants To Be The First To Say Goodbye)","Gladys Knight & the Pips","Neither One Of Us",263,60613048,3868,60613047,"Smooth 70s",,"states/US-NAT","US Partner Digital"
"7369_1779909493","2026-05-27 19:18:13","2026-06-03 18:23:34.879","7369","Efecto","Bad Bunny","Un Verano Sin Ti",212,167696919,31333415,167696909,"La Mezcla Fuego","SPANISH","states/US-NAT","Spanish"
"10629_1779909490","2026-05-27 19:18:10","2026-06-03 18:24:03.771","10629","That's What I Want for Christmas","Nancy Wilson","Christmas Classics",138,44065577,27731,44065516,"That Christmas Channel",,"states/US-NAT","US Partner Digital"
"9200_1779909487","2026-05-27 19:18:07","2026-06-03 18:21:03.142","9200","Don’t Tell On Me","Jason Aldean","Don't Tell On Me",184,382350849,369639,382350848,"Knox Country","COUNTRY","TN","Country"
"8136_1779909486","2026-05-27 19:18:06","2026-06-03 18:20:39.187","8136","Music For A Found Harmonium","Patrick Street","Irish Times",167,161224,1716,161217,"Folk Alley Irish Stream",,"states/US-NAT","US Partner Digital"
"9034_1779909486","2026-05-27 19:18:06","2026-06-03 18:22:44.309","9034","Rub You The Right Way","Johnny Gill","Favorites",269,746673,40761,746663,"108 SOUL","RNB","states/US-NAT","US Partner Digital"
"7099_1779909482","2026-05-27 19:18:02","2026-06-03 18:21:54.382","7099","Get Behind Me","Emerson Day","Get Behind Me",225,305213521,31837706,305213520,"WAY LOUD","OTHER","states/US-NAT","US Partner Digital"
"9035_1779909481","2026-05-27 19:18:01","2026-06-03 18:22:43.937","9035","Lighter","RSCL","Lighter [Single]",225,-1,-1,-1,"Nexus Radio","OTHER","states/US-NAT","US Partner Digital"
"11384_1779909471","2026-05-27 19:17:51","2026-06-03 18:24:26.097","11384","Pa' Que Retozen","Tego Calderón","El Abayarde",151,47435694,130146,47435689,"DJ Babydoll Radio",,"states/US-NAT","US Partner Digital"
"10636_1779909470","2026-05-27 19:17:50","2026-06-03 18:21:11.306","10636","Nice & Slow","Usher","My Way",227,2550426,56557,2538663,"98.3 BPME ""The Sound""",,"states/US-NAT","US Partner Digital"
"11236_1779909470","2026-05-27 19:17:50","2026-06-03 18:24:13.958","11236","What's Up?","4 Non Blondes","Bigger, Better, Faster, More !",295,771430,43258,771419,"DC Sugar95",,"states/US-NAT","US Partner Digital"
"9925_1779909461","2026-05-27 19:17:41","2026-06-03 18:23:42.596","9925","Your Love","The Outfield","Play Deep",216,203134379,98021,203134377,"M2D2 RADIO WERP","ACHOTMODERN","states/US-NAT","US Partner Digital"
"9200_1779909461","2026-05-27 19:17:41","2026-06-03 18:21:03.142","9200","Don’t Tell On Me","Jason Aldean","Don't Tell On Me",184,382350849,369639,382350848,"Knox Country","COUNTRY","TN","Country"
"9739_1779909456","2026-05-27 19:17:36","2026-06-03 18:23:05.854","9739","If I Was King","Black Swan","Paralyzed",313,351946735,590573,351946731,"The Rock Vault","ROCKCLASSIC","states/US-NAT","US Partner Digital"
"8308_1779909454","2026-05-27 19:17:34","2026-06-03 18:20:39.241","8308","Hold Up","Chinx","Legends Never Die",216,41961357,148154,41961354,"FUBU Radio",,"states/US-NAT","US Partner Digital"
"11300_1779909450","2026-05-27 19:17:30","2026-06-03 18:24:17.162","11300","Drunk On That","Mae Estes","Drunk On That",207,347732478,33104874,347732477,"99.5 THE GULF",,"states/US-NAT","US Partner Digital"
"7680_1779909450","2026-05-27 19:17:30","2026-06-03 18:22:08.004","7680","In the Air Tonight","Phil Collins","Face Value",335,38257668,42237,38257667,"Mad Rock Nation","ROCKACTIVE","states/US-NAT","US Partner Digital"
"9570_1779909449","2026-05-27 19:17:29","2026-06-03 18:20:50.187","9570","I Wish","Stevie Wonder","Songs In The Key Of Life",252,73051940,3404,73051934,"Oldies.Gold","CLASSICHITS","states/US-NAT","US Partner Digital"
"11301_1779909447","2026-05-27 19:17:27","2026-06-03 18:24:16.693","11301","Make Heaven Crowded","Cole Swindell","Make Heaven Crowded",190,351929478,867822,351929477,"99.5 THE STAR",,"states/US-NAT","US Partner Digital"
"9774_1779909444","2026-05-27 19:17:24","2026-06-03 18:23:06.891","9774","All Night","Big Boi","BOOMIVERSE",241,237943015,244798,237943009,"LIVE 99.9","CHRPOP","states/US-NAT","US Partner Digital"
"9570_1779909441","2026-05-27 19:17:21","2026-06-03 18:20:50.187","9570","Little Things","Dave Berry","This Special Sound Of Dave Berry",143,39224482,30802487,39224468,"Oldies.Gold","CLASSICHITS","states/US-NAT","US Partner Digital"
"8983_1779909439","2026-05-27 19:17:19","2026-06-03 18:20:46.191","8983","LET 'EM KNOW","T.I.","LET 'EM KNOW",179,374737363,58717,374737362,"The Morning Hustle",,"states/US-NAT","US Partner Digital"
"6295_1779909436","2026-05-27 19:17:16","2026-06-03 18:21:48.260","6295","There She Goes","The La's","The La's",161,632369,40691,632365,"Rock the Cradle","Prov_American Public Media","states/US-NAT","US Partner Digital"
"8883_1779909435","2026-05-27 19:17:15","2026-06-03 18:22:38.214","8883","Rachmaninov: Préludes, Op. 23 – #6 In E Flat: Andante","Boris Giltburg","Rachmaninov: 24 Préludes",174,-1,-1,-1,"YourClassical Peaceful Piano","OTHER","states/US-NAT","Classical"
"11461_1779909431","2026-05-27 19:17:11","2026-06-03 18:24:25.139","11461","Big FU","David Guetta & Ayra Starr & Lil Durk","Big FU",161,239264454,28289,239264453,"DogSled African Radio",,"states/US-NAT","US Partner Digital"
"8308_1779909431","2026-05-27 19:17:11","2026-06-03 18:20:39.241","8308","B.B.B.","Juvenile & Megan Thee Stallion","B.B.B. [Single]",140,-1,-1,-1,"FUBU Radio",,"states/US-NAT","US Partner Digital"
"7742_1779909425","2026-05-27 19:17:05","2026-06-03 18:22:08.199","7742","Darke: In the Bleak Midwinter","John Bowen, The Choir of King's College, Cambridge, David Briggs, & Stephen Cleobury","The Christmas Spirit",260,19116981,30637059,19116961,"Christmas by Classical KING","OTHER","states/US-NAT","US Partner Digital"
"8883_1779909420","2026-05-27 19:17:00","2026-06-03 18:22:38.214","8883","10 Preludes, Op. 23: No. 6. Andante in E-Flat Major","Nikolai Lugansky","Rachmaninov: 24 Preludes",182,53320058,30308861,53320051,"YourClassical Peaceful Piano","OTHER","states/US-NAT","Classical"
"8883_1779909419","2026-05-27 19:16:59","2026-06-03 18:22:38.214","8883","Prélude No. 6 in E-Flat Major, Op. 23","Misha Fomin","Rachmaninoff: Piano Masterpieces",195,158620805,38240976,158620785,"YourClassical Peaceful Piano","OTHER","states/US-NAT","Classical"
"8883_1779909415","2026-05-27 19:16:55","2026-06-03 18:22:38.214","8883","10 Preludes, Op. 23: No. 6. Andante in E-Flat Major","Nikolai Lugansky","Rachmaninov: 24 Preludes",182,53320058,30308861,53320051,"YourClassical Peaceful Piano","OTHER","states/US-NAT","Classical"
"10092_1779909413","2026-05-27 19:16:53","2026-06-03 18:21:06.398","10092","Love Me","Dr. Ushūu","Love Me",222,201798902,32906519,201798901,"EDM Beats",,"states/US-NAT","US Partner Digital"
"9771_1779909412","2026-05-27 19:16:52","2026-06-03 18:23:07.546","9771","ifidiewouldyoucry","AVAION","ifidiewouldyoucry",174,391485642,33565304,391485641,"Maxima Radio","OTHER","states/US-NAT","US Partner Digital"
"9806_1779909411","2026-05-27 19:16:51","2026-06-03 18:20:51.028","9806","All I Want","Toad the Wet Sprocket","fear",197,2534171,16040,2532652,"AlternativeRadio.us","ROCKALTERNATIVE","states/US-NAT","US Partner Digital"
"8135_1779909404","2026-05-27 19:16:44","2026-06-03 18:20:38.961","8135","The Great Caucasian God","Jesse Welles","Devil’s Den",229,344362688,42675048,344362687,"Folk Alley Fresh Cuts",,"states/US-NAT","US Partner Digital"
"9339_1779909403","2026-05-27 19:16:43","2026-06-03 18:22:57.578","9339","Shoop","Salt-N-Pepa","Deadpool (Original Soundtrack Album)",248,98953549,42705,98953545,"DJ KIDNU RADIO","HIPHOPRNB","states/US-NAT","US Partner Digital"
"8883_1779909396","2026-05-27 19:16:36","2026-06-03 18:22:38.214","8883","1. In E Flat Major","Radu Lupu","Radu Lupu plays Brahms",343,19212162,30640487,19212154,"YourClassical Peaceful Piano","OTHER","states/US-NAT","Classical"
"9425_1779909396","2026-05-27 19:16:36","2026-06-03 18:20:48.807","9425","Night Fever","Bee Gees","Tales From The Brothers Gibb",212,61417105,59896,61417053,"Bayology Radio",,"states/US-NAT","US Partner Digital"
"6464_1779909395","2026-05-27 19:16:35","2026-06-03 18:21:49.262","6464","Flying High Again","Ozzy Osbourne","Diary Of A Madman",279,13767053,71921,13766209,"The Loop",,"IL","Classic Rock"
"8890_1779909395","2026-05-27 19:16:35","2026-06-03 18:20:44.675","8890","Price: Youth","Karen Slack, Michelle Cann","Beyond The Years",90,-1,-1,-1,"YourClassical Black History","OTHER","states/US-NAT","US Partner Digital"
"9889_1779909395","2026-05-27 19:16:35","2026-06-03 18:23:08.254","9889","Unix","Robert Hood","Minimal Nation",196,-1,-1,-1,"La Invasora 94.7","SPANISH","states/US-NAT","US Partner Digital"
"11265_1779909393","2026-05-27 19:16:33","2026-06-03 18:24:15.768","11265","Let Me Talk To U","赤西仁","Me",228,-1,-1,-1,"AF Radio",,"states/US-NAT","US Partner Digital"
"10344_1779909390","2026-05-27 19:16:30","2026-06-03 18:21:08.162","10344","Patches","Clarence Carter","Patches",193,1047967,7639,1047959,"Real Oldies Music Radio",,"states/US-NAT","US Partner Digital"
"9799_1779909390","2026-05-27 19:16:30","2026-06-03 18:23:08.002","9799","Self Destruction Mode","The Chainsmokers & bludnymph","Self Destruction Mode",147,218822720,820651,218822718,"Jam Hits","OTHER","states/US-NAT","US Partner Digital"
"10174_1779909386","2026-05-27 19:16:26","2026-06-03 18:21:05.851","10174","I Need You God","Consumed by Fire","I Need You God",225,389279465,463899,389279464,"Family Life Now","OTHER","states/US-NAT","US Partner Digital"
"8761_1779909385","2026-05-27 19:16:25","2026-06-03 18:22:35.649","8761","The Dangling Conversation","Simon & Garfunkel","The Best Of Simon & Garfunkel",160,73343510,59455,73343506,"Rewound Radio",,"states/US-NAT","US Partner Digital"
"10418_1779909384","2026-05-27 19:16:24","2026-06-03 18:21:08.959","10418","Finished","Caleb & John","Finished",163,341624654,36956828,341624653,"Christian Hits FM","OTHER","states/US-NAT","US Partner Digital"
"11302_1779909380","2026-05-27 19:16:20","2026-06-03 18:24:21.565","11302","Time Goes On","Koe Wetzel","Time Goes On",174,377704868,31592236,377704867,"County Line",,"states/US-NAT","US Partner Digital"
"6600_1779909376","2026-05-27 19:16:16","2026-06-03 18:21:51.369","6600","Lontano","Ludovico Einaudi","Le Onde",291,343311519,172566,343311516,"Calm by Classical KING","OTHER","states/US-NAT","US Partner Digital"
"9200_1779909374","2026-05-27 19:16:14","2026-06-03 18:21:03.142","9200","The Best","Tina Turner","Foreign Affair",329,525907,17477,525905,"Knox Country","COUNTRY","TN","Country"
"5254_1779909373","2026-05-27 19:16:13","2026-06-03 18:21:41.828","5254","Back On 74","Jungle","Volcano",209,207173205,31555681,207173199,"WHIP Radio",,"PA","Public Radio"
"9481_1779909372","2026-05-27 19:16:12","2026-06-03 18:22:58.567","9481","Tell Me Something Good","Rufus & Chaka Khan","Rags To Rufus",277,678145,30406664,678143,"That Throwback Channel!","RNB","states/US-NAT","US Partner Digital"
"9922_1779909370","2026-05-27 19:16:10","2026-06-03 18:23:42.656","9922","I Feel Fine [Mono]","The Beatles","Beatles '65 (The U.S. Albums)",142,-1,-1,-1,"Groovy 105.7","CLASSICHITS","states/US-NAT","US Partner Digital"
"11384_1779909369","2026-05-27 19:16:09","2026-06-03 18:24:26.097","11384","Pobre Diabla","Don Omar / Mr. Vegas","Da Hit Man Presents... Reggaeton Latino",223,48983053,39198,48983049,"DJ Babydoll Radio",,"states/US-NAT","US Partner Digital"
"6227_1779909367","2026-05-27 19:16:07","2026-06-03 18:20:27.342","6227","Candy Rain","Soul for Real","Candy Rain",275,19315984,42806,19315983,"Hot 106.5","RNB","FL","R&B"
"11314_1779909365","2026-05-27 19:16:05","2026-06-03 18:24:23.463","11314","Safe And Sound","Shinedown","Safe And Sound",200,380529906,58653,380529905,"Alt Rock Variety MEGASHUFFLE",,"states/US-NAT","US Partner Digital"
"7369_1779909361","2026-05-27 19:16:01","2026-06-03 18:23:34.879","7369","LALA","Myke Towers","LALA",187,243046738,32169597,243046737,"La Mezcla Fuego","SPANISH","states/US-NAT","Spanish"
"9657_1779909361","2026-05-27 19:16:01","2026-06-03 18:20:55.776","9657","MOVE IT!","1K Phew, Forrest Frank & 1k Pson","What's Understood 3",174,355847012,31474381,355846996,"NGEN Radio","HIPHOPRNB","states/US-NAT","US Partner Digital"
"11178_1779909359","2026-05-27 19:15:59","2026-06-03 18:24:11.585","11178","Let It Be","The Beatles","Let It Be",242,235799070,591,235799064,"Power Hits",,"states/US-NAT","US Partner Digital"
"8995_1779909351","2026-05-27 19:15:51","2026-06-03 18:22:44.169","8995","Summer Nights","John Travolta & Olivia Newton-John","Grease",216,82559162,7270,82559160,"That 70's Channel","CLASSICHITS","states/US-NAT","US Partner Digital"
"9903_1779909343","2026-05-27 19:15:43","2026-06-03 18:20:52.325","9903","Stay Country or Die Tryin’","Blake Shelton","For Recreational Use Only",220,375047596,58018,375047595,"Kickin' Kountry Radio","COUNTRY","states/US-NAT","US Partner Digital"
"11315_1779909337","2026-05-27 19:15:37","2026-06-03 18:24:18.666","11315","Free Your Mind","Prospa & Cloonee","Free Your Mind",303,386149185,32345756,386149184,"The EDM Megashuffle",,"states/US-NAT","US Partner Digital"
"9035_1779909334","2026-05-27 19:15:34","2026-06-03 18:22:43.937","9035","Don't Stop","HoneyLuv & Muni Long","Don't Stop",174,382366890,35601301,382366889,"Nexus Radio","OTHER","states/US-NAT","US Partner Digital"
"6155_1779909328","2026-05-27 19:15:28","2026-06-03 18:21:47.925","6155","The Seed","The Revenge","Love That Will Not Die",323,63015029,30007086,63015027,"New Sounds",,"states/US-NAT","US Partner Digital"
"9727_1779909327","2026-05-27 19:15:27","2026-06-03 18:23:10.272","9727","你們都不要變","Tizzy Bac","你們都不要變",264,208798267,466178,208798266,"FreeAgentSoul","RNB","states/US-NAT","US Partner Digital"
"10174_1779909320","2026-05-27 19:15:20","2026-06-03 18:21:05.851","10174","The Walls Of Lechuguilla","Ambrose Akinmusire","When The Heart Emerges Glistening",328,12873589,564242,12873579,"Family Life Now","OTHER","states/US-NAT","US Partner Digital"
"9251_1779909315","2026-05-27 19:15:15","2026-06-03 18:20:48.475","9251","Love Is All We Need","Mary J. Blige feat. Nas","Share My World",254,761386,39258,761375,"Hype 1 Radio",,"states/US-NAT","US Partner Digital"
"8982_1779909310","2026-05-27 19:15:10","2026-06-03 18:20:47.083","8982","Feel so Good","Mase","Harlem World",204,1018443,58759,1018431,"Rickey Smiley Morning Show",,"states/US-NAT","US Partner Digital"
"8986_1779909309","2026-05-27 19:15:09","2026-06-03 18:20:46.997","8986","Feel so Good","Mase","Harlem World",204,1018443,58759,1018431,"The DL Hughley Show",,"states/US-NAT","US Partner Digital"
"11297_1779909308","2026-05-27 19:15:08","2026-06-03 18:24:16.416","11297","Give Me Everything","Pitbull, Afrojack & Ne-Yo feat. Nayer","Planet Pit (Deluxe Version)",251,14314615,42201,14313360,"iPartyRadio: Dance Anthems",,"states/US-NAT","US Partner Digital"
"10092_1779909306","2026-05-27 19:15:06","2026-06-03 18:21:06.398","10092","Quay Cur","The Fiery Furnaces","Blueberry Boat",625,147720433,17317,147720432,"EDM Beats",,"states/US-NAT","US Partner Digital"
"9889_1779909306","2026-05-27 19:15:06","2026-06-03 18:23:08.254","9889","Mi Decisión","Julión Álvarez Y Su Norteño Banda","Mi Decisión [Single]",183,-1,-1,-1,"La Invasora 94.7","SPANISH","states/US-NAT","US Partner Digital"
"11260_1779909300","2026-05-27 19:15:00","2026-06-03 18:24:15.511","11260","Dracula","Tame Impala","Dracula",204,352340885,413724,352340884,"The Juice",,"states/US-NAT","US Partner Digital"
"8983_1779909300","2026-05-27 19:15:00","2026-06-03 18:20:46.191","8983","B.B.B.","Juvenile & Megan Thee Stallion","B.B.B. [Single]",140,-1,-1,-1,"The Morning Hustle",,"states/US-NAT","US Partner Digital"
"9737_1779909300","2026-05-27 19:15:00","2026-06-03 18:23:06.106","9737","Zoveel","Lil Kleine","WOP",275,39224501,31170655,39224496,"Press Play Radio","HIPHOPRNB","states/US-NAT","US Partner Digital"
"9425_1779909300","2026-05-27 19:15:00","2026-06-03 18:20:48.807","9425","Walking Into Sunshine","Central Line","Breaking Point",227,236463901,517468,236463900,"Bayology Radio",,"states/US-NAT","US Partner Digital"
"8887_1779909298","2026-05-27 19:14:58","2026-06-03 18:22:42.400","8887","I'll Be Fine","시연","O'PENing (오프닝) 2024: 수령인 [Single]",235,-1,-1,-1,"YourClassical Sleep","OTHER","states/US-NAT","Classical"
"10775_1779909296","2026-05-27 19:14:56","2026-06-03 18:24:08.016","10775","Believe","Brooks & Dunn feat. Jelly Roll","Reboot II",296,297879606,89555,297879600,"The Light DFW",,"states/US-NAT","US Partner Digital"
"11241_1779909292","2026-05-27 19:14:52","2026-06-03 18:24:14.915","11241","Kiss Me Deadly","Lita Ford","Lita",241,2554222,47,2549284,"93QFM",,"states/US-NAT","US Partner Digital"
"11240_1779909286","2026-05-27 19:14:46","2026-06-03 18:24:14.276","11240","Hey Lover","LL COOL J feat. Boyz II Men","Mr. Smith",284,66209024,40153,66209020,"Soul Radio Coast2coast",,"states/US-NAT","US Partner Digital"
"11461_1779909285","2026-05-27 19:14:45","2026-06-03 18:24:25.139","11461","Roju","Crayon","Roju",148,331693596,232034,331693595,"DogSled African Radio",,"states/US-NAT","US Partner Digital"
"9570_1779909274","2026-05-27 19:14:34","2026-06-03 18:20:50.187","9570","Roll Over Beethoven","The Beatles","With The Beatles",167,235801342,591,235801334,"Oldies.Gold","CLASSICHITS","states/US-NAT","US Partner Digital"
"11315_1779909270","2026-05-27 19:14:30","2026-06-03 18:24:18.666","11315","Loco Loco","Gordo & Reinier Zonneveld","Loco Loco [Single]",136,-1,-1,-1,"The EDM Megashuffle",,"states/US-NAT","US Partner Digital"
"11299_1779909269","2026-05-27 19:14:29","2026-06-03 18:24:16.748","11299","Say You Won't Let Go","James Arthur","Back from the Edge",210,43012775,831010,43012773,"LA NUEVA, RADIO",,"states/US-NAT","US Partner Digital"
"9737_1779909268","2026-05-27 19:14:28","2026-06-03 18:23:06.106","9737","No Bars","City Girls & JT","RAW",175,238576563,32018181,238576559,"Press Play Radio","HIPHOPRNB","states/US-NAT","US Partner Digital"
"8713_1779909267","2026-05-27 19:14:27","2026-06-03 18:20:41.999","8713","Drift Away","Dobie Gray","Drift Away",237,300533043,9371,300533042,"Smooth 70s",,"states/US-NAT","US Partner Digital"
"8905_1779909266","2026-05-27 19:14:26","2026-06-03 18:22:42.359","8905","Liar, Liar","The Castaways","60's Rock Bands - Wild Thing",112,2292240,23410,2292231,"Carolina Gold 93.9 & 106.3","CLASSICHITS","states/US-NAT","US Partner Digital"
"4776_1779909261","2026-05-27 19:14:21","2026-06-03 18:21:00.039","4776","Low","Ciara & Diamond Platnumz","CiCi (Deluxe)",210,346306717,28577,346306702,"Mix Nation","CHRPOP","states/US-NAT","Dance"
"11301_1779909256","2026-05-27 19:14:16","2026-06-03 18:24:16.693","11301","I Didn't Come Here To Leave","Chris Young","I Didn't Come Here To Leave",192,337225412,116053,337225411,"99.5 THE STAR",,"states/US-NAT","US Partner Digital"
"8887_1779909253","2026-05-27 19:14:13","2026-06-03 18:22:42.400","8887","Suite für Orchester Nr. 4 G-Dur, op. 61, ""Mozartiana"": Ave Verum","Peter Wohlert, Prager Festival Orchester","Christmas Meditation",227,7790621,30747575,7790620,"YourClassical Sleep","OTHER","states/US-NAT","Classical"
"7680_1779909252","2026-05-27 19:14:12","2026-06-03 18:22:08.004","7680","Today","Smashing Pumpkins","Siamese Dream",199,15884637,29249,15884634,"Mad Rock Nation","ROCKACTIVE","states/US-NAT","US Partner Digital"
"10629_1779909249","2026-05-27 19:14:09","2026-06-03 18:24:03.771","10629","The Twelve Days Of Christmas","Ray Conniff","Christmas Carolling",264,2729896,104848,2724220,"That Christmas Channel",,"states/US-NAT","US Partner Digital"
"9339_1779909249","2026-05-27 19:14:09","2026-06-03 18:22:57.578","9339","WHATCHU KNO ABOUT ME","GloRilla & Sexyy Red","GLORIOUS",149,293059004,32797623,293058999,"DJ KIDNU RADIO","HIPHOPRNB","states/US-NAT","US Partner Digital"
"9771_1779909245","2026-05-27 19:14:05","2026-06-03 18:23:07.546","9771","Just Keep Watching","Tate McRae","F1 The Album",142,335362044,31522919,335362040,"Maxima Radio","OTHER","states/US-NAT","US Partner Digital"
"8136_1779909237","2026-05-27 19:13:57","2026-06-03 18:20:39.187","8136","Falling Slowly","Glen Hansard & Marketa Irglova","Once (Music From The Motion Picture)",243,1796845,89420,1796844,"Folk Alley Irish Stream",,"states/US-NAT","US Partner Digital"
"4776_1779909230","2026-05-27 19:13:50","2026-06-03 18:21:00.039","4776","Sunshine (The Light)","Fat Joe Feat. Amorphous","Sunshine (The Light) [Single]",149,-1,-1,-1,"Mix Nation","CHRPOP","states/US-NAT","Dance"
"6296_1779909225","2026-05-27 19:13:45","2026-06-03 18:21:47.581","6296","Boogie Woogie Tennessee","Joshua Hedley","All Hat",192,342872529,517338,342872527,"Radio Heartland","ROCKALTERNATIVE","states/US-NAT","US Partner Digital"
"11384_1779909222","2026-05-27 19:13:42","2026-06-03 18:24:26.097","11384","Hasta Abajo","Don Omar","Meet The Orphans",231,10493673,39198,10493670,"DJ Babydoll Radio",,"states/US-NAT","US Partner Digital"
"9799_1779909221","2026-05-27 19:13:41","2026-06-03 18:23:08.002","9799","Azizam (D.O.D Remix)","Ed Sheeran","Azizam (D.O.D Remix)",168,328420742,396790,328420741,"Jam Hits","OTHER","states/US-NAT","US Partner Digital"
"8888_1779909219","2026-05-27 19:13:39","2026-06-03 18:22:37.834","8888","South Side of the Sky","Yes","Fragile",481,1083763,41948,1083759,"YourClassical Children","OTHER","states/US-NAT","US Partner Digital"
"9319_1779909219","2026-05-27 19:13:39","2026-06-03 18:20:49.355","9319","Shepherd of Fire","Avenged Sevenfold","Hail to the King",323,23066792,58382,23066791,"KBACK Rock Radio","ROCKACTIVE","states/US-NAT","US Partner Digital"
"10636_1779909213","2026-05-27 19:13:33","2026-06-03 18:21:11.306","10636","Bump n' Grind","R.Kelly","12 Play",255,2540979,30431419,2538642,"98.3 BPME ""The Sound""",,"states/US-NAT","US Partner Digital"
"7369_1779909213","2026-05-27 19:13:33","2026-06-03 18:23:34.879","7369","Éxtasis","Manuel Turizo & Maria Becerra","Éxtasis",191,189424323,31429970,189424322,"La Mezcla Fuego","SPANISH","states/US-NAT","Spanish"
"8761_1779909212","2026-05-27 19:13:32","2026-06-03 18:22:35.649","8761","Happy Together","The Turtles","Happy Together",175,73277,2298,73273,"Rewound Radio",,"states/US-NAT","US Partner Digital"
"11300_1779909211","2026-05-27 19:13:31","2026-06-03 18:24:17.162","11300","I Had Some Help","Post Malone feat. Morgan Wallen","F-1 Trillion",177,284169647,30779802,284169644,"99.5 THE GULF",,"states/US-NAT","US Partner Digital"
"10344_1779909210","2026-05-27 19:13:30","2026-06-03 18:21:08.162","10344","A Groovy Kind Of Love","The Mindbenders","The Best Of Wayne Fontana & The Mindbenders 20th Century Masters The Millennium Collection",121,579862,30419277,579853,"Real Oldies Music Radio",,"states/US-NAT","US Partner Digital"
"9658_1779909208","2026-05-27 19:13:28","2026-06-03 18:23:04.100","9658","Himno De Victoria","Danny Berrios","Dios Cuida De Mí",240,294219291,816280,294219284,"Vida Unida, Nationwide","SPANISH","states/US-NAT","US Partner Digital"
"8308_1779909201","2026-05-27 19:13:21","2026-06-03 18:20:39.241","8308","Folded","Kehlani","Folded",237,344806810,30808392,344806809,"FUBU Radio",,"states/US-NAT","US Partner Digital"
"9200_1779909195","2026-05-27 19:13:15","2026-06-03 18:21:03.142","9200","House Again","Hudson Westbrook","House Again",203,314885587,42790194,314885586,"Knox Country","COUNTRY","TN","Country"
"9922_1779909193","2026-05-27 19:13:13","2026-06-03 18:23:42.656","9922","Hooked On A Feeling","Blue Swede, Björn Skifs","Hooked On A Feeling - 40th Anniversary Collection",174,28485475,33467,28485474,"Groovy 105.7","CLASSICHITS","states/US-NAT","US Partner Digital"
"10174_1779909188","2026-05-27 19:13:08","2026-06-03 18:21:05.851","10174","O God Forgive Us","For King & Country","RUN WILD. LIVE FREE. LOVE STRONG.",348,44581704,649143,44581690,"Family Life Now","OTHER","states/US-NAT","US Partner Digital"
"6295_1779909187","2026-05-27 19:13:07","2026-06-03 18:21:48.260","6295","纵欢","燕池","潮汐去",117,-1,-1,-1,"Rock the Cradle","Prov_American Public Media","states/US-NAT","US Partner Digital"
"8883_1779909180","2026-05-27 19:13:00","2026-06-03 18:22:38.214","8883","reincarnation","palitextdestroy","samsara",694,-1,-1,-1,"YourClassical Peaceful Piano","OTHER","states/US-NAT","Classical"
"9802_1779909178","2026-05-27 19:12:58","2026-06-03 18:23:08.176","9802","Lemminkainen Suite, Op. 22, III. The Swan of Tuonela","Petri Sakari","Sibelius: Finlandia / Karelia Suite / Lemminkainen Suite",552,48272051,110398,48272044,"99.5 HD3 WCRB","OTHER","states/US-NAT","US Partner Digital"
"8995_1779909177","2026-05-27 19:12:57","2026-06-03 18:22:44.169","8995","The Ballad Of John And Yoko","The Beatles","Past Masters",179,235801693,591,235801664,"That 70's Channel","CLASSICHITS","states/US-NAT","US Partner Digital"
"8880_1779909174","2026-05-27 19:12:54","2026-06-03 18:22:39.393","8880","가리워진 길 (미생 OST Part.4,라디오로맨스 OST)","Various Artists","피아노가 그리는 수채화",232,161801867,6,161801860,"YourClassical Holiday","OTHER","states/US-NAT","US Partner Digital"
"8982_1779909174","2026-05-27 19:12:54","2026-06-03 18:20:47.083","8982","Ain’t No Fun (If The Homies Can’t Have None)","Snoop Dogg","Doggystyle",247,207314313,8708,207314303,"Rickey Smiley Morning Show",,"states/US-NAT","US Partner Digital"
"8986_1779909173","2026-05-27 19:12:53","2026-06-03 18:20:46.997","8986","Ain’t No Fun (If The Homies Can’t Have None)","Snoop Dogg","Doggystyle",247,207314313,8708,207314303,"The DL Hughley Show",,"states/US-NAT","US Partner Digital"
"9774_1779909171","2026-05-27 19:12:51","2026-06-03 18:23:06.891","9774","Shivers","Ed Sheeran","=",207,149200556,396790,149200554,"LIVE 99.9","CHRPOP","states/US-NAT","US Partner Digital"
"9903_1779909163","2026-05-27 19:12:43","2026-06-03 18:20:52.325","9903","Woman","Kane Brown","Woman",166,385225535,30689928,385225534,"Kickin' Kountry Radio","COUNTRY","states/US-NAT","US Partner Digital"
"9657_1779909163","2026-05-27 19:12:43","2026-06-03 18:20:55.776","9657","The Way You Love (feat. Jon Keith)","xander., Timbaland & Aaron Cole feat. Jon Keith","The Way You Love (Ft. Jon Keith)",195,339824556,580293,339824555,"NGEN Radio","HIPHOPRNB","states/US-NAT","US Partner Digital"
"10174_1779909162","2026-05-27 19:12:42","2026-06-03 18:21:05.851","10174","O God Forgive Us","For King & Country","RUN WILD. LIVE FREE. LOVE STRONG.",348,44581704,649143,44581690,"Family Life Now","OTHER","states/US-NAT","US Partner Digital"
"7369_1779909154","2026-05-27 19:12:34","2026-06-03 18:23:34.879","7369","X (Remix)","Fedu DJ","X (Remix) [Single]",154,-1,-1,-1,"La Mezcla Fuego","SPANISH","states/US-NAT","Spanish"
"9035_1779909147","2026-05-27 19:12:27","2026-06-03 18:22:43.937","9035","Move","Adam Port, Stryv & Malachiii","Move [Single]",177,-1,-1,-1,"Nexus Radio","OTHER","states/US-NAT","US Partner Digital"
"8989_1779909145","2026-05-27 19:12:25","2026-06-03 18:22:43.631","8989","Symphony in C Major, II. Larghetto concertante","Robert Craft","Stravinsky: Symphony in C - Symphony in 3 Movements - Octet - Dumbarton Oaks",383,48198781,109195,48198773,"K-Mozart","OTHER","states/US-NAT","US Partner Digital"
"9737_1779909141","2026-05-27 19:12:21","2026-06-03 18:23:06.106","9737","Heaven is a Place on Earth","Mariah the Scientist","To Be Eaten Alive",128,239339716,33233764,239339715,"Press Play Radio","HIPHOPRNB","states/US-NAT","US Partner Digital"
"11236_1779909133","2026-05-27 19:12:13","2026-06-03 18:24:13.958","11236","Nikita","Elton John","Ice On Fire",342,770480,5041,770474,"DC Sugar95",,"states/US-NAT","US Partner Digital"
"9425_1779909130","2026-05-27 19:12:10","2026-06-03 18:20:48.807","9425","The Finest","The S.O.S Band","Sands Of Time",367,10953352,119978,10953347,"Bayology Radio",,"states/US-NAT","US Partner Digital"
"7548_1779909124","2026-05-27 19:12:04","2026-06-03 18:21:57.712","7548","Sowing The Seeds Of Love","Tears for Fears","The Seeds Of Love",378,112709748,2150,112709745,"DARE FM","ROCKALTERNATIVE","states/US-NAT","US Partner Digital"
"7869_1779909124","2026-05-27 19:12:04","2026-06-03 18:22:14.269","7869","Believer","Rhett Walker","Good to Me",203,92276542,32947495,92276541,"Family Life Radio","OTHER","states/US-NAT","US Partner Digital"
"9570_1779909120","2026-05-27 19:12:00","2026-06-03 18:20:50.187","9570","Walking After Midnight","Patsy Cline","Walking After Midnight",155,2153160,1075,2153159,"Oldies.Gold","CLASSICHITS","states/US-NAT","US Partner Digital"
"7863_1779909118","2026-05-27 19:11:58","2026-06-03 18:22:12.485","7863","The Message (feat. Melle Mel & Duke Bootee)","Grandmaster Flash & The Furious Five feat. Melle Mel & Duke Bootee","Message From Beat Street, The Best Of Grandmaster Flash, Melle Mel & The Furious Five",420,1031651,58930,1031645,"RnR Radio","Prov_Other","states/US-NAT","US Partner Digital"
"7863_1779909117","2026-05-27 19:11:57","2026-06-03 18:22:12.485","7863","Check Yo Self","Ice Cube feat. Das Efx","Bootlegs And B-Sides",234,5402562,28761,5402556,"RnR Radio","Prov_Other","states/US-NAT","US Partner Digital"
"10419_1779909115","2026-05-27 19:11:55","2026-06-03 18:21:09.037","10419","Got My Mind Set on You","George Harrison","Cloud Nine",230,1345549,29143,1345538,"THAT 80's CHANNEL",,"states/US-NAT","US Partner Digital"
"11392_1779909111","2026-05-27 19:11:51","2026-06-03 18:24:20.956","11392","不召之臣 Unrequited Love","张栋梁","白夜克拉克",294,-1,-1,-1,"Easy Jazz FM",,"states/US-NAT","US Partner Digital"
"9034_1779909108","2026-05-27 19:11:48","2026-06-03 18:22:44.309","9034","I Got The Feeling","Today","The New Formula",245,-1,-1,-1,"108 SOUL","RNB","states/US-NAT","US Partner Digital"
"11482_1779909104","2026-05-27 19:11:44","2026-06-03 18:24:26.582","11482","To Be Loved","Adele","30",403,151059756,126564,151059745,"My Mix Radio NCPA",,"states/US-NAT","US Partner Digital"
"11461_1779909104","2026-05-27 19:11:44","2026-06-03 18:24:25.139","11461","Don't Let Me Drown","Burna Boy","F1 The Album",185,335362046,837492,335362040,"DogSled African Radio",,"states/US-NAT","US Partner Digital"
"8889_1779909104","2026-05-27 19:11:44","2026-06-03 18:22:42.495","8889","4. Adagietto (Sehr langsam)","Wiener Philharmoniker","Gustav Mahler: Symphonies 1 & 5 etc.",672,19067502,62073,19067480,"YourClassical Essentials","OTHER","states/US-NAT","Classical"
"6227_1779909102","2026-05-27 19:11:42","2026-06-03 18:20:27.342","6227","Weak","SWV","It's About Time",291,2555781,118601,2549305,"Hot 106.5","RNB","FL","R&B"
"9251_1779909094","2026-05-27 19:11:34","2026-06-03 18:20:48.475","9251","Xxplosive","Dr. Dre","2001 Instrumental",214,648660,41458,648643,"Hype 1 Radio",,"states/US-NAT","US Partner Digital"
"9737_1779909088","2026-05-27 19:11:28","2026-06-03 18:23:06.106","9737","Home","Billy Strings","Home",457,80617250,31220299,80617245,"Press Play Radio","HIPHOPRNB","states/US-NAT","US Partner Digital"
"11178_1779909087","2026-05-27 19:11:27","2026-06-03 18:24:11.585","11178","She Works Hard For The Money","Donna Summer","She Works Hard For The Money",320,835753,6932,835750,"Power Hits",,"states/US-NAT","US Partner Digital"
"6464_1779909075","2026-05-27 19:11:15","2026-06-03 18:21:49.262","6464","Black Hole Sun","Soundgarden","Superunknown",317,26911603,2136,26911596,"The Loop",,"IL","Classic Rock"
"11260_1779909073","2026-05-27 19:11:13","2026-06-03 18:24:15.511","11260","Closer","Ne-Yo","Year Of The Gentleman",233,723758,39446,723746,"The Juice",,"states/US-NAT","US Partner Digital"
"11244_1779909072","2026-05-27 19:11:12","2026-06-03 18:24:14.973","11244","Anything But Easy","Casting Crowns","Healer",223,149728002,89484,149727998,"Total Worship Radio",,"states/US-NAT","US Partner Digital"
"9570_1779909072","2026-05-27 19:11:12","2026-06-03 18:20:50.187","9570","Chubby and the Gang Rule OK?","Chubby and The Gang","Speed Kills",117,111857951,33114310,111857950,"Oldies.Gold","CLASSICHITS","states/US-NAT","US Partner Digital"
"11297_1779909070","2026-05-27 19:11:10","2026-06-03 18:24:16.416","11297","Gypsy Woman (She's Homeless) (La Da Dee La Da Da)","Crystal Waters","Surprise",451,19314068,32849,19314059,"iPartyRadio: Dance Anthems",,"states/US-NAT","US Partner Digital"
"8883_1779909066","2026-05-27 19:11:06","2026-06-03 18:22:38.214","8883","What Do You Feel About Me","Ardhito Pramono","Ardhito Pramono",207,336974747,31539936,336974746,"YourClassical Peaceful Piano","OTHER","states/US-NAT","Classical"
"8761_1779909063","2026-05-27 19:11:03","2026-06-03 18:22:35.649","8761","Another Saturday Night","Yusuf / Cat Stevens","On The Road To Findout: Greatest Hits",150,347727344,72348,347727319,"Rewound Radio",,"states/US-NAT","US Partner Digital"
"5254_1779909061","2026-05-27 19:11:01","2026-06-03 18:21:41.828","5254","Latch","Disclosure & Sam Smith","Settle",255,25961487,484252,25961484,"WHIP Radio",,"PA","Public Radio"
"10344_1779909060","2026-05-27 19:11:00","2026-06-03 18:21:08.162","10344","Paperback Writer","The Beatles","Revolver",145,235800705,591,235800643,"Real Oldies Music Radio",,"states/US-NAT","US Partner Digital"
"9922_1779909060","2026-05-27 19:11:00","2026-06-03 18:23:42.656","9922","Fortunate Son","Creedence Clearwater Revival","Willy And The Poor Boys",141,176442390,35051,176442384,"Groovy 105.7","CLASSICHITS","states/US-NAT","US Partner Digital"
"11318_1779909054","2026-05-27 19:10:54","2026-06-03 18:24:18.618","11318","Ignition","R.Kelly","Chocolate Factory",185,2539033,30431419,2538651,"DMX Radio",,"states/US-NAT","US Partner Digital"
"9806_1779909054","2026-05-27 19:10:54","2026-06-03 18:20:51.028","9806","Lost In Yesterday","Tame Impala","The Slow Rush",249,91573042,413724,91573034,"AlternativeRadio.us","ROCKALTERNATIVE","states/US-NAT","US Partner Digital"
"11241_1779909047","2026-05-27 19:10:47","2026-06-03 18:24:14.915","11241","Another Brick in the Wall, Pt. 2","Pink Floyd","The Wall",235,37495383,165,37495378,"93QFM",,"states/US-NAT","US Partner Digital"
"11302_1779909044","2026-05-27 19:10:44","2026-06-03 18:24:21.565","11302","BARE FEET IN THE SAND","Niko Moon","AMERICAN PALM (Deluxe)",181,347300371,33133186,347300359,"County Line",,"states/US-NAT","US Partner Digital"
"8905_1779909044","2026-05-27 19:10:44","2026-06-03 18:22:42.359","8905","Devil Woman","Cliff Richard","I'm Nearly Famous",214,429050,13286,429042,"Carolina Gold 93.9 & 106.3","CLASSICHITS","states/US-NAT","US Partner Digital"
"9339_1779909038","2026-05-27 19:10:38","2026-06-03 18:22:57.578","9339","Say Aah (feat. Fabolous)","Trey Songz","Ready",207,1017497,28586,1017490,"DJ KIDNU RADIO","HIPHOPRNB","states/US-NAT","US Partner Digital"
"11300_1779909031","2026-05-27 19:10:31","2026-06-03 18:24:17.162","11300","Warning You Whiskey","Brit Taylor","Land Of The Forgotten",216,366230930,34329382,366230927,"99.5 THE GULF",,"states/US-NAT","US Partner Digital"
"9034_1779909027","2026-05-27 19:10:27","2026-06-03 18:22:44.309","9034","Alright","Janet Jackson","Rhythm Nation 1814",386,594929,29436,594920,"108 SOUL","RNB","states/US-NAT","US Partner Digital"
"10629_1779909008","2026-05-27 19:10:08","2026-06-03 18:24:03.771","10629","Home","Blake Shelton","Pure BS",227,18869968,58018,18869954,"That Christmas Channel",,"states/US-NAT","US Partner Digital"
"8890_1779909008","2026-05-27 19:10:08","2026-06-03 18:20:44.675","8890","彆扭","VH (Vast & Hazy)","彆扭",277,-1,-1,-1,"YourClassical Black History","OTHER","states/US-NAT","US Partner Digital"
"10465_1779909002","2026-05-27 19:10:02","2026-06-03 18:21:10.274","10465","Big Time","Peter Gabriel","So",269,60449887,6200,60449881,"CJ's Awesome 80s",,"states/US-NAT","US Partner Digital"
"9200_1779909000","2026-05-27 19:10:00","2026-06-03 18:21:03.142","9200","The Fall","Cody Johnson","Leather Deluxe Edition",197,296272055,368890,296272041,"Knox Country","COUNTRY","TN","Country"
"7867_1779908997","2026-05-27 19:09:57","2026-06-03 18:22:12.934","7867","Welcome To The Terrordome","Public Enemy","Fear Of A Black Planet",325,29642725,6814,29642720,"Purple Current","Prov_American Public Media","states/US-NAT","US Partner Digital"
"8995_1779908997","2026-05-27 19:09:57","2026-06-03 18:22:44.169","8995","Don't Stop Me Now","Queen","Jazz",215,29115463,4258,29115447,"That 70's Channel","CLASSICHITS","states/US-NAT","US Partner Digital"
"11298_1779908993","2026-05-27 19:09:53","2026-06-03 18:24:17.456","11298","Coco Jamboo","Mr. President","We See The Same Sun",218,380324345,60528,380324343,"102 The Cube",,"states/US-NAT","US Partner Digital"
"9925_1779908993","2026-05-27 19:09:53","2026-06-03 18:23:42.596","9925","Beach Baby","The First Class","Beach Baby: The Greatest Hits",314,51916815,50172245,51916814,"M2D2 RADIO WERP","ACHOTMODERN","states/US-NAT","US Partner Digital"
"6295_1779908991","2026-05-27 19:09:51","2026-06-03 18:21:48.260","6295","Strappati Lungo i Beatles","Giancane","Strappati Lungo i Bordi",160,150984365,890239,150984361,"Rock the Cradle","Prov_American Public Media","states/US-NAT","US Partner Digital"
"7369_1779908990","2026-05-27 19:09:50","2026-06-03 18:23:34.879","7369","Amarte Duro","Víctor Manuelle feat. Farruko","25/7",250,54773569,117085,54773568,"La Mezcla Fuego","SPANISH","states/US-NAT","Spanish"
"10636_1779908982","2026-05-27 19:09:42","2026-06-03 18:21:11.306","10636","Leave The Door Open","Bruno Mars, Anderson .Paak, Silk Sonic","An Evening With Silk Sonic",241,161338724,337578,161338722,"98.3 BPME ""The Sound""",,"states/US-NAT","US Partner Digital"
"9035_1779908981","2026-05-27 19:09:41","2026-06-03 18:22:43.937","9035","The One (feat. Blair)","M-22","The One (feat. Blair)",179,225232471,424662,225232470,"Nexus Radio","OTHER","states/US-NAT","US Partner Digital"
"9657_1779908981","2026-05-27 19:09:41","2026-06-03 18:20:55.776","9657","Rearview","TobyMac & Juan Winans","Heaven On My Mind",176,316744316,386996,316744313,"NGEN Radio","HIPHOPRNB","states/US-NAT","US Partner Digital"
"10092_1779908975","2026-05-27 19:09:35","2026-06-03 18:21:06.398","10092","Love Bites","Nelly Furtado, Tove Lo & SG Lewis","Love Bites",167,270310693,38886,270310692,"EDM Beats",,"states/US-NAT","US Partner Digital"
"8136_1779908971","2026-05-27 19:09:31","2026-06-03 18:20:39.187","8136","Raggle Taggle Gypsy - Tabhair Dom Do Lamh","Planxty","Planxty",267,132734177,2128,132734176,"Folk Alley Irish Stream",,"states/US-NAT","US Partner Digital"
"11260_1779908965","2026-05-27 19:09:25","2026-06-03 18:24:15.511","11260","Babydoll","Dominic Fike","Don't Forget About Me, Demos",97,87757447,31938874,87757444,"The Juice",,"states/US-NAT","US Partner Digital"
"4776_1779908965","2026-05-27 19:09:25","2026-06-03 18:21:00.039","4776","SHE DID IT AGAIN","Tyla feat. Zara Larsson","SHE DID IT AGAIN",212,394673283,182943,394673282,"Mix Nation","CHRPOP","states/US-NAT","Dance"
"8135_1779908960","2026-05-27 19:09:20","2026-06-03 18:20:38.961","8135","Home Is A Song","Mary Chapin Carpenter feat. Anaïs Mitchell","Personal History",245,321647331,98269,321647322,"Folk Alley Fresh Cuts",,"states/US-NAT","US Partner Digital"
"7863_1779908949","2026-05-27 19:09:09","2026-06-03 18:22:12.485","7863","Top Billin","Audio Two","What More Can I Say",175,1031976,58951,1031975,"RnR Radio","Prov_Other","states/US-NAT","US Partner Digital"
"10179_1779908942","2026-05-27 19:09:02","2026-06-03 18:21:06.143","10179","24hrPartyPeople","Mads Langer","All the Time, Sometimes",193,51724319,657173,51724315,"Gospel Road from Family Life","OTHER","states/US-NAT","US Partner Digital"
"10174_1779908942","2026-05-27 19:09:02","2026-06-03 18:21:05.851","10174","It Really Is Amazing Grace","Phil Wickham & Crowder","Song Of The Saints (Deluxe)",253,385926960,89487,385926959,"Family Life Now","OTHER","states/US-NAT","US Partner Digital"
"7680_1779908941","2026-05-27 19:09:01","2026-06-03 18:22:08.004","7680","Boulevard of Broken Dreams","Green Day","American Idiot",260,295137804,633,295137800,"Mad Rock Nation","ROCKACTIVE","states/US-NAT","US Partner Digital"
"9727_1779908935","2026-05-27 19:08:55","2026-06-03 18:23:10.272","9727","One of a Kind (Love Affair)","The Spinners","Spinners",214,1067625,2863,1067619,"FreeAgentSoul","RNB","states/US-NAT","US Partner Digital"
"11462_1779908927","2026-05-27 19:08:47","2026-06-03 18:24:26.102","11462","Tonight You Are Mine","The Technicolors","Ultraviolet Disguise (Deluxe Edition)",229,135099898,418768,135099896,"Carolina smoke radio",,"states/US-NAT","US Partner Digital"
"7869_1779908926","2026-05-27 19:08:46","2026-06-03 18:22:14.269","7869","Nobody","Casting Crowns feat. Matthew West","Only Jesus",206,62826289,89484,62826287,"Family Life Radio","OTHER","states/US-NAT","US Partner Digital"
"10775_1779908924","2026-05-27 19:08:44","2026-06-03 18:24:08.016","10775","テレパシー","恋ステバンド「Lilac」","テレパシー / Hello ～2020～ [Single]",293,-1,-1,-1,"The Light DFW",,"states/US-NAT","US Partner Digital"
"9034_1779908923","2026-05-27 19:08:43","2026-06-03 18:22:44.309","9034","Motownphilly","Boyz II Men","CooleyHighHarmony",234,689652,40100,689651,"108 SOUL","RNB","states/US-NAT","US Partner Digital"
"11236_1779908915","2026-05-27 19:08:35","2026-06-03 18:24:13.958","11236","Listen to the Music","The Doobie Brothers","Toulouse Street",287,1023286,43411,1023285,"DC Sugar95",,"states/US-NAT","US Partner Digital"
"6600_1779908913","2026-05-27 19:08:33","2026-06-03 18:21:51.369","6600","Holst: The Planets, Suite for Large Orchestra, Op. 32: VII. Neptune, the Mystic","Saint Louis Symphony Orchestra, Walter Susskind","The Masterpieces - Holst: The Planets, Op. 32",456,375879505,600058,375879498,"Calm by Classical KING","OTHER","states/US-NAT","US Partner Digital"
"9425_1779908912","2026-05-27 19:08:32","2026-06-03 18:20:48.807","9425","D.M.S.R.","Prince","1999",497,120146574,3403,120146569,"Bayology Radio",,"states/US-NAT","US Partner Digital"
"9251_1779908909","2026-05-27 19:08:29","2026-06-03 18:20:48.475","9251","If You Want Me to Stay","Sly & the Family Stone","Fresh",180,2586119,6737,2585885,"Hype 1 Radio",,"states/US-NAT","US Partner Digital"
"9570_1779908908","2026-05-27 19:08:28","2026-06-03 18:20:50.187","9570","Walk Away Renee","The Left Banke","Walk Away Renée/Pretty Ballerina",162,80172257,44029,80172250,"Oldies.Gold","CLASSICHITS","states/US-NAT","US Partner Digital"
"9903_1779908906","2026-05-27 19:08:26","2026-06-03 18:20:52.325","9903","Talladega","Eric Church","The Outsiders",261,25009940,34173,25009935,"Kickin' Kountry Radio","COUNTRY","states/US-NAT","US Partner Digital"
"9771_1779908892","2026-05-27 19:08:12","2026-06-03 18:23:07.546","9771","Bette Davis Eyes","Elderbrook","Bette Davis Eyes",176,364401726,30667416,364401725,"Maxima Radio","OTHER","states/US-NAT","US Partner Digital"
"11482_1779908888","2026-05-27 19:08:08","2026-06-03 18:24:26.582","11482","Where Them Girls At (feat. Nicki Minaj & Flo Rida)","David Guetta","Nothing but the Beat",209,15081606,28289,15081605,"My Mix Radio NCPA",,"states/US-NAT","US Partner Digital"
"9889_1779908882","2026-05-27 19:08:02","2026-06-03 18:23:08.254","9889","Tú Y Mi Ex","Banda Los Sebastianes De Saúl Plata","Hecho Para Ti",156,202491372,40148208,202491366,"La Invasora 94.7","SPANISH","states/US-NAT","US Partner Digital"
"11392_1779908876","2026-05-27 19:07:56","2026-06-03 18:24:20.956","11392","A Corda","Rodrigo Leão;Selma Uamusse","Os Portugueses",205,58854724,105640,58854719,"Easy Jazz FM",,"states/US-NAT","US Partner Digital"
"11297_1779908870","2026-05-27 19:07:50","2026-06-03 18:24:16.416","11297","The Launch","DJ Jean","The Launch",219,133522903,81328,133522902,"iPartyRadio: Dance Anthems",,"states/US-NAT","US Partner Digital"
"8905_1779908870","2026-05-27 19:07:50","2026-06-03 18:22:42.359","8905","I'm Your Puppet","James & Bobby Purify","James & Bobby Purify",178,52624226,430856,52624219,"Carolina Gold 93.9 & 106.3","CLASSICHITS","states/US-NAT","US Partner Digital"
"11244_1779908868","2026-05-27 19:07:48","2026-06-03 18:24:14.973","11244","Arms of Jesus","Cade Thompson","Empty Room",200,362856160,31462184,362856156,"Total Worship Radio",,"states/US-NAT","US Partner Digital"
"8761_1779908864","2026-05-27 19:07:44","2026-06-03 18:22:35.649","8761","How Long","Ace","Five-A-Side",200,374788134,50245292,374788131,"Rewound Radio",,"states/US-NAT","US Partner Digital"
"8883_1779908863","2026-05-27 19:07:43","2026-06-03 18:22:38.214","8883","Clair de Lune","Michael Dulin","Timeless",263,8364055,303430,8364051,"YourClassical Peaceful Piano","OTHER","states/US-NAT","Classical"
"9802_1779908862","2026-05-27 19:07:42","2026-06-03 18:23:08.176","9802","Variations on a Theme by Haydn, Op. 56a, ""St. Anthony Variations"", Variation 8: Presto non troppo","Marin Alsop","Brahms: Symphony No. 3 / Haydn Variations",59,48210017,108935,48210004,"99.5 HD3 WCRB","OTHER","states/US-NAT","US Partner Digital"
"10419_1779908856","2026-05-27 19:07:36","2026-06-03 18:21:09.037","10419","Tell Her About It","Billy Joel","An Innocent Man",230,2565595,4684,2565534,"THAT 80's CHANNEL",,"states/US-NAT","US Partner Digital"
"11302_1779908856","2026-05-27 19:07:36","2026-06-03 18:24:21.565","11302","Giving Up On That","Dalton Dover","Giving Up On That",211,204392712,33149301,204392711,"County Line",,"states/US-NAT","US Partner Digital"
"11315_1779908855","2026-05-27 19:07:35","2026-06-03 18:24:18.666","11315","Bounce","Calvin Harris feat. Kelis","18 Months",222,19725196,60352,19725180,"The EDM Megashuffle",,"states/US-NAT","US Partner Digital"
"10775_1779908854","2026-05-27 19:07:34","2026-06-03 18:24:08.016","10775","I Am","Crowder","I Am",246,24113326,30040185,24113325,"The Light DFW",,"states/US-NAT","US Partner Digital"
"8883_1779908852","2026-05-27 19:07:32","2026-06-03 18:22:38.214","8883","Debussy: Suite Bergamasque, 3rd movement: Clair de lune","Leon Fleisher","Little Big Box of Romance",296,29101043,189118,29101042,"YourClassical Peaceful Piano","OTHER","states/US-NAT","Classical"
"11314_1779908851","2026-05-27 19:07:31","2026-06-03 18:24:23.463","11314","Devil Inside","INXS","Kick",315,163043597,4829,163043594,"Alt Rock Variety MEGASHUFFLE",,"states/US-NAT","US Partner Digital"
"11300_1779908851","2026-05-27 19:07:31","2026-06-03 18:24:17.162","11300","Word On The Street","Luke Bryan","Word On The Street",176,380764243,29083,380764242,"99.5 THE GULF",,"states/US-NAT","US Partner Digital"
"10092_1779908850","2026-05-27 19:07:30","2026-06-03 18:21:06.398","10092","Que Calor","Major Lazer feat. J Balvin, El Alfa","Que Calor",169,235928809,43557,235928808,"EDM Beats",,"states/US-NAT","US Partner Digital"
"8883_1779908848","2026-05-27 19:07:28","2026-06-03 18:22:38.214","8883","Clair de Lune (nº 3 da Suíte Bergamasque)","Arthur Moreira Lima","O Piano de Arthur Moreira Lima: Peças Preferidas 1",297,-1,-1,-1,"YourClassical Peaceful Piano","OTHER","states/US-NAT","Classical"
"6294_1779908846","2026-05-27 19:07:26","2026-06-03 18:21:47.931","6294","Requiem: II. Dies irae ""Dies irae""","London Symphony Orchestra, London Symphony Chorus and Gianandrea Noseda","Verdi: Requiem",119,-1,-1,-1,"YourClassical Choral","OTHER","states/US-NAT","Classical"
"9799_1779908846","2026-05-27 19:07:26","2026-06-03 18:23:08.002","9799","Arcade","Duncan Laurence","Small Town Boy",155,134816795,32841670,134816778,"Jam Hits","OTHER","states/US-NAT","US Partner Digital"
"8883_1779908844","2026-05-27 19:07:24","2026-06-03 18:22:38.214","8883","3. Clair de lune","Alexis Weissenberg","Debussy: Clair de Lune; Piano Works",305,19308494,30232004,19308487,"YourClassical Peaceful Piano","OTHER","states/US-NAT","Classical"
"11178_1779908842","2026-05-27 19:07:22","2026-06-03 18:24:11.585","11178","Hello Again","Neil Diamond","The Jazz Singer",245,27130034,7052,27130026,"Power Hits",,"states/US-NAT","US Partner Digital"
"10344_1779908840","2026-05-27 19:07:20","2026-06-03 18:21:08.162","10344","Devil with the Blue Dress On / Good Golly Miss Molly (Medley)","Mitch Ryder & the Detroit Wheels","Breakout...!!!",195,1049097,59038,1049090,"Real Oldies Music Radio",,"states/US-NAT","US Partner Digital"
"8883_1779908839","2026-05-27 19:07:19","2026-06-03 18:22:38.214","8883","Debussy: Suite bergamasque, CD 82, L. 75: III. Clair de lune","Monique Haas","Debussy & Ravel : Piano Works",322,67513359,154885,67513347,"YourClassical Peaceful Piano","OTHER","states/US-NAT","Classical"
"9922_1779908839","2026-05-27 19:07:19","2026-06-03 18:23:42.656","9922","Boogie Oogie Oogie","A Taste of Honey","A Taste Of Honey",336,7075261,29373,7075260,"Groovy 105.7","CLASSICHITS","states/US-NAT","US Partner Digital"
"9339_1779908839","2026-05-27 19:07:19","2026-06-03 18:22:57.578","9339","Freakum Dress","Beyoncé","B'Day",200,2490747,89266,2490732,"DJ KIDNU RADIO","HIPHOPRNB","states/US-NAT","US Partner Digital"
"7369_1779908836","2026-05-27 19:07:16","2026-06-03 18:23:34.879","7369","Esa Boquita","J Alvarez","The Playlist",207,95611825,23187,95611824,"La Mezcla Fuego","SPANISH","states/US-NAT","Spanish"
"6227_1779908834","2026-05-27 19:07:14","2026-06-03 18:20:27.342","6227","How You Gonna Act Like That","Tyrese","I Wanna Go There",294,2565162,98370,2549017,"Hot 106.5","RNB","FL","R&B"
"9425_1779908833","2026-05-27 19:07:13","2026-06-03 18:20:48.807","9425","Get Down On It","Kool & the Gang","Something Special",291,30751871,568,30751865,"Bayology Radio",,"states/US-NAT","US Partner Digital"
"8713_1779908830","2026-05-27 19:07:10","2026-06-03 18:20:41.999","8713","Car Wash","Rose Royce","Car Wash",193,605948,546,605945,"Smooth 70s",,"states/US-NAT","US Partner Digital"
"8883_1779908828","2026-05-27 19:07:08","2026-06-03 18:22:38.214","8883","3. Clair de lune","Pascal Rogé","Debussy: Piano Works",331,19317273,246483,19317268,"YourClassical Peaceful Piano","OTHER","states/US-NAT","Classical"
"7548_1779908827","2026-05-27 19:07:07","2026-06-03 18:21:57.712","7548","In A Big Country","Big Country","The Crossing",283,29751684,30726228,29751683,"DARE FM","ROCKALTERNATIVE","states/US-NAT","US Partner Digital"
"8887_1779908827","2026-05-27 19:07:07","2026-06-03 18:22:42.400","8887","THE CATALOGUE","CHIME OBLIVION","CHIME OBLIVION",207,313872561,45768264,313872546,"YourClassical Sleep","OTHER","states/US-NAT","Classical"
"8136_1779908825","2026-05-27 19:07:05","2026-06-03 18:20:39.187","8136","Identifier","Minemice","Out of Time",479,49679321,514094,49679317,"Folk Alley Irish Stream",,"states/US-NAT","US Partner Digital"
"11318_1779908820","2026-05-27 19:07:00","2026-06-03 18:24:18.618","11318","Ain't No Future In Yo' Frontin'","M.C. Breed & DFC.","MC Breed & DFC",242,44496586,30061896,44496582,"DMX Radio",,"states/US-NAT","US Partner Digital"
"9806_1779908814","2026-05-27 19:06:54","2026-06-03 18:20:51.028","9806","Saint Cecilia","Foo Fighters","Saint Cecilia EP",221,37007105,72280,37007104,"AlternativeRadio.us","ROCKALTERNATIVE","states/US-NAT","US Partner Digital"
"7867_1779908812","2026-05-27 19:06:52","2026-06-03 18:22:12.934","7867","Soft and Wet","Prince","For You",182,120221424,3403,120221421,"Purple Current","Prov_American Public Media","states/US-NAT","US Partner Digital"
"8308_1779908806","2026-05-27 19:06:46","2026-06-03 18:20:39.241","8308","rockstar","Post Malone feat. 21 Savage","beerbongs & bentleys",217,56365927,30779802,56365921,"FUBU Radio",,"states/US-NAT","US Partner Digital"
"11241_1779908803","2026-05-27 19:06:43","2026-06-03 18:24:14.915","11241","Autobahn","Krystal Klear","Cyclia One [EP]",408,-1,-1,-1,"93QFM",,"states/US-NAT","US Partner Digital"
"8987_1779908802","2026-05-27 19:06:42","2026-06-03 18:20:46.509","8987","I'm Cold","Kim Sung Kyu","3rd Mini Album `INSIDE ME`",228,161722444,33241904,161722442,"Willie Moore Jr. Show","OTHER","states/US-NAT","US Partner Digital"
"6464_1779908798","2026-05-27 19:06:38","2026-06-03 18:21:49.262","6464","Life in the Fast Lane","Eagles","Hotel California",286,21834395,59842,21834392,"The Loop",,"IL","Classic Rock"
"9481_1779908797","2026-05-27 19:06:37","2026-06-03 18:22:58.567","9481","Get Outta My Dreams, Get into My Car","Billy Ocean","Tear Down These Walls",336,102350816,45519,102350810,"That Throwback Channel!","RNB","states/US-NAT","US Partner Digital"
"9200_1779908786","2026-05-27 19:06:26","2026-06-03 18:21:03.142","9200","I Got Better","Morgan Wallen","I’m The Problem",204,328873432,30731053,328873430,"Knox Country","COUNTRY","TN","Country"
"5254_1779908780","2026-05-27 19:06:20","2026-06-03 18:21:41.828","5254","BREAK MY SOUL","Beyoncé","BREAK MY SOUL",277,172789950,89266,172789949,"WHIP Radio",,"PA","Public Radio"
"11378_1779908775","2026-05-27 19:06:15","2026-06-03 18:24:19.762","11378","Magalenha","Sérgio Mendes","Brasileiro",218,140733193,959672,140733191,"GROOVY FM",,"states/US-NAT","US Partner Digital"
"8308_1779908775","2026-05-27 19:06:15","2026-06-03 18:20:39.241","8308","Rockstar","Ty Rieger","Trap XVIII",122,-1,-1,-1,"FUBU Radio",,"states/US-NAT","US Partner Digital"
"11260_1779908768","2026-05-27 19:06:08","2026-06-03 18:24:15.511","11260","Let Me Love You","DJ Snake & Justin Bieber","Encore",205,41636698,21564,41636685,"The Juice",,"states/US-NAT","US Partner Digital"
"11298_1779908766","2026-05-27 19:06:06","2026-06-03 18:24:17.456","11298","We Like To Party! (The Vengabus)","Vengaboys","The Party Album!",221,174113382,31093288,174113381,"102 The Cube",,"states/US-NAT","US Partner Digital"
"11384_1779908764","2026-05-27 19:06:04","2026-06-03 18:24:26.097","11384","Limb By Limb","Cutty Ranks","Reggae Gold 1993",237,37862464,145921,37862458,"DJ Babydoll Radio",,"states/US-NAT","US Partner Digital"
"9425_1779908763","2026-05-27 19:06:03","2026-06-03 18:20:48.807","9425","Bustin' Loose","Chuck Brown & the Soul Searchers","Bustin' Loose",462,270993988,125749,270993987,"Bayology Radio",,"states/US-NAT","US Partner Digital"
"4776_1779908758","2026-05-27 19:05:58","2026-06-03 18:21:00.039","4776","I Just Might","Bruno Mars","I Just Might",212,372364039,337578,372364038,"Mix Nation","CHRPOP","states/US-NAT","Dance"
"7369_1779908755","2026-05-27 19:05:55","2026-06-03 18:23:34.879","7369","De Vuelta Pa' La Vuelta","Daddy Yankee, Marc Anthony","De Vuelta Pa' La Vuelta",231,119884108,7268,119884107,"La Mezcla Fuego","SPANISH","states/US-NAT","Spanish"
"8883_1779908752","2026-05-27 19:05:52","2026-06-03 18:22:38.214","8883","Clair de Lune (Debussy)","Lee Galloway","Soothing the Soul",400,8563633,404970,8563623,"YourClassical Peaceful Piano","OTHER","states/US-NAT","Classical"
"10465_1779908750","2026-05-27 19:05:50","2026-06-03 18:21:10.274","10465","Two of Hearts","Stacey Q","Better Than Heaven",239,1011255,43009,1011254,"CJ's Awesome 80s",,"states/US-NAT","US Partner Digital"
"9737_1779908750","2026-05-27 19:05:50","2026-06-03 18:23:06.106","9737","Chief Don't Run","Jidenna feat. Roman GianArthur","The Chief",226,45268609,30772094,45268607,"Press Play Radio","HIPHOPRNB","states/US-NAT","US Partner Digital"
"10174_1779908745","2026-05-27 19:05:45","2026-06-03 18:21:05.851","10174","I See Grace","Micah Tyler","People Like Us",193,208770791,30708692,208770789,"Family Life Now","OTHER","states/US-NAT","US Partner Digital"
"9570_1779908745","2026-05-27 19:05:45","2026-06-03 18:20:50.187","9570","Early in the Morning","Vanity Fare","Early in the Morning",164,58408478,6993,58408477,"Oldies.Gold","CLASSICHITS","states/US-NAT","US Partner Digital"
"9774_1779908742","2026-05-27 19:05:42","2026-06-03 18:23:06.891","9774","A Couple Minutes","Olivia Dean","The Art of Loving",211,352012887,33471063,352012876,"LIVE 99.9","CHRPOP","states/US-NAT","US Partner Digital"
"7680_1779908738","2026-05-27 19:05:38","2026-06-03 18:22:08.004","7680","Centerfold","J. Geils Band","Freeze Frame",216,552161,36140,552158,"Mad Rock Nation","ROCKACTIVE","states/US-NAT","US Partner Digital"
"11301_1779908730","2026-05-27 19:05:30","2026-06-03 18:24:16.693","11301","Hard Fought Hallelujah (Single Version)","Brandon Lake & Jelly Roll","Hard Fought Hallelujah (with Jelly Roll)",223,315577492,31186772,315577490,"99.5 THE STAR",,"states/US-NAT","US Partner Digital"
"8761_1779908726","2026-05-27 19:05:26","2026-06-03 18:22:35.649","8761","Ferry Cross the Mersey","Gerry & the Pacemakers","Ferry Cross The Mersey [Mono And Stereo Version]",145,411666,1547,411654,"Rewound Radio",,"states/US-NAT","US Partner Digital"
"8995_1779908724","2026-05-27 19:05:24","2026-06-03 18:22:44.169","8995","Lean on Me","Bill Withers","Still Bill",259,31695141,95315,31695128,"That 70's Channel","CLASSICHITS","states/US-NAT","US Partner Digital"
"9889_1779908723","2026-05-27 19:05:23","2026-06-03 18:23:08.254","9889","La Morrita","Xavi, Carín León","La Morrita",154,364971457,616317,364971456,"La Invasora 94.7","SPANISH","states/US-NAT","US Partner Digital"
"7869_1779908717","2026-05-27 19:05:17","2026-06-03 18:22:14.269","7869","Rescue Me","We The Kingdom","Dear Jesus",211,375925426,34217934,375925423,"Family Life Radio","OTHER","states/US-NAT","US Partner Digital"
"11297_1779908715","2026-05-27 19:05:15","2026-06-03 18:24:16.416","11297","Pjanoo","Eric Prydz","Pjanoo",160,22776877,27351,22776876,"iPartyRadio: Dance Anthems",,"states/US-NAT","US Partner Digital"
"11301_1779908712","2026-05-27 19:05:12","2026-06-03 18:24:16.693","11301","Future Stride","Emmet Cohen","Future Stride",353,358521998,31477554,358521994,"99.5 THE STAR",,"states/US-NAT","US Partner Digital"
"9771_1779908712","2026-05-27 19:05:12","2026-06-03 18:23:07.546","9771","You & Me (Always Forever)","Snakehips & Cults","You & Me (Always Forever)",172,376241630,199981,376241629,"Maxima Radio","OTHER","states/US-NAT","US Partner Digital"
"8883_1779908708","2026-05-27 19:05:08","2026-06-03 18:22:38.214","8883","Opus 17","Dustin O'Halloran","Silfur",131,136361345,30034210,136361340,"YourClassical Peaceful Piano","OTHER","states/US-NAT","Classical"
"8905_1779908705","2026-05-27 19:05:05","2026-06-03 18:22:42.359","8905","Mr. Big Stuff","Jean Knight","Mr. Big Stuff",167,833475,19557,833469,"Carolina Gold 93.9 & 106.3","CLASSICHITS","states/US-NAT","US Partner Digital"
"7742_1779908701","2026-05-27 19:05:01","2026-06-03 18:22:08.199","7742","Handel: Messiah, HWV 56, Pt. 2: Let Us Break Their Bonds Asunder","Martin Pearlman & Boston Baroque","Handel: Messiah, HWV 56 (Highlights)",100,127608886,30640896,127608870,"Christmas by Classical KING","OTHER","states/US-NAT","US Partner Digital"
"10775_1779908694","2026-05-27 19:04:54","2026-06-03 18:24:08.016","10775","Finished","Caleb & John","Finished",163,341624654,36956828,341624653,"The Light DFW",,"states/US-NAT","US Partner Digital"
"9903_1779908688","2026-05-27 19:04:48","2026-06-03 18:20:52.325","9903","Worst Way","Riley Green","Don't Mind If I Do",220,293707522,899600,293707504,"Kickin' Kountry Radio","COUNTRY","states/US-NAT","US Partner Digital"
"9799_1779908686","2026-05-27 19:04:46","2026-06-03 18:23:08.002","9799","Heartbreak On The Dancefloor","Now United","Heartbreak On The Dancefloor",163,178650479,33383671,178650478,"Jam Hits","OTHER","states/US-NAT","US Partner Digital"
"8880_1779908683","2026-05-27 19:04:43","2026-06-03 18:22:39.393","8880","Lullaby Of Birdland","Lee Konitz & Brad Mehldau & Charlie Haden & Paul Motian","Live At Birdland",616,13560243,588943,13560241,"YourClassical Holiday","OTHER","states/US-NAT","US Partner Digital"
"10636_1779908681","2026-05-27 19:04:41","2026-06-03 18:21:11.306","10636","Honey","Mariah Carey","Butterfly",301,2519330,31885,2516184,"98.3 BPME ""The Sound""",,"states/US-NAT","US Partner Digital"
"11384_1779908672","2026-05-27 19:04:32","2026-06-03 18:24:26.097","11384","Champagne Body","General Levy","Wickedness Increase",234,-1,-1,-1,"DJ Babydoll Radio",,"states/US-NAT","US Partner Digital"
"9319_1779908672","2026-05-27 19:04:32","2026-06-03 18:20:49.355","9319","Steal Your Heart Away","Whitesnake","The Blues Album",318,371185472,35977,371185471,"KBACK Rock Radio","ROCKACTIVE","states/US-NAT","US Partner Digital"
"9922_1779908658","2026-05-27 19:04:18","2026-06-03 18:23:42.656","9922","Free Ride","The Edgar Winter Group","They Only Come Out At Night",187,2535126,115972,2524750,"Groovy 105.7","CLASSICHITS","states/US-NAT","US Partner Digital"
"11236_1779908654","2026-05-27 19:04:14","2026-06-03 18:24:13.958","11236","Gimme All Your Lovin'","ZZ Top","Eliminator",244,375073085,43268,375073084,"DC Sugar95",,"states/US-NAT","US Partner Digital"
"8883_1779908652","2026-05-27 19:04:12","2026-06-03 18:22:38.214","8883","Hava Nageela","Harry Belafonte","An Evening with Belafonte",195,38755325,7071,38755322,"YourClassical Peaceful Piano","OTHER","states/US-NAT","Classical"
"7342_1779908643","2026-05-27 19:04:03","2026-06-03 18:21:57.423","7342","Symphony No. 7 in A Major, Op. 92: II. Allegretto","Bernard Haitink, London Symphony Orchestra","Beethoven: Symphony No. 7 & Triple Concerto",460,292546966,30471065,292546964,"WABE 90.1 HD2 Classical",,"states/US-NAT","US Partner Digital"
"9035_1779908643","2026-05-27 19:04:03","2026-06-03 18:22:43.937","9035","Be Mine [Extended Mix]","James Hype","Be Mine [Extended Mix] [Single]",197,-1,-1,-1,"Nexus Radio","OTHER","states/US-NAT","US Partner Digital"
"9806_1779908641","2026-05-27 19:04:01","2026-06-03 18:20:51.028","9806","Crawling In The Dark","Hoobastank","Hoobastank",174,153631528,40525,153631527,"AlternativeRadio.us","ROCKALTERNATIVE","states/US-NAT","US Partner Digital"
"8983_1779908640","2026-05-27 19:04:00","2026-06-03 18:20:46.191","8983","Essence","WizKid feat. Tems","Made In Lagos",247,113311247,657868,113311236,"The Morning Hustle",,"states/US-NAT","US Partner Digital"
"10629_1779908639","2026-05-27 19:03:59","2026-06-03 18:24:03.771","10629","Christmastime Is Finally Here","Pentatonix & A Great Big World","Christmastime Is Finally Here",235,301935357,655231,301935356,"That Christmas Channel",,"states/US-NAT","US Partner Digital"
"10418_1779908635","2026-05-27 19:03:55","2026-06-03 18:21:08.959","10418","Glory I Couldn't See","Mike Donehey","Glory I Couldn't See",220,163686279,35469169,163686278,"Christian Hits FM","OTHER","states/US-NAT","US Partner Digital"
"11314_1779908630","2026-05-27 19:03:50","2026-06-03 18:24:23.463","11314","A Fragile Thing","The Cure","A Fragile Thing",232,300688595,32153,300688594,"Alt Rock Variety MEGASHUFFLE",,"states/US-NAT","US Partner Digital"
"8713_1779908629","2026-05-27 19:03:49","2026-06-03 18:20:41.999","8713","You Can't Change That","Raydio","Rock On",204,2496935,116952,2496929,"Smooth 70s",,"states/US-NAT","US Partner Digital"
"9034_1779908625","2026-05-27 19:03:45","2026-06-03 18:22:44.309","9034","Jam","Michael Jackson","Dangerous",338,2507435,6739,2507433,"108 SOUL","RNB","states/US-NAT","US Partner Digital"
"7369_1779908624","2026-05-27 19:03:44","2026-06-03 18:23:34.879","7369","Mi Libertad","Jerry Rivera","Mis Favoritas",262,7676372,33346,7676364,"La Mezcla Fuego","SPANISH","states/US-NAT","Spanish"
"8884_1779908622","2026-05-27 19:03:42","2026-06-03 18:20:48.367","8884","My Favourite Mushroom and Berry Spots","Lauri Porra","Voices - Finland’s Official Soundscape",189,340192698,287445,340192690,"YourClassical Concert Band","OTHER","states/US-NAT","US Partner Digital"
"9200_1779908622","2026-05-27 19:03:42","2026-06-03 18:21:03.142","9200","Brunette","Tucker Wetmore","What Not To",138,324756455,33601651,324756449,"Knox Country","COUNTRY","TN","Country"
"9251_1779908621","2026-05-27 19:03:41","2026-06-03 18:20:48.475","9251","Breakdown","Mariah Carey feat. Krayzie Bone & Wish Bone","Butterfly",284,2519331,31885,2516184,"Hype 1 Radio",,"states/US-NAT","US Partner Digital"
"11302_1779908620","2026-05-27 19:03:40","2026-06-03 18:24:21.565","11302","Landslide","The Chicks","Home",230,1800084,39065,1800082,"County Line",,"states/US-NAT","US Partner Digital"
"8163_1779908618","2026-05-27 19:03:38","2026-06-03 18:22:17.565","8163","When I Paint My Masterpiece","The Band","To Kingdom Come (The Definitive Collection)",262,536929,28480,536923,"Folk Alley Holiday","OTHER","states/US-NAT","US Partner Digital"
"10419_1779908616","2026-05-27 19:03:36","2026-06-03 18:21:09.037","10419","Let's Dance","David Bowie","Let's Dance",456,78144450,27770,78144447,"THAT 80's CHANNEL",,"states/US-NAT","US Partner Digital"
"4776_1779908613","2026-05-27 19:03:33","2026-06-03 18:21:00.039","4776","peekaboo","Kendrick Lamar feat. AzChike","GNX",155,300348405,432004,300348396,"Mix Nation","CHRPOP","states/US-NAT","Dance"
"9339_1779908613","2026-05-27 19:03:33","2026-06-03 18:22:57.578","9339","Get Right","Jennifer Lopez feat. Fabolous","Rebirth",225,67484955,35549,67484943,"DJ KIDNU RADIO","HIPHOPRNB","states/US-NAT","US Partner Digital"
"9737_1779908612","2026-05-27 19:03:32","2026-06-03 18:23:06.106","9737","Girls Need Love","Summer Walker","Last Day Of Summer",140,69954073,32072686,69954070,"Press Play Radio","HIPHOPRNB","states/US-NAT","US Partner Digital"
"11260_1779908607","2026-05-27 19:03:27","2026-06-03 18:24:15.511","11260","SWIM","BTS","ARIRANG",158,388411091,786717,388411084,"The Juice",,"states/US-NAT","US Partner Digital"
"8880_1779908596","2026-05-27 19:03:16","2026-06-03 18:22:39.393","8880","The First Noel","Arturo Delmoni & Friends","A String Quartet Christmas [Disc 1]",290,-1,-1,-1,"YourClassical Holiday","OTHER","states/US-NAT","US Partner Digital"
"6295_1779908594","2026-05-27 19:03:14","2026-06-03 18:21:48.260","6295","Only Happy When It Rains","Garbage","Garbage",236,35741597,16228,35741594,"Rock the Cradle","Prov_American Public Media","states/US-NAT","US Partner Digital"
"6227_1779908589","2026-05-27 19:03:09","2026-06-03 18:20:27.342","6227","No More","Ruff Endz","No More",242,2777720,98042,2777719,"Hot 106.5","RNB","FL","R&B"
"9802_1779908585","2026-05-27 19:03:05","2026-06-03 18:23:08.176","9802","Brahms: Variations on a Theme by Haydn, Op. 56a ""St. Antoni Chorale"": Variation VI. Vivace","Sir John Barbirolli","Brahms: Piano Concertos Nos. 1 & 2 - Variations on a Theme by Haydn - Tragic Overture - Academic Festival Overture",88,5363399,30579656,5363382,"99.5 HD3 WCRB","OTHER","states/US-NAT","US Partner Digital"
"6294_1779908584","2026-05-27 19:03:04","2026-06-03 18:21:47.931","6294","Requiem Mass: IX. Confutatis","Christine Brewer, Sir Colin Davis, London Symphony Chorus, & London Symphony Orchestra","Verdi: Requiem",326,54009393,30347924,54009384,"YourClassical Choral","OTHER","states/US-NAT","Classical"
"11482_1779908583","2026-05-27 19:03:03","2026-06-03 18:24:26.582","11482","I Don't Want To Miss A Thing","Aerosmith","I Don't Want To Miss A Thing EP",391,195541746,39229,195541745,"My Mix Radio NCPA",,"states/US-NAT","US Partner Digital"
"11384_1779908583","2026-05-27 19:03:03","2026-06-03 18:24:26.097","11384","A Who Seh Ne Dun (Wake De Man)","Cutty Ranks","Six Million Ways To Die",206,5365057,145921,5365054,"DJ Babydoll Radio",,"states/US-NAT","US Partner Digital"
"9889_1779908582","2026-05-27 19:03:02","2026-06-03 18:23:08.254","9889","Aquecimento Trompete Macumbado","DJ Polyvox & DJ Lula","Ritmos de NH",148,282660608,42530594,282660590,"La Invasora 94.7","SPANISH","states/US-NAT","US Partner Digital"
"8887_1779908578","2026-05-27 19:02:58","2026-06-03 18:22:42.400","8887","Bach, JS: Herz und Mund und Tat und Leben, BWV 147: X. Jesus bleibet meine Freude (Transcr. Garcia for Guitar)","Thibaut Garcia","Bach Inspirations",206,62667943,31303809,62667923,"YourClassical Sleep","OTHER","states/US-NAT","Classical"
"9425_1779908578","2026-05-27 19:02:58","2026-06-03 18:20:48.807","9425","What Cha' Gonna Do for Me","Chaka Khan","The Studio Album Collection: 1978 - 1992",233,45805875,2573,45805853,"Bayology Radio",,"states/US-NAT","US Partner Digital"
"9774_1779908577","2026-05-27 19:02:57","2026-06-03 18:23:06.891","9774","RUNWAY","Lady Gaga & Doechii","RUNWAY",170,393236167,39335,393236166,"LIVE 99.9","CHRPOP","states/US-NAT","US Partner Digital"
"7548_1779908568","2026-05-27 19:02:48","2026-06-03 18:21:57.712","7548","Dreams","Beck","Colors",296,51154972,11447,51154966,"DARE FM","ROCKALTERNATIVE","states/US-NAT","US Partner Digital"
"7867_1779908568","2026-05-27 19:02:48","2026-06-03 18:22:12.934","7867","Can I Kick It?","A Tribe Called Quest","Kiss R&B Digital Downloads",252,71234779,68781,71234770,"Purple Current","Prov_American Public Media","states/US-NAT","US Partner Digital"
"9034_1779908566","2026-05-27 19:02:46","2026-06-03 18:22:44.309","9034","Poison","Bell Biv DeVoe","Poison",261,690899,41536,690893,"108 SOUL","RNB","states/US-NAT","US Partner Digital"
"11300_1779908565","2026-05-27 19:02:45","2026-06-03 18:24:17.162","11300","I Got A New One","Elizabeth Nichols","I Got A New One",145,316732052,44834912,316732051,"99.5 THE GULF",,"states/US-NAT","US Partner Digital"
"9727_1779908561","2026-05-27 19:02:41","2026-06-03 18:23:10.272","9727","Give Me Your Love","Sylvia Striplin","Give Me Your Love",380,-1,-1,-1,"FreeAgentSoul","RNB","states/US-NAT","US Partner Digital"
"11315_1779908559","2026-05-27 19:02:39","2026-06-03 18:24:18.666","11315","Sexy Chick (feat. Akon)","David Guetta","One More Love",195,11478687,28289,11478686,"The EDM Megashuffle",,"states/US-NAT","US Partner Digital"
"8905_1779908559","2026-05-27 19:02:39","2026-06-03 18:22:42.359","8905","You Really Got Me","The Kinks","Kinks",134,375069282,32168,375069275,"Carolina Gold 93.9 & 106.3","CLASSICHITS","states/US-NAT","US Partner Digital"
"10092_1779908556","2026-05-27 19:02:36","2026-06-03 18:21:06.398","10092","7am","Dirty Vegas","Dirty Vegas",372,331801370,27813,331801361,"EDM Beats",,"states/US-NAT","US Partner Digital"
"8883_1779908556","2026-05-27 19:02:36","2026-06-03 18:22:38.214","8883","Simmer","Hayley Williams","Simmer",334,119818822,33933118,119818821,"YourClassical Peaceful Piano","OTHER","states/US-NAT","Classical"
"8136_1779908550","2026-05-27 19:02:30","2026-06-03 18:20:39.187","8136","Autobahn","Krystal Klear","Cyclia One [EP]",408,-1,-1,-1,"Folk Alley Irish Stream",,"states/US-NAT","US Partner Digital"
"8989_1779908545","2026-05-27 19:02:25","2026-06-03 18:22:43.631","8989","Symphony in C Major, I. Moderato alla breve","Robert Craft","Stravinsky: Symphony in C - Symphony in 3 Movements - Octet - Dumbarton Oaks",561,48198780,109195,48198773,"K-Mozart","OTHER","states/US-NAT","US Partner Digital"
"9925_1779908542","2026-05-27 19:02:22","2026-06-03 18:23:42.596","9925","Both Sides of the Story","Phil Collins","Both Sides (Deluxe Edition)",403,38035654,42237,38035653,"M2D2 RADIO WERP","ACHOTMODERN","states/US-NAT","US Partner Digital"
"6464_1779908540","2026-05-27 19:02:20","2026-06-03 18:21:49.262","6464","Every Rose Has Its Thorn","Poison","Open Up And Say . . . Ahh!",259,55821146,24746,55821138,"The Loop",,"IL","Classic Rock"
"8989_1779908535","2026-05-27 19:02:15","2026-06-03 18:22:43.631","8989","Stravinsky: Symphony in C: I. Moderato alla breve","Sir Simon Rattle","Stravinsky: Symphonies",616,5391668,34714,5391661,"K-Mozart","OTHER","states/US-NAT","US Partner Digital"
"9481_1779908532","2026-05-27 19:02:12","2026-06-03 18:22:58.567","9481","She's Playing Hard To Get","Hi-Five","Keep It Goin' On",274,2890150,140890,2886913,"That Throwback Channel!","RNB","states/US-NAT","US Partner Digital"
"11244_1779908529","2026-05-27 19:02:09","2026-06-03 18:24:14.973","11244","Too Good To Not Believe","Cody Carnes & Brandon Lake","Too Good To Not Believe",332,135414491,915588,135414490,"Total Worship Radio",,"states/US-NAT","US Partner Digital"
"6297_1779908529","2026-05-27 19:02:09","2026-06-03 18:20:27.276","6297","隐形的墙","蒋希伟","《骄阳伴我》电视剧影视原声大碟",102,-1,-1,-1,"Local Current","ROCKALTERNATIVE","states/US-NAT","US Partner Digital"
"10465_1779908528","2026-05-27 19:02:08","2026-06-03 18:21:10.274","10465","Footloose","Kenny Loggins","Footloose (Original Motion Picture Soundtrack)",227,44056178,43545,44056177,"CJ's Awesome 80s",,"states/US-NAT","US Partner Digital"
"9802_1779908527","2026-05-27 19:02:07","2026-06-03 18:23:08.176","9802","Brahms: Variations on a Theme by Haydn, Op. 56a ""St. Antoni Chorale"": Variation V. Vivace","Sir John Barbirolli","Brahms: Piano Concertos Nos. 1 & 2 - Variations on a Theme by Haydn - Tragic Overture - Academic Festival Overture",56,5363398,30579656,5363382,"99.5 HD3 WCRB","OTHER","states/US-NAT","US Partner Digital"
"8987_1779908525","2026-05-27 19:02:05","2026-06-03 18:20:46.509","8987","I Just Wanna Praise You","Maurette Brown Clark","He Loves Me",284,237584413,205402,237584411,"Willie Moore Jr. Show","OTHER","states/US-NAT","US Partner Digital"
"8984_1779908525","2026-05-27 19:02:05","2026-06-03 18:20:47.401","8984","I Just Wanna Praise You","Maurette Brown Clark","He Loves Me",284,237584413,205402,237584411,"Get Up! Mornings","OTHER","states/US-NAT","US Partner Digital"
"10629_1779908509","2026-05-27 19:01:49","2026-06-03 18:24:03.771","10629","Let It Snow! Let It Snow! Let It Snow!","Andy Williams","Merry Christmas",139,2596121,16425,2596088,"That Christmas Channel",,"states/US-NAT","US Partner Digital"
"11384_1779908509","2026-05-27 19:01:49","2026-06-03 18:24:26.097","11384","Big Up","Shaggy feat. Rayvon","Pure Pleasure",205,553441,27546,553429,"DJ Babydoll Radio",,"states/US-NAT","US Partner Digital"
"11240_1779908505","2026-05-27 19:01:45","2026-06-03 18:24:14.276","11240","The Light","Common","Like Water For Chocolate",261,13404108,3576,13404103,"Soul Radio Coast2coast",,"states/US-NAT","US Partner Digital"
"10092_1779908503","2026-05-27 19:01:43","2026-06-03 18:21:06.398","10092","Don't Stop","Ummet Ozcan","Don't Stop",287,55446100,30778959,55446099,"EDM Beats",,"states/US-NAT","US Partner Digital"
"11297_1779908501","2026-05-27 19:01:41","2026-06-03 18:24:16.416","11297","Beautiful Life","Ace of Base","The Bridge",219,96574191,86244,96574190,"iPartyRadio: Dance Anthems",,"states/US-NAT","US Partner Digital"
"8135_1779908501","2026-05-27 19:01:41","2026-06-03 18:20:38.961","8135","Happiness is a butterfly","Lana Del Rey","Norman Fucking Rockwell!",272,79220677,692502,79220664,"Folk Alley Fresh Cuts",,"states/US-NAT","US Partner Digital"
"9771_1779908501","2026-05-27 19:01:41","2026-06-03 18:23:07.546","9771","Feels Like Us","Devault, GiGi Grombacher","Feels Like Us",234,358376186,31202481,358376185,"Maxima Radio","OTHER","states/US-NAT","US Partner Digital"
"7742_1779908499","2026-05-27 19:01:39","2026-06-03 18:22:08.199","7742","Silent Night","Liona Boyd","A Guitar For Christmas",179,-1,-1,-1,"Christmas by Classical KING","OTHER","states/US-NAT","US Partner Digital"
"9799_1779908498","2026-05-27 19:01:38","2026-06-03 18:23:08.002","9799","Heartbreak Melody","Alan Walker and FAANGS","Heartbreak Melody",191,339093075,32206059,339093074,"Jam Hits","OTHER","states/US-NAT","US Partner Digital"
"11301_1779908497","2026-05-27 19:01:37","2026-06-03 18:24:16.693","11301","Be By You","Luke Combs","Be By You",197,379866570,30406307,379866569,"99.5 THE STAR",,"states/US-NAT","US Partner Digital"
"8308_1779908496","2026-05-27 19:01:36","2026-06-03 18:20:39.241","8308","Body","Don Toliver","OCTANE",155,377121144,31887636,377121142,"FUBU Radio",,"states/US-NAT","US Partner Digital"
"8995_1779908494","2026-05-27 19:01:34","2026-06-03 18:22:44.169","8995","Bad Girls","Donna Summer","Bad Girls",294,64786410,6932,64786408,"That 70's Channel","CLASSICHITS","states/US-NAT","US Partner Digital"
"8889_1779908493","2026-05-27 19:01:33","2026-06-03 18:22:42.495","8889","3. Rondo (Allegretto moderato - Prestissimo)","Alice Sara Ott","Beethoven",598,15400715,30640194,15400708,"YourClassical Essentials","OTHER","states/US-NAT","Classical"
"9425_1779908491","2026-05-27 19:01:31","2026-06-03 18:20:48.807","9425","Candy","Cameo","Word Up",339,570129,39409,570126,"Bayology Radio",,"states/US-NAT","US Partner Digital"
"7680_1779908487","2026-05-27 19:01:27","2026-06-03 18:22:08.004","7680","Machinehead","Bush","Sixteen Stone",255,277528307,41653,277528300,"Mad Rock Nation","ROCKACTIVE","states/US-NAT","US Partner Digital"
"7869_1779908483","2026-05-27 19:01:23","2026-06-03 18:22:14.269","7869","Run To The Father","Matt Maher","Alive & Breathing",280,90541451,117533,90541443,"Family Life Radio","OTHER","states/US-NAT","US Partner Digital"
"8761_1779908475","2026-05-27 19:01:15","2026-06-03 18:22:35.649","8761","Already Gone","Eagles","On the Border",253,21834456,59842,21834455,"Rewound Radio",,"states/US-NAT","US Partner Digital"
"8986_1779908473","2026-05-27 19:01:13","2026-06-03 18:20:46.997","8986","When Doves Cry","Prince","Purple Rain",353,270063545,3403,270063539,"The DL Hughley Show",,"states/US-NAT","US Partner Digital"
"8982_1779908473","2026-05-27 19:01:13","2026-06-03 18:20:47.083","8982","When Doves Cry","Prince","Purple Rain",353,270063545,3403,270063539,"Rickey Smiley Morning Show",,"states/US-NAT","US Partner Digital"
"5254_1779908471","2026-05-27 19:01:11","2026-06-03 18:21:41.828","5254","Vogue","Madonna","I'm Breathless",289,1022329,35393,1022317,"WHIP Radio",,"PA","Public Radio"
"11384_1779908465","2026-05-27 19:01:05","2026-06-03 18:24:26.097","11384","Action (feat. Nadine Sutherland)","Terror Fabulous","Yaga Yaga",230,51282706,45177,51282703,"DJ Babydoll Radio",,"states/US-NAT","US Partner Digital"
"11302_1779908465","2026-05-27 19:01:05","2026-06-03 18:24:21.565","11302","Holdin' It Down","Chase Matthew","Holdin' It Down",162,373811716,33126682,373811715,"County Line",,"states/US-NAT","US Partner Digital"
"7259_1779908465","2026-05-27 19:01:05","2026-06-03 18:20:31.413","7259","Brahms: String Quintet #2 In G, Op. 111 - 1. Allegro Non Troppo, Ma Con Brio","Takács Quartet & Lawrence Power","Brahms: String Quintets",767,-1,-1,-1,"Capital Public Radio",,"states/US-NAT","US Partner Digital"
"9903_1779908464","2026-05-27 19:01:04","2026-06-03 18:20:52.325","9903","Be Her","Ella Langley","Be Her",216,379348746,32173141,379348745,"Kickin' Kountry Radio","COUNTRY","states/US-NAT","US Partner Digital"
"9339_1779908463","2026-05-27 19:01:03","2026-06-03 18:22:57.578","9339","love nwantiti (ah ah ah)","CKay","CKay The First",145,79993711,889954,79993709,"DJ KIDNU RADIO","HIPHOPRNB","states/US-NAT","US Partner Digital"
"9922_1779908462","2026-05-27 19:01:02","2026-06-03 18:23:42.656","9922","Can't Take My Eyes off You","Frankie Valli","Solo",203,6379669,44026,6379664,"Groovy 105.7","CLASSICHITS","states/US-NAT","US Partner Digital"
"9806_1779908461","2026-05-27 19:01:01","2026-06-03 18:20:51.028","9806","Dance, Dance","Fall Out Boy","From Under The Cork Tree",180,732956,39304,732949,"AlternativeRadio.us","ROCKALTERNATIVE","states/US-NAT","US Partner Digital"
"9737_1779908459","2026-05-27 19:00:59","2026-06-03 18:23:06.106","9737","Woo Baby","Pop Smoke feat. Chris Brown","Faith",155,347371060,32757482,347371045,"Press Play Radio","HIPHOPRNB","states/US-NAT","US Partner Digital"
"11301_1779908457","2026-05-27 19:00:57","2026-06-03 18:24:16.693","11301","Wandering Eye","Fat Freddy's Drop","Based on a True Story",589,163418077,32431,163418069,"99.5 THE STAR",,"states/US-NAT","US Partner Digital"
"6466_1779908455","2026-05-27 19:00:55","2026-06-03 18:21:48.192","6466","La Sonnambula: Act II: Scene 2: Ah! Non giunge uman pensiero","Pretty Yende, Giacomo Sagripanti, Orchestra Sinfonica di Milano Giuseppe Verdi, Coro Sinfonico di Milano Giuseppe Verdi, Ilaria Sicignano, Piero Pretti, Mattia Olivieri & Carlo Lepore","The Pretty Yende Coronation & Opera Classics Collection",196,385120201,31261276,385120185,"Operavore",,"states/US-NAT","US Partner Digital"
"11299_1779908454","2026-05-27 19:00:54","2026-06-03 18:24:16.748","11299","Cumbia Cazador","Memo y su Grupo Cazador","Cumbia Cazador",194,68842983,32774553,68842974,"LA NUEVA, RADIO",,"states/US-NAT","US Partner Digital"
"9034_1779908454","2026-05-27 19:00:54","2026-06-03 18:22:44.309","9034","Just Got Paid","Johnny Kemp","Secrets of Flying (Expanded Edition)",330,32713316,98125,32713315,"108 SOUL","RNB","states/US-NAT","US Partner Digital"
"8883_1779908452","2026-05-27 19:00:52","2026-06-03 18:22:38.214","8883","譯夢機","吳青峰","太空人",442,-1,-1,-1,"YourClassical Peaceful Piano","OTHER","states/US-NAT","Classical"
"4776_1779908447","2026-05-27 19:00:47","2026-06-03 18:21:00.039","4776","What's My Name?","Rihanna & Drake","Loud",262,15044911,34742,15044909,"Mix Nation","CHRPOP","states/US-NAT","Dance"
"6155_1779908447","2026-05-27 19:00:47","2026-06-03 18:21:47.925","6155","Norman: The Companion Guide To Rome - Sabina","A Far Cry","The Law Of Mosaics",598,-1,-1,-1,"New Sounds",,"states/US-NAT","US Partner Digital"
"11461_1779908445","2026-05-27 19:00:45","2026-06-03 18:24:25.139","11461","I Like (feat. WizKid)","Kojo Funds","I Like (feat. WizKid)",192,77346363,31132082,77346362,"DogSled African Radio",,"states/US-NAT","US Partner Digital"
"11236_1779908439","2026-05-27 19:00:39","2026-06-03 18:24:13.958","11236","Hold Me","Fleetwood Mac","Mirage",226,42286844,7046,42286835,"DC Sugar95",,"states/US-NAT","US Partner Digital"
"7369_1779908437","2026-05-27 19:00:37","2026-06-03 18:23:34.879","7369","Mala y Peligrosa","Víctor Manuelle & Bad Bunny","Mala y Peligrosa",263,51657540,117085,51657539,"La Mezcla Fuego","SPANISH","states/US-NAT","Spanish"
"7097_1779908433","2026-05-27 19:00:33","2026-06-03 18:20:33.229","7097","Stealth Outro","Babyfather","""BBF"" Hosted by DJ Escrow",206,388833129,31090356,388833107,"EWTN Radio Catolica Mundial","OTHER","states/US-NAT","US Partner Digital"
"10092_1779908432","2026-05-27 19:00:32","2026-06-03 18:21:06.398","10092","October","Deadmau5","> album title goes here <",429,326775655,60310,326775645,"EDM Beats",,"states/US-NAT","US Partner Digital"
"10344_1779908409","2026-05-27 19:00:09","2026-06-03 18:21:08.162","10344","That Sunday, That Summer","Nat King Cole","L-O-V-E",191,40682417,3428,40682402,"Real Oldies Music Radio",,"states/US-NAT","US Partner Digital"
"8713_1779908401","2026-05-27 19:00:01","2026-06-03 18:20:41.999","8713","Blinded By The Light","Manfred Mann's Earth Band","The Roaring Silence",427,46509923,37939,46509922,"Smooth 70s",,"states/US-NAT","US Partner Digital"
"9658_1779908401","2026-05-27 19:00:01","2026-06-03 18:23:04.100","9658","Failles","Sneazzy","38°",208,-1,-1,-1,"Vida Unida, Nationwide","SPANISH","states/US-NAT","US Partner Digital"
"11240_1779908400","2026-05-27 19:00:00","2026-06-03 18:24:14.276","11240","Hang On In There Baby","Johnny Bristol","Hang On In There Baby",234,89890181,43017,89890179,"Soul Radio Coast2coast",,"states/US-NAT","US Partner Digital"
"10629_1779908396","2026-05-27 18:59:56","2026-06-03 18:24:03.771","10629","Frosty The Snowman","The Beach Boys","The Beach Boys' Christmas Album",114,64042106,3455,15306903,"That Christmas Channel",,"states/US-NAT","US Partner Digital"
"11318_1779908395","2026-05-27 18:59:55","2026-06-03 18:24:18.618","11318","Don't Matter","Akon","Konvicted",292,562709,39092,562704,"DMX Radio",,"states/US-NAT","US Partner Digital"
"8989_1779908393","2026-05-27 18:59:53","2026-06-03 18:22:43.631","8989","Beethoven: Symphony #9 In D Minor, Op. 125, ""Choral"" - 4b. Allegro Assai","Yannick Nézet-Séguin: Chamber Orchestra Of Europe","Beethoven: The Symphonies",218,-1,-1,-1,"K-Mozart","OTHER","states/US-NAT","US Partner Digital"
"8986_1779908393","2026-05-27 18:59:53","2026-06-03 18:20:46.997","8986","I'm Ready","Kano","I'm Ready",208,92637009,132982,92637006,"The DL Hughley Show",,"states/US-NAT","US Partner Digital"
"8982_1779908392","2026-05-27 18:59:52","2026-06-03 18:20:47.083","8982","I'm Ready","Kano","I'm Ready",208,92637009,132982,92637006,"Rickey Smiley Morning Show",,"states/US-NAT","US Partner Digital"
"11260_1779908391","2026-05-27 18:59:51","2026-06-03 18:24:15.511","11260","SHE DID IT AGAIN","Tyla feat. Zara Larsson","SHE DID IT AGAIN",212,394673283,182943,394673282,"The Juice",,"states/US-NAT","US Partner Digital"
"8983_1779908391","2026-05-27 18:59:51","2026-06-03 18:20:46.191","8983","ErrTime","Cardi B","AM I THE DRAMA?",146,350952547,31246427,350952531,"The Morning Hustle",,"states/US-NAT","US Partner Digital"
"10092_1779908390","2026-05-27 18:59:50","2026-06-03 18:21:06.398","10092","Blessed","Tom Hangs & Shermanology","Blessed",407,30094376,30739902,30094374,"EDM Beats",,"states/US-NAT","US Partner Digital"
"10151_1779908382","2026-05-27 18:59:42","2026-06-03 18:23:52.809","10151","The Nature Of Time","Robin Spielberg","2006 Encore Concert In Korea [Live]",334,-1,-1,-1,"WFIA AM 900 The Spirit","OTHER","KY","Christian & Gospel"
"10418_1779908373","2026-05-27 18:59:33","2026-06-03 18:21:08.959","10418","Chances","Evan Craft & Ke'Erron","Chances",243,263539507,705765,263539506,"Christian Hits FM","OTHER","states/US-NAT","US Partner Digital"
"9771_1779908371","2026-05-27 18:59:31","2026-06-03 18:23:07.546","9771","Pum Pum","Dimitri Vegas, David Guetta & Loreen","Pum Pum",131,334758960,30398090,334758959,"Maxima Radio","OTHER","states/US-NAT","US Partner Digital"
"9319_1779908371","2026-05-27 18:59:31","2026-06-03 18:20:49.355","9319","Mean Street","Van Halen","Fair Warning",300,31343932,58813,31343931,"KBACK Rock Radio","ROCKACTIVE","states/US-NAT","US Partner Digital"
"11482_1779908368","2026-05-27 18:59:28","2026-06-03 18:24:26.582","11482","River","Bishop Briggs","Bishop Briggs",213,46372189,31199070,46372188,"My Mix Radio NCPA",,"states/US-NAT","US Partner Digital"
"10092_1779908364","2026-05-27 18:59:24","2026-06-03 18:21:06.398","10092","Planet X","YellowHeads & Space 92","10X10",446,253382141,48415255,253382140,"EDM Beats",,"states/US-NAT","US Partner Digital"
"9200_1779908363","2026-05-27 18:59:23","2026-06-03 18:21:03.142","9200","South Of Sanity","Zach Top","South Of Sanity",220,339873714,36074844,339873713,"Knox Country","COUNTRY","TN","Country"
"8890_1779908362","2026-05-27 18:59:22","2026-06-03 18:20:44.675","8890","Seven Last Words Of The Unarmed: Iii. Amadou Diallo","Tonality & Alexander Lloyd Blake","Sing About It",202,-1,-1,-1,"YourClassical Black History","OTHER","states/US-NAT","US Partner Digital"
"10092_1779908355","2026-05-27 18:59:15","2026-06-03 18:21:06.398","10092","Cafe Del Mar (Three N One Remix)","Energy 52","Café Del Mar (The Complete Collection)",521,1102808,60342,1102800,"EDM Beats",,"states/US-NAT","US Partner Digital"
"7099_1779908353","2026-05-27 18:59:13","2026-06-03 18:21:54.382","7099","The River","Jordan Feliz","Beloved",194,129988155,30952018,129988154,"WAY LOUD","OTHER","states/US-NAT","US Partner Digital"
"8986_1779908353","2026-05-27 18:59:13","2026-06-03 18:20:46.997","8986","I'm Ready","Kano","I'm Ready",208,92637009,132982,92637006,"The DL Hughley Show",,"states/US-NAT","US Partner Digital"
"10419_1779908344","2026-05-27 18:59:04","2026-06-03 18:21:09.037","10419","Heartache Tonight","Eagles","The Long Run",267,21834408,59842,21834402,"THAT 80's CHANNEL",,"states/US-NAT","US Partner Digital"
"6227_1779908343","2026-05-27 18:59:03","2026-06-03 18:20:27.342","6227","Best Part (feat. H.E.R.)","Daniel Caesar","Freudian",209,316223332,30940301,316223330,"Hot 106.5","RNB","FL","R&B"
"8983_1779908342","2026-05-27 18:59:02","2026-06-03 18:20:46.191","8983","ErrTime (feat. Jeezy) [Remix]","Cardi B","AM I THE DRAMA?",195,360722192,31246427,360722165,"The Morning Hustle",,"states/US-NAT","US Partner Digital"
"7810_1779908338","2026-05-27 18:58:58","2026-06-03 18:20:35.027","7810","Go Gina","SZA","Ctrl",161,47949005,30061847,47948998,"88.5 WVPB",,"states/US-NAT","US Partner Digital"
"9799_1779908334","2026-05-27 18:58:54","2026-06-03 18:23:08.002","9799","Need You Now","D.O.D x Jax Jones","Need You Now",159,229394738,31504018,229394737,"Jam Hits","OTHER","states/US-NAT","US Partner Digital"
"8136_1779908332","2026-05-27 18:58:52","2026-06-03 18:20:39.187","8136","Someone Like You","Sweet Spirit","Cokomo",135,73858868,30863553,73858860,"Folk Alley Irish Stream",,"states/US-NAT","US Partner Digital"
"11300_1779908330","2026-05-27 18:58:50","2026-06-03 18:24:17.162","11300","Fame Is A Gun","Carter Faith","Fame Is A Gun",240,377552767,34776521,377552766,"99.5 THE GULF",,"states/US-NAT","US Partner Digital"
"9737_1779908329","2026-05-27 18:58:49","2026-06-03 18:23:06.106","9737","Shake It Fast","Saweetie","Shake It Fast (WSWF Original, Vol. 3) (Original Television Soundtrack)",130,337925247,31917520,337925246,"Press Play Radio","HIPHOPRNB","states/US-NAT","US Partner Digital"
"8163_1779908327","2026-05-27 18:58:47","2026-06-03 18:22:17.565","8163","Try To","Maiyarap","Try To [Single]",225,-1,-1,-1,"Folk Alley Holiday","OTHER","states/US-NAT","US Partner Digital"
"10092_1779908326","2026-05-27 18:58:46","2026-06-03 18:21:06.398","10092","Hallway","Cormac (US)","No No No",393,108769508,31291882,108769504,"EDM Beats",,"states/US-NAT","US Partner Digital"
"9034_1779908323","2026-05-27 18:58:43","2026-06-03 18:22:44.309","9034","Feels Good","Tony! Toni! Toné!","The Revival",297,572135,39479,572129,"108 SOUL","RNB","states/US-NAT","US Partner Digital"
"9925_1779908323","2026-05-27 18:58:43","2026-06-03 18:23:42.596","9925","(I Can't Get No) Satisfaction","The Rolling Stones","Out Of Our Heads",223,625734,39467,625725,"M2D2 RADIO WERP","ACHOTMODERN","states/US-NAT","US Partner Digital"
"10775_1779908321","2026-05-27 18:58:41","2026-06-03 18:24:08.016","10775","When You Speak","Jeremy Camp","Break Your Promises",178,142959892,27692,142959887,"The Light DFW",,"states/US-NAT","US Partner Digital"
"11298_1779908320","2026-05-27 18:58:40","2026-06-03 18:24:17.456","11298","The Curly Shuffle","Jump 'N the Saddle Band","The Curly Shuffle",174,1045216,30028024,1045215,"102 The Cube",,"states/US-NAT","US Partner Digital"
"11244_1779908319","2026-05-27 18:58:39","2026-06-03 18:24:14.973","11244","That's The Thing About Praise","Benjamin William Hastings & Blessing Offor","Benjamin William Hastings",236,190754616,38857725,190754594,"Total Worship Radio",,"states/US-NAT","US Partner Digital"
"9035_1779908315","2026-05-27 18:58:35","2026-06-03 18:22:43.937","9035","Do You Feel Loved","SLANDER feat. John Martin","Do You Feel Loved",188,389083019,30061774,389083018,"Nexus Radio","OTHER","states/US-NAT","US Partner Digital"
"8892_1779908313","2026-05-27 18:58:33","2026-06-03 18:22:42.499","8892","Chopin: Prelude #22 In G Minor, Op. 28/22","Yundi Li","Chopin: Preludes",37,-1,-1,-1,"YourClassical Radio","OTHER","states/US-NAT","Classical"
"9657_1779908313","2026-05-27 18:58:33","2026-06-03 18:20:55.776","9657","Crowns & Thorns (Oceans)","KB","Tomorrow We Live",291,112028719,191427,112028706,"NGEN Radio","HIPHOPRNB","states/US-NAT","US Partner Digital"
"8136_1779908311","2026-05-27 18:58:31","2026-06-03 18:20:39.187","8136","Composure","Junk Project","The Album",532,-1,-1,-1,"Folk Alley Irish Stream",,"states/US-NAT","US Partner Digital"
"7342_1779908305","2026-05-27 18:58:25","2026-06-03 18:21:57.423","7342","Chopin: Prelude #22 In G Minor, Op. 28/22","Yundi Li","Chopin: Preludes",37,-1,-1,-1,"WABE 90.1 HD2 Classical",,"states/US-NAT","US Partner Digital"
"8982_1779908304","2026-05-27 18:58:24","2026-06-03 18:20:47.083","8982","Planet Rock","Afrika Bambaataa & The Soulsonic Force","Planet Rock: The Album (2024 Remaster)",450,283315722,5189,283315721,"Rickey Smiley Morning Show",,"states/US-NAT","US Partner Digital"
"9774_1779908302","2026-05-27 18:58:22","2026-06-03 18:23:06.891","9774","Destiny","Ellie Goulding","Destiny",277,359912700,418015,359912699,"LIVE 99.9","CHRPOP","states/US-NAT","US Partner Digital"
"11461_1779908300","2026-05-27 18:58:20","2026-06-03 18:24:25.139","11461","Getting Paid ​(f​eat​. Asake, Wizkid, Skillibeng​)","Sarz and Asake and Wizkid and Skillibeng","Protect Sarz At All Costs",148,357812082,838627,357812079,"DogSled African Radio",,"states/US-NAT","US Partner Digital"
"7369_1779908300","2026-05-27 18:58:20","2026-06-03 18:23:34.879","7369","La Fórmula","Maluma feat. Marc Anthony","La Fórmula",266,201489190,687499,201489189,"La Mezcla Fuego","SPANISH","states/US-NAT","Spanish"
"11302_1779908299","2026-05-27 18:58:19","2026-06-03 18:24:21.565","11302","All To Myself","Dan + Shay","Dan + Shay",169,58029628,927377,58029624,"County Line",,"states/US-NAT","US Partner Digital"
"10092_1779908298","2026-05-27 18:58:18","2026-06-03 18:21:06.398","10092","Blessed","Tom Hangs & Shermanology","Blessed",407,30094376,30739902,30094374,"EDM Beats",,"states/US-NAT","US Partner Digital"
"8761_1779908293","2026-05-27 18:58:13","2026-06-03 18:22:35.649","8761","Judy in Disguise (with Glasses)","John Fred And His Playboy Band","Agnes English",173,51745412,30692990,51745410,"Rewound Radio",,"states/US-NAT","US Partner Digital"
"9727_1779908292","2026-05-27 18:58:12","2026-06-03 18:23:10.272","9727","Wanna Get With U","Guy","The Future",285,60596811,40886,60596809,"FreeAgentSoul","RNB","states/US-NAT","US Partner Digital"
"11462_1779908288","2026-05-27 18:58:08","2026-06-03 18:24:26.102","11462","Young G","Jerry","Young G",156,403077938,97301,403077937,"Carolina smoke radio",,"states/US-NAT","US Partner Digital"
"8986_1779908286","2026-05-27 18:58:06","2026-06-03 18:20:46.997","8986","Planet Rock","Afrika Bambaataa & The Soulsonic Force","Planet Rock: The Album (2024 Remaster)",450,283315722,5189,283315721,"The DL Hughley Show",,"states/US-NAT","US Partner Digital"
"10176_1779908280","2026-05-27 18:58:00","2026-06-03 18:21:06.971","10176","Squander","Falz feat. Niniola","Squander",188,286061406,30345943,286061405,"Rewind from Family Life","OTHER","states/US-NAT","US Partner Digital"
"8891_1779908280","2026-05-27 18:58:00","2026-06-03 18:20:45.855","8891","Chemical Substance","Belocca","Chemical Substance",422,86825766,551972,86825765,"YourClassical Women's History","OTHER","states/US-NAT","US Partner Digital"
"10629_1779908276","2026-05-27 18:57:56","2026-06-03 18:24:03.771","10629","The First Noel","Nat King Cole","The Christmas Song",117,61911593,3428,61911581,"That Christmas Channel",,"states/US-NAT","US Partner Digital"
"11301_1779908274","2026-05-27 18:57:54","2026-06-03 18:24:16.693","11301","The Middle","Kaitlin Butts","The Middle",225,357851065,31890258,357851064,"99.5 THE STAR",,"states/US-NAT","US Partner Digital"
"11392_1779908273","2026-05-27 18:57:53","2026-06-03 18:24:20.956","11392","Aasai Raja","Uma Ramanan","Tamil Lofi Lullabies",74,334316069,77604,334316067,"Easy Jazz FM",,"states/US-NAT","US Partner Digital"
"10174_1779908271","2026-05-27 18:57:51","2026-06-03 18:21:05.851","10174","Perfectly Loved","Rachael Lampa Feat. TobyMac","Perfectly Loved [Single]",203,-1,-1,-1,"Family Life Now","OTHER","states/US-NAT","US Partner Digital"
"7869_1779908271","2026-05-27 18:57:51","2026-06-03 18:22:14.269","7869","Dusty Bibles","Josiah Queen","Dusty Bibles",189,334065686,34036085,334065685,"Family Life Radio","OTHER","states/US-NAT","US Partner Digital"
"9922_1779908268","2026-05-27 18:57:48","2026-06-03 18:23:42.656","9922","Oh, Pretty Woman","Roy Orbison","Oh, Pretty Woman",179,30705635,556,30705633,"Groovy 105.7","CLASSICHITS","states/US-NAT","US Partner Digital"
"7680_1779908256","2026-05-27 18:57:36","2026-06-03 18:22:08.004","7680","Animal I Have Become","Three Days Grace","One-X",230,8796814,34751,8796436,"Mad Rock Nation","ROCKACTIVE","states/US-NAT","US Partner Digital"
"8884_1779908255","2026-05-27 18:57:35","2026-06-03 18:20:48.367","8884","Hayatı Yaşa","Duman","Konser",431,66126502,463254,66126489,"YourClassical Concert Band","OTHER","states/US-NAT","US Partner Digital"
"6296_1779908251","2026-05-27 18:57:31","2026-06-03 18:21:47.581","6296","Puff of Smoke","The Wood Brothers","Puff of Smoke",220,321286091,30044727,321286089,"Radio Heartland","ROCKALTERNATIVE","states/US-NAT","US Partner Digital"
"8890_1779908247","2026-05-27 18:57:27","2026-06-03 18:20:44.675","8890","Seven Last Words Of The Unarmed: II. Trayvon Martin","Tonality & Alexander Lloyd Blake","Sing About It",76,-1,-1,-1,"YourClassical Black History","OTHER","states/US-NAT","US Partner Digital"
"8308_1779908244","2026-05-27 18:57:24","2026-06-03 18:20:39.241","8308","There I Go (feat. J. Cole & Mike WiLL Made-It)","Gucci Mane","There I Go (feat. J. Cole & Mike WiLL Made-It)",171,230281955,6580,230281954,"FUBU Radio",,"states/US-NAT","US Partner Digital"
"8905_1779908244","2026-05-27 18:57:24","2026-06-03 18:22:42.359","8905","Emotion","Samantha Sang","Emotion",236,41921885,432163,41921882,"Carolina Gold 93.9 & 106.3","CLASSICHITS","states/US-NAT","US Partner Digital"
"7867_1779908243","2026-05-27 18:57:23","2026-06-03 18:22:12.934","7867","Shy","Prince","The Gold Experience",303,60273965,3403,60273951,"Purple Current","Prov_American Public Media","states/US-NAT","US Partner Digital"
"6464_1779908241","2026-05-27 18:57:21","2026-06-03 18:21:49.262","6464","Feel like Makin' Love","Bad Company","Straight Shooter",316,31436966,40534,31436964,"The Loop",,"IL","Classic Rock"
"11315_1779908232","2026-05-27 18:57:12","2026-06-03 18:24:18.666","11315","Plastic Dreams","Jaydee","Plastic Dreams",617,53967582,30015144,53967580,"The EDM Megashuffle",,"states/US-NAT","US Partner Digital"
"8887_1779908230","2026-05-27 18:57:10","2026-06-03 18:22:42.400","8887","2. Andante","Emerson String Quartet","Mozart: String Quartets K.387 & 421",348,19318345,1020,19318339,"YourClassical Sleep","OTHER","states/US-NAT","Classical"
"9802_1779908230","2026-05-27 18:57:10","2026-06-03 18:23:08.176","9802","Brahms: Variations on a Theme by Haydn, Op. 56a ""St. Antoni Chorale"": Variation II. Più vivace","Sir John Barbirolli","Brahms: Piano Concertos Nos. 1 & 2 - Variations on a Theme by Haydn - Tragic Overture - Academic Festival Overture",58,5363393,30579656,5363382,"99.5 HD3 WCRB","OTHER","states/US-NAT","US Partner Digital"
"9251_1779908229","2026-05-27 18:57:09","2026-06-03 18:20:48.475","9251","Go Deep","Janet Jackson","The Velvet Rope",281,186945043,29436,186945035,"Hype 1 Radio",,"states/US-NAT","US Partner Digital"
"11260_1779908228","2026-05-27 18:57:08","2026-06-03 18:24:15.511","11260","Go Crazy","Chris Brown & Young Thug","Slime & B",176,101461180,33210,101461178,"The Juice",,"states/US-NAT","US Partner Digital"
"9570_1779908228","2026-05-27 18:57:08","2026-06-03 18:20:50.187","9570","Ferry Cross the Mersey","Gerry & the Pacemakers","Ferry Cross The Mersey [Mono And Stereo Version]",145,411666,1547,411654,"Oldies.Gold","CLASSICHITS","states/US-NAT","US Partner Digital"
"9425_1779908223","2026-05-27 18:57:03","2026-06-03 18:20:48.807","9425","Can't Get Enough Of Your Love, Babe","Barry White","Can't Get Enough",273,60914185,32432,60914181,"Bayology Radio",,"states/US-NAT","US Partner Digital"
"9034_1779908222","2026-05-27 18:57:02","2026-06-03 18:22:44.309","9034","Give Me Your Love","Sylvia Striplin","Give Me Your Love",380,-1,-1,-1,"108 SOUL","RNB","states/US-NAT","US Partner Digital"
"10629_1779908202","2026-05-27 18:56:42","2026-06-03 18:24:03.771","10629","Carol of the Bells (From ""Home Alone"" Soundtrack)","John Williams","Home Alone (Original Motion Picture Soundtrack)",84,36243604,6833,36243593,"That Christmas Channel",,"states/US-NAT","US Partner Digital"
"9774_1779908197","2026-05-27 18:56:37","2026-06-03 18:23:06.891","9774","FLY","Quavo & Lenny Kravitz","FLY",156,282616490,31826733,282616489,"LIVE 99.9","CHRPOP","states/US-NAT","US Partner Digital"
"10636_1779908192","2026-05-27 18:56:32","2026-06-03 18:21:11.306","10636","Love Never Felt So Good","Michael Jackson & Justin Timberlake","XSCAPE",245,26607457,6739,26607440,"98.3 BPME ""The Sound""",,"states/US-NAT","US Partner Digital"
"11392_1779908192","2026-05-27 18:56:32","2026-06-03 18:24:20.956","11392","And I Love Her","Pat Metheny","What's It All About",261,367157901,13318,367157891,"Easy Jazz FM",,"states/US-NAT","US Partner Digital"
"6295_1779908191","2026-05-27 18:56:31","2026-06-03 18:21:48.260","6295","You Don't Know Me","Ben Folds feat. Regina Spektor","Way To Normal",189,2645680,89500,2645626,"Rock the Cradle","Prov_American Public Media","states/US-NAT","US Partner Digital"
"9889_1779908188","2026-05-27 18:56:28","2026-06-03 18:23:08.254","9889","AGUA Y JABON","Los Dareyes de la Sierra","SABIA",191,394992440,39668,394992420,"La Invasora 94.7","SPANISH","states/US-NAT","US Partner Digital"
"11315_1779908187","2026-05-27 18:56:27","2026-06-03 18:24:18.666","11315","Boom Boom","Justice Crew","Best Night",186,71529679,583325,71529677,"The EDM Megashuffle",,"states/US-NAT","US Partner Digital"
"8982_1779908179","2026-05-27 18:56:19","2026-06-03 18:20:47.083","8982","Heartbreak Hotel","Whitney Houston featuring Faith Evans and Kelly Price","My Love Is Your Love",281,2565142,87166,2549541,"Rickey Smiley Morning Show",,"states/US-NAT","US Partner Digital"
"8986_1779908178","2026-05-27 18:56:18","2026-06-03 18:20:46.997","8986","Heartbreak Hotel","Whitney Houston featuring Faith Evans and Kelly Price","My Love Is Your Love",281,2565142,87166,2549541,"The DL Hughley Show",,"states/US-NAT","US Partner Digital"
"9806_1779908176","2026-05-27 18:56:16","2026-06-03 18:20:51.028","9806","Swing, Swing","The All-American Rejects","The All-American Rejects",232,72241697,38894,72241694,"AlternativeRadio.us","ROCKALTERNATIVE","states/US-NAT","US Partner Digital"
"4776_1779908175","2026-05-27 18:56:15","2026-06-03 18:21:00.039","4776","Rapture (feat.Nadia Ali)","iiO","Poetica (feat. Nadia Ali)",253,97449805,656,97449804,"Mix Nation","CHRPOP","states/US-NAT","Dance"
"9035_1779908175","2026-05-27 18:56:15","2026-06-03 18:22:43.937","9035","In My Head (Baby I'm Sorry)","Old Jim x ARTY x Alexandra Stan x CERES","In My Head (Baby I'm Sorry)",136,394806356,35021477,394806355,"Nexus Radio","OTHER","states/US-NAT","US Partner Digital"
"11300_1779908174","2026-05-27 18:56:14","2026-06-03 18:24:17.162","11300","20 Cigarettes","Morgan Wallen","I’m The Problem",160,328873538,30731053,328873527,"99.5 THE GULF",,"states/US-NAT","US Partner Digital"
"6466_1779908174","2026-05-27 18:56:14","2026-06-03 18:21:48.192","6466","Adams: Doctor Atomic - Batter My Heart","Gerald Finley; Edward Gardner: London Philharmonic Orchestra","Gerald Finley - Great Operatic Arias",468,-1,-1,-1,"Operavore",,"states/US-NAT","US Partner Digital"
"8713_1779908166","2026-05-27 18:56:06","2026-06-03 18:20:41.999","8713","Three Times A Lady","Commodores","Natural High",400,64129999,39106,64129995,"Smooth 70s",,"states/US-NAT","US Partner Digital"
"11241_1779908160","2026-05-27 18:56:00","2026-06-03 18:24:14.915","11241","It's in the Way That You Use It","Eric Clapton","August",250,185072288,39635,185072287,"93QFM",,"states/US-NAT","US Partner Digital"
"11482_1779908157","2026-05-27 18:55:57","2026-06-03 18:24:26.582","11482","Work from Home","Fifth Harmony feat. Ty Dolla $ign","7/27",214,40434054,910671,40434052,"My Mix Radio NCPA",,"states/US-NAT","US Partner Digital"
"11240_1779908155","2026-05-27 18:55:55","2026-06-03 18:24:14.276","11240","Express","B.T. Express","Do It ('Til You're Satisfied)",306,42117099,2278,42117098,"Soul Radio Coast2coast",,"states/US-NAT","US Partner Digital"
"9200_1779908155","2026-05-27 18:55:55","2026-06-03 18:21:03.142","9200","Friday Night Heartbreaker","Jon Pardi","Honkytonk Hollywood",204,322601227,727632,322601225,"Knox Country","COUNTRY","TN","Country"
"4776_1779908153","2026-05-27 18:55:53","2026-06-03 18:21:00.039","4776","Ride Wit Me","Nelly feat. City Spud","Country Grammar",291,700788,40199,700786,"Mix Nation","CHRPOP","states/US-NAT","Dance"
"8308_1779908140","2026-05-27 18:55:40","2026-06-03 18:20:39.241","8308","MR HIM","T.I.","MR HIM",148,398574807,58717,398574806,"FUBU Radio",,"states/US-NAT","US Partner Digital"
"9657_1779908139","2026-05-27 18:55:39","2026-06-03 18:20:55.776","9657","HAPPY","NF","HOPE",242,211853296,958998,211853291,"NGEN Radio","HIPHOPRNB","states/US-NAT","US Partner Digital"
"11461_1779908137","2026-05-27 18:55:37","2026-06-03 18:24:25.139","11461","WAIST","Omah Lay","CLARITY OF MIND",165,390815417,32927636,390815409,"DogSled African Radio",,"states/US-NAT","US Partner Digital"
"8761_1779908137","2026-05-27 18:55:37","2026-06-03 18:22:35.649","8761","Rain Dance","The Guess Who","So Long Bannatyne",166,4204121,118315,4203646,"Rewound Radio",,"states/US-NAT","US Partner Digital"
"11248_1779908135","2026-05-27 18:55:35","2026-06-03 18:24:15.198","11248","Teru No Uta","Mic Musicbox","Miyazaki Anime Best Collection",277,-1,-1,-1,"KPOP 24.7 NuWaaV RADIO",,"states/US-NAT","US Partner Digital"
"11297_1779908133","2026-05-27 18:55:33","2026-06-03 18:24:16.416","11297","Your Lovin'","Christian Smith","Your Lovin'",448,214536547,19341,214536544,"iPartyRadio: Dance Anthems",,"states/US-NAT","US Partner Digital"
"7869_1779908128","2026-05-27 18:55:28","2026-06-03 18:22:14.269","7869","THANKFUL","Forrest Frank","THANKFUL",136,366620300,39644335,366620299,"Family Life Radio","OTHER","states/US-NAT","US Partner Digital"
"8983_1779908126","2026-05-27 18:55:26","2026-06-03 18:20:46.191","8983","MILLION DOLLAR BABY","Tommy Richman","MILLION DOLLAR BABY",154,266898616,32686588,266898615,"The Morning Hustle",,"states/US-NAT","US Partner Digital"
"5254_1779908124","2026-05-27 18:55:24","2026-06-03 18:21:41.828","5254","Rubber Band Man","Tyga & YG","Hit Me When U Leave The Klub: The Playlist",151,235302667,359494,235302666,"WHIP Radio",,"PA","Public Radio"
"10092_1779908122","2026-05-27 18:55:22","2026-06-03 18:21:06.398","10092","Trusted","Steve Shaden","Trusted",336,99587815,30325118,99587814,"EDM Beats",,"states/US-NAT","US Partner Digital"
"7369_1779908121","2026-05-27 18:55:21","2026-06-03 18:23:34.879","7369","I Know You Want Me (Calle Ocho)","Pitbull","Pitbull Starring In Rebelution",236,8058016,42201,8057512,"La Mezcla Fuego","SPANISH","states/US-NAT","Spanish"
"8891_1779908118","2026-05-27 18:55:18","2026-06-03 18:20:45.855","8891","Unity","Clarice Jensen","In holiday clothing, out of the great darkness",328,354944646,30974753,354944640,"YourClassical Women's History","OTHER","states/US-NAT","US Partner Digital"
"7548_1779908116","2026-05-27 18:55:16","2026-06-03 18:21:57.712","7548","Robert De Niro's Waiting","Bananarama","Bananarama",210,65287075,58235,65287067,"DARE FM","ROCKALTERNATIVE","states/US-NAT","US Partner Digital"
"8989_1779908110","2026-05-27 18:55:10","2026-06-03 18:22:43.631","8989","Tchaikovsky: Piano Concerto #1 In B Flat Minor, Op. 23 - 3. Allegro Con Fuoco","Van Cliburn; Kirill Kondrashin: RCA Symphony Orchestra","Tchaikovsky: Piano Concerto #1",414,-1,-1,-1,"K-Mozart","OTHER","states/US-NAT","US Partner Digital"
"11178_1779908100","2026-05-27 18:55:00","2026-06-03 18:24:11.585","11178","Fame","Irene Cara","Fame (Original Motion Picture Soundtrack)",314,70458496,328,70458495,"Power Hits",,"states/US-NAT","US Partner Digital"
"10419_1779908099","2026-05-27 18:54:59","2026-06-03 18:21:09.037","10419","Lonely Ol' Night","John Mellencamp","Scarecrow",228,695367,40082,695356,"THAT 80's CHANNEL",,"states/US-NAT","US Partner Digital"
"11314_1779908096","2026-05-27 18:54:56","2026-06-03 18:24:23.463","11314","No. 1 Party Anthem","Arctic Monkeys","AM",242,45036577,60731,45036571,"Alt Rock Variety MEGASHUFFLE",,"states/US-NAT","US Partner Digital"
"8989_1779908096","2026-05-27 18:54:56","2026-06-03 18:22:43.631","8989","3. Allegro con fuoco","Ivo Pogorelich","Tchaikovsky: Piano Concerto No.1",398,19119754,30636810,19119751,"K-Mozart","OTHER","states/US-NAT","US Partner Digital"
"8905_1779908089","2026-05-27 18:54:49","2026-06-03 18:22:42.359","8905","Galveston","Glen Campbell","Galveston",160,401758,1273,401757,"Carolina Gold 93.9 & 106.3","CLASSICHITS","states/US-NAT","US Partner Digital"
"11302_1779908087","2026-05-27 18:54:47","2026-06-03 18:24:21.565","11302","You Heard Wrong","Dylan Schneider","Wannabe [EP]",216,-1,-1,-1,"County Line",,"states/US-NAT","US Partner Digital"
"8995_1779908086","2026-05-27 18:54:46","2026-06-03 18:22:44.169","8995","I Got a Name","Jim Croce","I Got a Name",192,374829829,59849,374829828,"That 70's Channel","CLASSICHITS","states/US-NAT","US Partner Digital"
"10775_1779908085","2026-05-27 18:54:45","2026-06-03 18:24:08.016","10775","Hold On","Katy Nichole","Jesus Changed My Life",235,204965093,37453415,204965084,"The Light DFW",,"states/US-NAT","US Partner Digital"
"8989_1779908085","2026-05-27 18:54:45","2026-06-03 18:22:43.631","8989","Piano Concerto No. 1 in B-Flat Minor, Op. 23: Allegro con fuoco","Peter Illych Tchaikovsky|Kiril Kondrashin|Van Cliburn","Tchaikovsky: Concerto No. 1 Rachmaninoff: Concerto No. 2",413,-1,-1,-1,"K-Mozart","OTHER","states/US-NAT","US Partner Digital"
"8135_1779908082","2026-05-27 18:54:42","2026-06-03 18:20:38.961","8135","Robin's Egg","Iron & Wine Feat. I'm With Her","Hen's Teeth",184,-1,-1,-1,"Folk Alley Fresh Cuts",,"states/US-NAT","US Partner Digital"
"8989_1779908082","2026-05-27 18:54:42","2026-06-03 18:22:43.631","8989","3. Allegro con fuoco","Ivo Pogorelich","Tchaikovsky: Piano Concerto No.1",398,19119754,30636810,19119751,"K-Mozart","OTHER","states/US-NAT","US Partner Digital"
"11299_1779908077","2026-05-27 18:54:37","2026-06-03 18:24:16.748","11299","Oxidado","Paula Mattheus","Todo lo alto que quiera [Disc 2]",263,-1,-1,-1,"LA NUEVA, RADIO",,"states/US-NAT","US Partner Digital"
"8989_1779908076","2026-05-27 18:54:36","2026-06-03 18:22:43.631","8989","3. Allegro con fuoco","Lang Lang","Tchaikovsky / Mendelssohn: First Piano Concertos",433,19225934,281683,19225931,"K-Mozart","OTHER","states/US-NAT","US Partner Digital"
"9922_1779908070","2026-05-27 18:54:30","2026-06-03 18:23:42.656","9922","Bad Girls","Donna Summer","Bad Girls",294,64786410,6932,64786408,"Groovy 105.7","CLASSICHITS","states/US-NAT","US Partner Digital"
"7867_1779908069","2026-05-27 18:54:29","2026-06-03 18:22:12.934","7867","Who's Ready for Tomorrow","RAT BOY & IBDY","Cyberpunk 2077: Radio, Vol. 2 (Original Soundtrack)",115,117784250,30872414,117784247,"Purple Current","Prov_American Public Media","states/US-NAT","US Partner Digital"
"9903_1779908068","2026-05-27 18:54:28","2026-06-03 18:20:52.325","9903","Amen","Shaboozey (feat. Jelly Roll)","Where I've Been, Isn't Where I'm Going: The Complete Edition",196,326208941,30650570,326208928,"Kickin' Kountry Radio","COUNTRY","states/US-NAT","US Partner Digital"
"9251_1779908060","2026-05-27 18:54:20","2026-06-03 18:20:48.475","9251","Never Can Say Goodbye","The Jackson 5","Maybe Tomorrow",179,28132005,35053,28132002,"Hype 1 Radio",,"states/US-NAT","US Partner Digital"
"6227_1779908059","2026-05-27 18:54:19","2026-06-03 18:20:27.342","6227","Sittin' Up In My Room","Brandy","Waiting To Exhale",292,2550735,58641,2549456,"Hot 106.5","RNB","FL","R&B"
"9034_1779908058","2026-05-27 18:54:18","2026-06-03 18:22:44.309","9034","Way Too Fly (feat. DaVido)","A Boogie Wit da Hoodie","International Artist",172,58306139,31256620,58306138,"108 SOUL","RNB","states/US-NAT","US Partner Digital"
"9737_1779908058","2026-05-27 18:54:18","2026-06-03 18:23:06.106","9737","DELRESTO (ECHOES)","Beyoncé & Travis Scott","DELRESTO (ECHOES)",273,226621178,89266,226621177,"Press Play Radio","HIPHOPRNB","states/US-NAT","US Partner Digital"
"7867_1779908052","2026-05-27 18:54:12","2026-06-03 18:22:12.934","7867","I Feel for You","Prince","Prince",203,120223076,3403,120223068,"Purple Current","Prov_American Public Media","states/US-NAT","US Partner Digital"
"8135_1779908050","2026-05-27 18:54:10","2026-06-03 18:20:38.961","8135","Feel What You Want","Kristine W","Land Of The Living",326,9973151,134643,9973135,"Folk Alley Fresh Cuts",,"states/US-NAT","US Partner Digital"
"7863_1779908049","2026-05-27 18:54:09","2026-06-03 18:22:12.485","7863","Secret Rendezvous","Karyn White","Karyn White",339,1021706,58829,1021704,"RnR Radio","Prov_Other","states/US-NAT","US Partner Digital"
"9481_1779908047","2026-05-27 18:54:07","2026-06-03 18:22:58.567","9481","Miss You Much","Janet Jackson","Rhythm Nation 1814",251,594933,29436,594920,"That Throwback Channel!","RNB","states/US-NAT","US Partner Digital"
"4776_1779908042","2026-05-27 18:54:02","2026-06-03 18:21:00.039","4776","Turn Up The Bass","Alesso, JOA feat. Tyree Cooper","Turn Up The Bass",123,397878736,433531,397878735,"Mix Nation","CHRPOP","states/US-NAT","Dance"
"10174_1779908039","2026-05-27 18:53:59","2026-06-03 18:21:05.851","10174","Black Sheep","Ben Fuller","If It Was Up To Me",232,318627949,287720,318627946,"Family Life Now","OTHER","states/US-NAT","US Partner Digital"
"7226_1779908039","2026-05-27 18:53:59","2026-06-03 18:20:37.074","7226","Fauré: Pavane","Sir Neville Marriner","Fauré: Requiem / Koechlin: Choral sur le nom de Fauré",389,19206259,35174,19206251,"CPR Classical",,"states/US-NAT","US Partner Digital"
"11301_1779908038","2026-05-27 18:53:58","2026-06-03 18:24:16.693","11301","Beautiful Things","Megan Moroney","Beautiful Things",235,356300495,35764910,356300494,"99.5 THE STAR",,"states/US-NAT","US Partner Digital"
"11315_1779908029","2026-05-27 18:53:49","2026-06-03 18:24:18.666","11315","Confession","D.O.D feat. Poppy Baskcomb","Confession",154,373452034,41971768,373452033,"The EDM Megashuffle",,"states/US-NAT","US Partner Digital"
"11244_1779908018","2026-05-27 18:53:38","2026-06-03 18:24:14.973","11244","Jesus Messiah","Chris Tomlin","Hello Love",288,66797284,28429,66797282,"Total Worship Radio",,"states/US-NAT","US Partner Digital"
"10092_1779908014","2026-05-27 18:53:34","2026-06-03 18:21:06.398","10092","榻榻米","麻园诗人","不爱说话的人",298,301209807,32026742,301209804,"EDM Beats",,"states/US-NAT","US Partner Digital"
"9774_1779908014","2026-05-27 18:53:34","2026-06-03 18:23:06.891","9774","APT.","ROSÉ & Bruno Mars","rosie",169,302392008,44371930,302392002,"LIVE 99.9","CHRPOP","states/US-NAT","US Partner Digital"
"11260_1779908012","2026-05-27 18:53:32","2026-06-03 18:24:15.511","11260","Die On This Hill","SIENNA SPIRO","Die On This Hill",216,353758418,43099289,353758417,"The Juice",,"states/US-NAT","US Partner Digital"
"9035_1779908010","2026-05-27 18:53:30","2026-06-03 18:22:43.937","9035","LOVE YOU FOR LIFE.","Loud Luxury & Emily Roberts","LOVE YOU FOR LIFE.",164,361500924,31631693,361500923,"Nexus Radio","OTHER","states/US-NAT","US Partner Digital"
"5254_1779908009","2026-05-27 18:53:29","2026-06-03 18:21:41.828","5254","HOW DOES IT FEEL?","The Kid LAROI","HOW DOES IT FEEL?",59,334195496,32433934,334195495,"WHIP Radio",,"PA","Public Radio"
"11236_1779908006","2026-05-27 18:53:26","2026-06-03 18:24:13.958","11236","Hollywood Nights","Bob Seger","Stranger In Town",299,48054786,86960,48054785,"DC Sugar95",,"states/US-NAT","US Partner Digital"
"6295_1779908004","2026-05-27 18:53:24","2026-06-03 18:21:48.260","6295","Wishful Thinking","Ditty Bops","The Ditty Bops",158,2451129,30009109,2451127,"Rock the Cradle","Prov_American Public Media","states/US-NAT","US Partner Digital"
"9197_1779908004","2026-05-27 18:53:24","2026-05-30 21:44:49.868","9197","The Lord's Prayer (It's Yours)","Matt Maher","The Lord's Prayer (It's Yours)",202,171290384,117533,171290383,"1640 KDIA","OTHER","CA","Christian & Gospel"
"9806_1779908000","2026-05-27 18:53:20","2026-06-03 18:20:51.028","9806","Sure and Certain","Jimmy Eat World","Integrity Blues",215,42702401,29200,42702399,"AlternativeRadio.us","ROCKALTERNATIVE","states/US-NAT","US Partner Digital"
"10465_1779907994","2026-05-27 18:53:14","2026-06-03 18:21:10.274","10465","Wanted Dead Or Alive","Bon Jovi","Slippery When Wet",310,60426452,39361,60426447,"CJ's Awesome 80s",,"states/US-NAT","US Partner Digital"
"9570_1779907993","2026-05-27 18:53:13","2026-06-03 18:20:50.187","9570","Dancing Queen","ABBA","Arrival",232,115913220,1390,115913218,"Oldies.Gold","CLASSICHITS","states/US-NAT","US Partner Digital"
"6464_1779907988","2026-05-27 18:53:08","2026-06-03 18:21:49.262","6464","Jack & Diane","John Mellencamp","American Fool",255,689713,40082,689703,"The Loop",,"IL","Classic Rock"
"10176_1779907984","2026-05-27 18:53:04","2026-06-03 18:21:06.971","10176","Getting Stronger","Bob Carlisle","Bob Carlisle",310,881353,28623,881351,"Rewind from Family Life","OTHER","states/US-NAT","US Partner Digital"
"7259_1779907981","2026-05-27 18:53:01","2026-06-03 18:20:31.413","7259","Valse Di Fantastica","Esther Abrami, Vienna Radio Symphony Orchestra, Irene Delgado-Jiménez & Yoko Shimomura","Valse Di Fantastica",229,313017897,42913768,313017896,"Capital Public Radio",,"states/US-NAT","US Partner Digital"
"9425_1779907980","2026-05-27 18:53:00","2026-06-03 18:20:48.807","9425","When I Think Of You","Janet Jackson","Control",236,787418,29436,787413,"Bayology Radio",,"states/US-NAT","US Partner Digital"
"9802_1779907977","2026-05-27 18:52:57","2026-06-03 18:23:08.176","9802","Variations on a Theme by Joseph Haydn, Op. 56a: I. Theme in B-Flat Major","Berlín Symphony Orchestra","Brahms: The Symphonies, Orchestral Works and Concertos",138,8307056,176104,8307029,"99.5 HD3 WCRB","OTHER","states/US-NAT","US Partner Digital"
"11297_1779907975","2026-05-27 18:52:55","2026-06-03 18:24:16.416","11297","I Turn To You","Melanie C","Northern Star",252,430390,27633,430376,"iPartyRadio: Dance Anthems",,"states/US-NAT","US Partner Digital"
"9799_1779907975","2026-05-27 18:52:55","2026-06-03 18:23:08.002","9799","Remind Me","Tom Grennan","Remind Me",210,162157626,31300286,162157625,"Jam Hits","OTHER","states/US-NAT","US Partner Digital"
"7680_1779907974","2026-05-27 18:52:54","2026-06-03 18:22:08.004","7680","Nice to Know You","Incubus","Monuments And Melodies",283,8445466,6768,8445435,"Mad Rock Nation","ROCKACTIVE","states/US-NAT","US Partner Digital"
"8889_1779907971","2026-05-27 18:52:51","2026-06-03 18:22:42.495","8889","Handel: Music for the Royal Fireworks, HWV 351: II. Allegro - Lentement - Allegro","Alison Balsom","Royal Fireworks",313,83381710,30471006,83381708,"YourClassical Essentials","OTHER","states/US-NAT","Classical"
"11248_1779907968","2026-05-27 18:52:48","2026-06-03 18:24:15.198","11248","Different Now","Chastity Belt","I Used to Spend So Much Time Alone",228,114187864,955218,114187863,"KPOP 24.7 NuWaaV RADIO",,"states/US-NAT","US Partner Digital"
"11240_1779907959","2026-05-27 18:52:39","2026-06-03 18:24:14.276","11240","Boogie Fever","The Sylvers","Showcase",211,77971341,268844,77971338,"Soul Radio Coast2coast",,"states/US-NAT","US Partner Digital"
"8880_1779907958","2026-05-27 18:52:38","2026-06-03 18:22:39.393","8880","Fantasia on Christmas Carols","Hilary Davan Wetton","Vaughan Williams: Fantasia On Christmas Carols / Hodie",707,48205389,30645086,48205388,"YourClassical Holiday","OTHER","states/US-NAT","US Partner Digital"
"9657_1779907956","2026-05-27 18:52:36","2026-06-03 18:20:55.776","9657","oxygen","gio. & Dell Mac","oxygen",172,311713594,34817413,311713593,"NGEN Radio","HIPHOPRNB","states/US-NAT","US Partner Digital"
"8761_1779907955","2026-05-27 18:52:35","2026-06-03 18:22:35.649","8761","Lotta Love","Nicolette Larson","Nicolette",191,8963714,417094,8963713,"Rewound Radio",,"states/US-NAT","US Partner Digital"
"11318_1779907948","2026-05-27 18:52:28","2026-06-03 18:24:18.618","11318","Shawty (feat. T-Pain)","Plies","The Real Testament",255,1020190,58715,1020182,"DMX Radio",,"states/US-NAT","US Partner Digital"
"8713_1779907941","2026-05-27 18:52:21","2026-06-03 18:20:41.999","8713","Daniel","Elton John","Don't Shoot Me I'm Only The Piano Player",233,9392765,5041,9392764,"Smooth 70s",,"states/US-NAT","US Partner Digital"
"6294_1779907934","2026-05-27 18:52:14","2026-06-03 18:21:47.931","6294","Verdi: Requiem Mass - Dies Irae: Rex Tremendae","Joan Sutherland, Luciano Pavarotti, Etc.; Georg Solti: Vienna Philharmonic Orchestra, Vienna State Opera Chorus","Verdi: Requiem [Disc 1]",220,-1,-1,-1,"YourClassical Choral","OTHER","states/US-NAT","Classical"
"8308_1779907931","2026-05-27 18:52:11","2026-06-03 18:20:39.241","8308","Made For Me","Muni Long","Revenge",185,285808328,35033958,285808326,"FUBU Radio",,"states/US-NAT","US Partner Digital"
"9771_1779907931","2026-05-27 18:52:11","2026-06-03 18:23:07.546","9771","Visions","Stereo.type feat. Felix Raphael","Visions (Remixes)",432,184321225,32290634,184321224,"Maxima Radio","OTHER","states/US-NAT","US Partner Digital"
"9200_1779907921","2026-05-27 18:52:01","2026-06-03 18:21:03.142","9200","Somewhere Over Laredo","Lainey Wilson","Whirlwind",225,373399242,30616217,373399227,"Knox Country","COUNTRY","TN","Country"
"8905_1779907915","2026-05-27 18:51:55","2026-06-03 18:22:42.359","8905","Wishin' And  Hopin'","Dusty Springfield","Stay Awhile / I Only Want To Be With You",176,62217705,30908,62217698,"Carolina Gold 93.9 & 106.3","CLASSICHITS","states/US-NAT","US Partner Digital"
"11300_1779907914","2026-05-27 18:51:54","2026-06-03 18:24:17.162","11300","All Over Again","49 Winchester","Change Of Plans",236,401203292,30392045,401203286,"99.5 THE GULF",,"states/US-NAT","US Partner Digital"
"8885_1779907913","2026-05-27 18:51:53","2026-06-03 18:22:37.353","8885","Liszt: La Lugubre Gondola #2, S 200/2","Khatia Buniatishvili","Franz Liszt",578,-1,-1,-1,"YourClassical Relax","OTHER","states/US-NAT","Classical"
"7548_1779907912","2026-05-27 18:51:52","2026-06-03 18:21:57.712","7548","Golden Years","David Bowie","Station to Station",240,44862914,27770,44862912,"DARE FM","ROCKALTERNATIVE","states/US-NAT","US Partner Digital"
"10092_1779907911","2026-05-27 18:51:51","2026-06-03 18:21:06.398","10092","Empire","Fort Romeau","SPC-140",437,108534718,897423,108534715,"EDM Beats",,"states/US-NAT","US Partner Digital"
"10418_1779907910","2026-05-27 18:51:50","2026-06-03 18:21:08.959","10418","One More Day","Sons of Sunday","Sons Of Sunday",434,319887040,45122412,319887035,"Christian Hits FM","OTHER","states/US-NAT","US Partner Digital"
"11315_1779907910","2026-05-27 18:51:50","2026-06-03 18:24:18.666","11315","Recall","gabriawll","Retake",124,395131557,42047031,395131552,"The EDM Megashuffle",,"states/US-NAT","US Partner Digital"
"7869_1779907908","2026-05-27 18:51:48","2026-06-03 18:22:14.269","7869","What An Awesome God","Phil Wickham","Song Of The Saints",211,340442540,89487,340442538,"Family Life Radio","OTHER","states/US-NAT","US Partner Digital"
"11302_1779907906","2026-05-27 18:51:46","2026-06-03 18:24:21.565","11302","Sorry... I Meant Tonight","Megan Moroney","Cloud 9",213,383134737,35764910,383134721,"County Line",,"states/US-NAT","US Partner Digital"
"8983_1779907905","2026-05-27 18:51:45","2026-06-03 18:20:46.191","8983","Falling from the Earth","Mauro Picotto, Torsten Stenzel & DJ Nano","Falling from the Earth",166,346494818,1317,346494817,"The Morning Hustle",,"states/US-NAT","US Partner Digital"
"11299_1779907900","2026-05-27 18:51:40","2026-06-03 18:24:16.748","11299","Te Conozco Desde Siempre","Bombai & Paula Mattheus","10 Años Contigo",172,319051524,42312538,319051517,"LA NUEVA, RADIO",,"states/US-NAT","US Partner Digital"
"10775_1779907895","2026-05-27 18:51:35","2026-06-03 18:24:08.016","10775","For God Is With Us","for KING & COUNTRY","What Are We Waiting For?",197,155412296,649143,155412291,"The Light DFW",,"states/US-NAT","US Partner Digital"
"10344_1779907887","2026-05-27 18:51:27","2026-06-03 18:21:08.162","10344","Don't Make Me Over","Dionne Warwick","Presenting Dionne Warwick",166,2056498,404,2056491,"Real Oldies Music Radio",,"states/US-NAT","US Partner Digital"
"6600_1779907887","2026-05-27 18:51:27","2026-06-03 18:21:51.369","6600","A Displaced Rib","Pierre Földes","Blind Willow Sleeping Woman: Original Soundtrack",208,-1,-1,-1,"Calm by Classical KING","OTHER","states/US-NAT","US Partner Digital"
"8885_1779907887","2026-05-27 18:51:27","2026-06-03 18:22:37.353","8885","I Need You","Nissy","I Need You",219,-1,-1,-1,"YourClassical Relax","OTHER","states/US-NAT","Classical"
"11315_1779907885","2026-05-27 18:51:25","2026-06-03 18:24:18.666","11315","Recall","gabriawll","Retake",127,395131560,42047031,395131552,"The EDM Megashuffle",,"states/US-NAT","US Partner Digital"
"9922_1779907883","2026-05-27 18:51:23","2026-06-03 18:23:42.656","9922","Saturday Night’s Alright (For Fighting)","Elton John","Goodbye Yellow Brick Road",293,82777417,5041,82777403,"Groovy 105.7","CLASSICHITS","states/US-NAT","US Partner Digital"
"9889_1779907882","2026-05-27 18:51:22","2026-06-03 18:23:08.254","9889","Dime Cómo Quieres","Christian Nodal & Ángela Aguilar","AYAYAY!",169,116795504,31190151,116795492,"La Invasora 94.7","SPANISH","states/US-NAT","US Partner Digital"
"9903_1779907875","2026-05-27 18:51:15","2026-06-03 18:20:52.325","9903","White Horse","Chris Stapleton","Higher",267,242294970,901714,242294962,"Kickin' Kountry Radio","COUNTRY","states/US-NAT","US Partner Digital"
"11298_1779907868","2026-05-27 18:51:08","2026-06-03 18:24:17.456","11298","Sometimes","Britney Spears","...Baby One More Time (Digital Deluxe Version)",245,2569035,33206,2569026,"102 The Cube",,"states/US-NAT","US Partner Digital"
"6155_1779907865","2026-05-27 18:51:05","2026-06-03 18:21:47.925","6155","Perpetuum Mobile","Penguin Cafe Orchestra","Signs Of Life",267,483544,30024938,483535,"New Sounds",,"states/US-NAT","US Partner Digital"
"8982_1779907864","2026-05-27 18:51:04","2026-06-03 18:20:47.083","8982","Trouble Won’t Last","Keyondra Lockett","The Heal Reloaded: The Journey Continues",213,79548547,31658959,79548535,"Rickey Smiley Morning Show",,"states/US-NAT","US Partner Digital"
"8986_1779907862","2026-05-27 18:51:02","2026-06-03 18:20:46.997","8986","Trouble Won’t Last","Keyondra Lockett","The Heal Reloaded: The Journey Continues",213,79548547,31658959,79548535,"The DL Hughley Show",,"states/US-NAT","US Partner Digital"
"10092_1779907857","2026-05-27 18:50:57","2026-06-03 18:21:06.398","10092","Outside","Gordo & Junkie Kid feat. Eladio Carrión","NO HAY VERANO SIN GORDO",219,302326721,43633126,302326715,"EDM Beats",,"states/US-NAT","US Partner Digital"
"9771_1779907856","2026-05-27 18:50:56","2026-06-03 18:23:07.546","9771","I Came to Werq (Featuring Beth Sacks) (DJ!E's Remix)","DJ Aron","I Came to Werq (Featuring Beth Sacks)",386,-1,-1,-1,"Maxima Radio","OTHER","states/US-NAT","US Partner Digital"
"7369_1779907855","2026-05-27 18:50:55","2026-06-03 18:23:34.879","7369","Tiburon","Proyecto Uno","Exitos",302,94151896,119541,94151892,"La Mezcla Fuego","SPANISH","states/US-NAT","Spanish"
"11178_1779907851","2026-05-27 18:50:51","2026-06-03 18:24:11.585","11178","I'd Love You To Want Me","Lobo","Greatest Hits",239,44860909,9354,44860908,"Power Hits",,"states/US-NAT","US Partner Digital"
"9774_1779907850","2026-05-27 18:50:50","2026-06-03 18:23:06.891","9774","Bones","Imagine Dragons","Mercury - Acts 1 & 2",164,173986805,561823,173986790,"LIVE 99.9","CHRPOP","states/US-NAT","US Partner Digital"
"9570_1779907849","2026-05-27 18:50:49","2026-06-03 18:20:50.187","9570","Respect","Aretha Franklin","I Never Loved a Man the Way I Love You (Mono)",147,26772316,42526,26772315,"Oldies.Gold","CLASSICHITS","states/US-NAT","US Partner Digital"
"9319_1779907848","2026-05-27 18:50:48","2026-06-03 18:20:49.355","9319","Heatseeker","AC/DC","Blow Up Your Video",230,33310506,83301,33310505,"KBACK Rock Radio","ROCKACTIVE","states/US-NAT","US Partner Digital"
"6227_1779907846","2026-05-27 18:50:46","2026-06-03 18:20:27.342","6227","That's What I Like","Bruno Mars","24K Magic",206,43562812,337578,43562808,"Hot 106.5","RNB","FL","R&B"
"7099_1779907845","2026-05-27 18:50:45","2026-06-03 18:21:54.382","7099","Grave Robber","Crowder","The EXILE",171,271605631,30040185,271605629,"WAY LOUD","OTHER","states/US-NAT","US Partner Digital"
"10344_1779907843","2026-05-27 18:50:43","2026-06-03 18:21:08.162","10344","Come Fly With Me","Frank Sinatra","Come Fly With Me",202,31510872,739,31510871,"Real Oldies Music Radio",,"states/US-NAT","US Partner Digital"
"11301_1779907843","2026-05-27 18:50:43","2026-06-03 18:24:16.693","11301","Worth Your Wild","Russell Dickerson","Famous Back Home",169,332044138,30966568,332044134,"99.5 THE STAR",,"states/US-NAT","US Partner Digital"
"11461_1779907833","2026-05-27 18:50:33","2026-06-03 18:24:25.139","11461","Shake It To The Max (FLY) [Kalash & Maureen Remix]","MOLIY, Kalash, Maureen, Silent Addy","Shake It To The Max (FLY) [Kalash & Maureen Remix]",178,318455397,33788230,318455396,"DogSled African Radio",,"states/US-NAT","US Partner Digital"
"6295_1779907832","2026-05-27 18:50:32","2026-06-03 18:21:48.260","6295","Kiss Me on the Bus","The Replacements","All for Nothing / Nothing for All",174,9664123,3105,9664120,"Rock the Cradle","Prov_American Public Media","states/US-NAT","US Partner Digital"
"4776_1779907828","2026-05-27 18:50:28","2026-06-03 18:21:00.039","4776","Janice STFU","Drake","ICEMAN",236,402229076,44512,402229072,"Mix Nation","CHRPOP","states/US-NAT","Dance"
"9903_1779907828","2026-05-27 18:50:28","2026-06-03 18:20:52.325","9903","6 Months Later","Megan Moroney","6 Months Later",182,334194615,35764910,334194614,"Kickin' Kountry Radio","COUNTRY","states/US-NAT","US Partner Digital"
"10465_1779907822","2026-05-27 18:50:22","2026-06-03 18:21:10.274","10465","Never Tear Us Apart","INXS","Kick",185,163043602,4829,163043594,"CJ's Awesome 80s",,"states/US-NAT","US Partner Digital"
"7680_1779907818","2026-05-27 18:50:18","2026-06-03 18:22:08.004","7680","Purple Haze","The Jimi Hendrix Experience","Are You Experienced",170,5900560,2359,5900456,"Mad Rock Nation","ROCKACTIVE","states/US-NAT","US Partner Digital"
"10092_1779907816","2026-05-27 18:50:16","2026-06-03 18:21:06.398","10092","Outside","Gordo & Junkie Kid feat. Eladio Carrión","NO HAY VERANO SIN GORDO",219,302326721,43633126,302326715,"EDM Beats",,"states/US-NAT","US Partner Digital"
"11297_1779907813","2026-05-27 18:50:13","2026-06-03 18:24:16.416","11297","Feel it","The Tamperer / Maya","Feel it",179,1947751,30044384,1947749,"iPartyRadio: Dance Anthems",,"states/US-NAT","US Partner Digital"
"9035_1779907808","2026-05-27 18:50:08","2026-06-03 18:22:43.937","9035","All Cried Out","Frank Walker & salem ilese","Oasis",201,-1,-1,-1,"Nexus Radio","OTHER","states/US-NAT","US Partner Digital"
"11392_1779907803","2026-05-27 18:50:03","2026-06-03 18:24:20.956","11392","Awadis: Étude No. 6: La Forêt Oubliée","Marie Awadis","Études Mélodiques",373,366981398,33369280,366981392,"Easy Jazz FM",,"states/US-NAT","US Partner Digital"
"10419_1779907802","2026-05-27 18:50:02","2026-06-03 18:21:09.037","10419","Abracadabra","Steve Miller Band","Abracadabra",307,524791,28836,524789,"THAT 80's CHANNEL",,"states/US-NAT","US Partner Digital"
"8888_1779907798","2026-05-27 18:49:58","2026-06-03 18:22:37.834","8888","Eine Kleine Nachtmusik (Seranade), K. 525; 1st Movement","Sir Neville Marriner & Academy Of St. Martin In The Fields","Amadeus",338,38036240,31437051,38036214,"YourClassical Children","OTHER","states/US-NAT","US Partner Digital"
"8888_1779907789","2026-05-27 18:49:49","2026-06-03 18:22:37.834","8888","Mozart: Serenade in G, K.525 ""Eine kleine Nachtmusik"" - Orchestral version: 1. Allegro","I Musici & Pina Carmirelli","50 Classical Music Favorites",345,703027,30641039,702985,"YourClassical Children","OTHER","states/US-NAT","US Partner Digital"
"6155_1779907788","2026-05-27 18:49:48","2026-06-03 18:21:47.925","6155","Safe and Sound","Pelicat","Time Is on Our Side",244,262453940,31541617,262453935,"New Sounds",,"states/US-NAT","US Partner Digital"
"9251_1779907788","2026-05-27 18:49:48","2026-06-03 18:20:48.475","9251","7 Days","Craig David","Born to Do It",234,45523021,60756,45523017,"Hype 1 Radio",,"states/US-NAT","US Partner Digital"
"9493_1779907785","2026-05-27 18:49:45","2026-06-03 18:22:58.325","9493","Afterlife","Arcade Fire","Reflektor",352,71212274,202598,71212262,"Cadena SER","SPANISH","states/US-NAT","Spanish"
"8713_1779907783","2026-05-27 18:49:43","2026-06-03 18:20:41.999","8713","Heat Wave","Linda Ronstadt","Prisoner In Disguise",166,1004440,31935,1004434,"Smooth 70s",,"states/US-NAT","US Partner Digital"
"9925_1779907775","2026-05-27 18:49:35","2026-06-03 18:23:42.596","9925","Take Me Home","Phil Collins","No Jacket Required",352,39302900,42237,39302890,"M2D2 RADIO WERP","ACHOTMODERN","states/US-NAT","US Partner Digital"
"9339_1779907775","2026-05-27 18:49:35","2026-06-03 18:22:57.578","9339","Been Around the World (feat. The Notorious B.I.G. & Mase)","Puff Daddy & the Family","No Way Out",325,27797009,242552,27797006,"DJ KIDNU RADIO","HIPHOPRNB","states/US-NAT","US Partner Digital"
"11384_1779907773","2026-05-27 18:49:33","2026-06-03 18:24:26.097","11384","M'nike","Konke, Musa Keys & Chley Feat. Sayfar","M'nike [Single]",361,-1,-1,-1,"DJ Babydoll Radio",,"states/US-NAT","US Partner Digital"
"6464_1779907771","2026-05-27 18:49:31","2026-06-03 18:21:49.262","6464","You Give Love A Bad Name","Bon Jovi","Slippery When Wet",223,60426449,39361,60426447,"The Loop",,"IL","Classic Rock"
"6294_1779907767","2026-05-27 18:49:27","2026-06-03 18:21:47.931","6294","Requiem: V. Quid Sum Miser","Sir Colin Davis, London Symphony Orchestra, Christine Brewer, Karen Cargill, Stuart Neill","Verdi: Requiem",215,292547753,213405,292547748,"YourClassical Choral","OTHER","states/US-NAT","Classical"
"5254_1779907765","2026-05-27 18:49:25","2026-06-03 18:21:41.828","5254","Drag Path","Twenty One Pilots","Drag Path",223,381128800,527361,381128799,"WHIP Radio",,"PA","Public Radio"
"9034_1779907761","2026-05-27 18:49:21","2026-06-03 18:22:44.309","9034","Truffle Butter","Nicki Minaj, Drake, & Lil Wayne","The Pinkprint",220,51029766,372266,51029746,"108 SOUL","RNB","states/US-NAT","US Partner Digital"
"9771_1779907755","2026-05-27 18:49:15","2026-06-03 18:23:07.546","9771","I Don't Know Why (Viale & DJ Ross Radio Cut)","Moony","4 Your Love",233,-1,-1,-1,"Maxima Radio","OTHER","states/US-NAT","US Partner Digital"
"8982_1779907754","2026-05-27 18:49:14","2026-06-03 18:20:47.083","8982","I've Seen Him Work","Anita Wilson","Sunday Song",371,-1,-1,-1,"Rickey Smiley Morning Show",,"states/US-NAT","US Partner Digital"
"11241_1779907748","2026-05-27 18:49:08","2026-06-03 18:24:14.915","11241","Let's Dance","David Bowie","Let's Dance",456,78144450,27770,78144447,"93QFM",,"states/US-NAT","US Partner Digital"
"8986_1779907748","2026-05-27 18:49:08","2026-06-03 18:20:46.997","8986","I've Seen Him Work","Anita Wilson","Sunday Song",371,-1,-1,-1,"The DL Hughley Show",,"states/US-NAT","US Partner Digital"
"11300_1779907745","2026-05-27 18:49:05","2026-06-03 18:24:17.162","11300","Horses and Divorces","Kacey Musgraves & Miranda Lambert","Middle of Nowhere",163,398641573,794324,398641564,"99.5 THE GULF",,"states/US-NAT","US Partner Digital"
"9658_1779907742","2026-05-27 18:49:02","2026-06-03 18:23:04.100","9658","Me Dice Que Me Ama","Jesús Adrián Romero","El Aire De Tu Casa",241,-1,-1,-1,"Vida Unida, Nationwide","SPANISH","states/US-NAT","US Partner Digital"
"8905_1779907740","2026-05-27 18:49:00","2026-06-03 18:22:42.359","8905","Indian Reservation (The Lament of the Cherokee Reservation Indian)","Paul Revere & The Raiders, The Raiders","Indian Reservation",173,24593263,3898,24593262,"Carolina Gold 93.9 & 106.3","CLASSICHITS","states/US-NAT","US Partner Digital"
"8761_1779907739","2026-05-27 18:48:59","2026-06-03 18:22:35.649","8761","Rock Me","Steppenwolf","At Your Birthday Party",220,30957998,41007,30957988,"Rewound Radio",,"states/US-NAT","US Partner Digital"
"9737_1779907732","2026-05-27 18:48:52","2026-06-03 18:23:06.106","9737","He Kant","Jacquees","He Kant",157,340888221,30625812,340888220,"Press Play Radio","HIPHOPRNB","states/US-NAT","US Partner Digital"
"11461_1779907725","2026-05-27 18:48:45","2026-06-03 18:24:25.139","11461","Fairy (Bonus)","Myaap","Pixie Dust",141,380149802,39340815,380149789,"DogSled African Radio",,"states/US-NAT","US Partner Digital"
"6155_1779907725","2026-05-27 18:48:45","2026-06-03 18:21:47.925","6155","Swing (In A Dream)","Squid","O Monolith",268,202088666,30854377,202088665,"New Sounds",,"states/US-NAT","US Partner Digital"
"8889_1779907722","2026-05-27 18:48:42","2026-06-03 18:22:42.495","8889","1. Ouverture","Academy of Ancient Music","Handel: Water Music/Music for the Royal Fireworks etc.",569,19297281,30254925,19297279,"YourClassical Essentials","OTHER","states/US-NAT","Classical"
"10344_1779907716","2026-05-27 18:48:36","2026-06-03 18:21:08.162","10344","You Know What I Mean","The Turtles","The Complete Original Albums Collection",122,41459271,2298,41459133,"Real Oldies Music Radio",,"states/US-NAT","US Partner Digital"
"7869_1779907709","2026-05-27 18:48:29","2026-06-03 18:22:14.269","7869","Yes He Can","CAIN","CAIN - EP",198,90425277,34145265,90425272,"Family Life Radio","OTHER","states/US-NAT","US Partner Digital"
"7369_1779907702","2026-05-27 18:48:22","2026-06-03 18:23:34.879","7369","Drama","Christian Craken","Drama",420,104952495,30618385,104952494,"La Mezcla Fuego","SPANISH","states/US-NAT","Spanish"
"10629_1779907701","2026-05-27 18:48:21","2026-06-03 18:24:03.771","10629","Sleigh Ride","Leroy Anderson & His ""Pops"" Concert Orchestra","Blue Tango & Other Favorites",168,-1,-1,-1,"That Christmas Channel",,"states/US-NAT","US Partner Digital"
"9570_1779907701","2026-05-27 18:48:21","2026-06-03 18:20:50.187","9570","We'll Never Have to Say Goodbye Again","England Dan & John Ford Coley","Some Things Don't Come Easy",171,1099159,59212,1099153,"Oldies.Gold","CLASSICHITS","states/US-NAT","US Partner Digital"
"8888_1779907699","2026-05-27 18:48:19","2026-06-03 18:22:37.834","8888","Eine Kleine Nachtmusik (Seranade), K. 525; 1st Movement","Sir Neville Marriner & Academy Of St. Martin In The Fields","Amadeus",338,38036240,31437051,38036214,"YourClassical Children","OTHER","states/US-NAT","US Partner Digital"
"10775_1779907697","2026-05-27 18:48:17","2026-06-03 18:24:08.016","10775","Good","Matthew West","Good",183,364728241,33420,364728240,"The Light DFW",,"states/US-NAT","US Partner Digital"
"9799_1779907694","2026-05-27 18:48:14","2026-06-03 18:23:08.002","9799","React (Gabry Ponte Remix)( feat.Ella Henderson)","Switch Disco","React (Gabry Ponte Remix)( feat.Ella Henderson)",149,-1,-1,-1,"Jam Hits","OTHER","states/US-NAT","US Partner Digital"
"11314_1779907693","2026-05-27 18:48:13","2026-06-03 18:24:23.463","11314","The Ghost of You","My Chemical Romance","Three Cheers for Sweet Revenge",203,1056970,58370,1056964,"Alt Rock Variety MEGASHUFFLE",,"states/US-NAT","US Partner Digital"
"8885_1779907690","2026-05-27 18:48:10","2026-06-03 18:22:37.353","8885","Our Jesus","Amanda Cook","State of the Union",314,161230457,156058,161230451,"YourClassical Relax","OTHER","states/US-NAT","Classical"
"11318_1779907687","2026-05-27 18:48:07","2026-06-03 18:24:18.618","11318","Smile","Scarface, 2Pac, Johnny P","The Untouchable",300,330118922,30784663,330118912,"DMX Radio",,"states/US-NAT","US Partner Digital"
"8982_1779907687","2026-05-27 18:48:07","2026-06-03 18:20:47.083","8982","After This (feat. Bishop Eric McDaniels)","Youthful Praise & J.J. Hairston","After This",385,17484513,672579,17484509,"Rickey Smiley Morning Show",,"states/US-NAT","US Partner Digital"
"8889_1779907686","2026-05-27 18:48:06","2026-06-03 18:22:42.495","8889","Méditation religieuse","Nigel Kennedy","Virtuoso Violin",343,19279756,35480,19279755,"YourClassical Essentials","OTHER","states/US-NAT","Classical"
"11315_1779907679","2026-05-27 18:47:59","2026-06-03 18:24:18.666","11315","Galvanize","The Chemical Brothers","Push The Button",393,386526,27831,386525,"The EDM Megashuffle",,"states/US-NAT","US Partner Digital"
"11299_1779907678","2026-05-27 18:47:58","2026-06-03 18:24:16.748","11299","Unstoppable","Sia","This Is Acting (Deluxe Version)",217,42900271,33697,42900266,"LA NUEVA, RADIO",,"states/US-NAT","US Partner Digital"
"8986_1779907678","2026-05-27 18:47:58","2026-06-03 18:20:46.997","8986","After This (feat. Bishop Eric McDaniels)","Youthful Praise & J.J. Hairston","After This",385,17484513,672579,17484509,"The DL Hughley Show",,"states/US-NAT","US Partner Digital"
"9727_1779907676","2026-05-27 18:47:56","2026-06-03 18:23:10.272","9727","Too Hot Ta Trot","Commodores","Gold",209,573051,39106,573044,"FreeAgentSoul","RNB","states/US-NAT","US Partner Digital"
"8886_1779907674","2026-05-27 18:47:54","2026-06-03 18:20:44.984","8886","How About It","Bbaxxx","Undeniable",195,-1,-1,-1,"YourClassical Chamber Music","OTHER","states/US-NAT","US Partner Digital"
"9772_1779907673","2026-05-27 18:47:53","2026-06-03 18:23:06.923","9772","Can't Help Falling In Love","Jess Kellner","Can’t Help Falling In Love",182,25831363,30368367,25831362,"Traklife Radio","ACHOTMODERN","states/US-NAT","US Partner Digital"
"10092_1779907672","2026-05-27 18:47:52","2026-06-03 18:21:06.398","10092","Last Chance","Kaskade & Project 46","Last Chance (Remixes)",382,24733399,7104,24733398,"EDM Beats",,"states/US-NAT","US Partner Digital"
"11240_1779907672","2026-05-27 18:47:52","2026-06-03 18:24:14.276","11240","It's Gonna Take a Miracle","Deniece Williams","Niecy (Expanded Edition)",250,39146758,6460,39146749,"Soul Radio Coast2coast",,"states/US-NAT","US Partner Digital"
"8308_1779907672","2026-05-27 18:47:52","2026-06-03 18:20:39.241","8308","Lollipop","Lil Wayne feat. Static Major","Tha Carter III",298,591467,39555,591461,"FUBU Radio",,"states/US-NAT","US Partner Digital"
"8989_1779907671","2026-05-27 18:47:51","2026-06-03 18:22:43.631","8989","Tchaikovsky: Piano Concerto No. 1 in B-Flat Minor, Op. 23: II. Andantino semplice – Prestissimo – Tempo I","Sviatoslav Richter, Wiener Symphoniker, & Herbert von Karajan","Rachmaninov: Piano Concerto No.2 / Tchaikovsky: Piano Concerto No.1",414,19309732,33846,19309727,"K-Mozart","OTHER","states/US-NAT","US Partner Digital"
"8135_1779907668","2026-05-27 18:47:48","2026-06-03 18:20:38.961","8135","Find My Way to You","I’m With Her feat. Sarah Jarosz, Aoife O'Donovan, Sara Watkins","Wild and Clear and Blue",199,327000404,924054,327000396,"Folk Alley Fresh Cuts",,"states/US-NAT","US Partner Digital"
"8989_1779907667","2026-05-27 18:47:47","2026-06-03 18:22:43.631","8989","Tchaikovsky: Piano Concerto #1 In B Flat Minor, Op. 23 - 2. Andantino Semplice","Ivo Pogorelich; Claudio Abbado: London Symphony Orchestra","Tchaikovsky: Piano Concerto #1",463,-1,-1,-1,"K-Mozart","OTHER","states/US-NAT","US Partner Digital"
"8885_1779907666","2026-05-27 18:47:46","2026-06-03 18:22:37.353","8885","Ballade, CD 78, L. 70","Alain Lefèvre","Paris Memories",450,-1,-1,-1,"YourClassical Relax","OTHER","states/US-NAT","Classical"
"7548_1779907663","2026-05-27 18:47:43","2026-06-03 18:21:57.712","7548","Going Shopping","The Strokes","Going Shopping",261,392288644,71640,392288643,"DARE FM","ROCKALTERNATIVE","states/US-NAT","US Partner Digital"
"11236_1779907656","2026-05-27 18:47:36","2026-06-03 18:24:13.958","11236","Rapture","Blondie","Autoamerican",599,381124,28655,381109,"DC Sugar95",,"states/US-NAT","US Partner Digital"
"8888_1779907656","2026-05-27 18:47:36","2026-06-03 18:22:37.834","8888","Mozart: Serenade #13 In G, K 525, ""Eine Kleine Nachtmusik"" - 1. Allegro","Libor Pešek: Slovak Philharmonic Orchestra","Best Of The Classics 1756-1791",468,-1,-1,-1,"YourClassical Children","OTHER","states/US-NAT","US Partner Digital"
"8989_1779907656","2026-05-27 18:47:36","2026-06-03 18:22:43.631","8989","2. Andantino semplice - Prestissimo - Tempo I","Martha Argerich","Tchaikovsky: Piano Concerto No.1 / Prokofiev: Piano Concerto No.3",449,19126632,30340295,19126630,"K-Mozart","OTHER","states/US-NAT","US Partner Digital"
"9035_1779907650","2026-05-27 18:47:30","2026-06-03 18:22:43.937","9035","Into The Blue (feat. kamille)","Will Sass, kamille","Into The Blue (feat. kamille)",166,292767587,44178314,292767586,"Nexus Radio","OTHER","states/US-NAT","US Partner Digital"
"9658_1779907649","2026-05-27 18:47:29","2026-06-03 18:23:04.100","9658","Jesucristo Basta","Un Corazón feat. Kim Richards","Somos Iglesia",288,164099013,642276,164099012,"Vida Unida, Nationwide","SPANISH","states/US-NAT","US Partner Digital"
"11260_1779907647","2026-05-27 18:47:27","2026-06-03 18:24:15.511","11260","RUNWAY","Lady Gaga & Doechii","RUNWAY",170,393236167,39335,393236166,"The Juice",,"states/US-NAT","US Partner Digital"
"9806_1779907625","2026-05-27 18:47:05","2026-06-03 18:20:51.028","9806","Rooster","Alice in Chains","Dirt",374,1800237,44757,1800079,"AlternativeRadio.us","ROCKALTERNATIVE","states/US-NAT","US Partner Digital"
"4776_1779907624","2026-05-27 18:47:04","2026-06-03 18:21:00.039","4776","Show Me Love","Laidback Luke, Steve Angello, Robin S","Show Me Love",186,334940474,139310,334940473,"Mix Nation","CHRPOP","states/US-NAT","Dance"
"7863_1779907618","2026-05-27 18:46:58","2026-06-03 18:22:12.485","7863","Run's House","Run DMC","Tougher Than Leather",201,71285706,47628202,71285705,"RnR Radio","Prov_Other","states/US-NAT","US Partner Digital"
"7369_1779907617","2026-05-27 18:46:57","2026-06-03 18:23:34.879","7369","Prejudice","Sama","Pressure [Single]",463,-1,-1,-1,"La Mezcla Fuego","SPANISH","states/US-NAT","Spanish"
"6155_1779907615","2026-05-27 18:46:55","2026-06-03 18:21:47.925","6155","Io","Dawn of Midi","Dysnomia",363,68662586,269145,68662585,"New Sounds",,"states/US-NAT","US Partner Digital"
"7369_1779907615","2026-05-27 18:46:55","2026-06-03 18:23:34.879","7369","EL CLúB","Bad Bunny","EL CLúB",222,302569826,31333415,302569825,"La Mezcla Fuego","SPANISH","states/US-NAT","Spanish"
"8880_1779907615","2026-05-27 18:46:55","2026-06-03 18:22:39.393","8880","Deck the Halls (arr. P. Breiner for orchestra)","Nicolaus Esterhazy Sinfonia","Christmas Goes Baroque 2",325,48305327,30328147,48305321,"YourClassical Holiday","OTHER","states/US-NAT","US Partner Digital"
"8886_1779907610","2026-05-27 18:46:50","2026-06-03 18:20:44.984","8886","The Pink House","The Gloaming","The Gloaming 3",519,84539062,948508,84539058,"YourClassical Chamber Music","OTHER","states/US-NAT","US Partner Digital"
"10174_1779907602","2026-05-27 18:46:42","2026-06-03 18:21:05.851","10174","Rescue Me","We The Kingdom","Dear Jesus",211,375925426,34217934,375925423,"Family Life Now","OTHER","states/US-NAT","US Partner Digital"
"6466_1779907602","2026-05-27 18:46:42","2026-06-03 18:21:48.192","6466","Addio fiorito asil","Luciano Pavarotti","The Pavarotti Edition",190,19223559,5242,19223437,"Operavore",,"states/US-NAT","US Partner Digital"
"11392_1779907599","2026-05-27 18:46:39","2026-06-03 18:24:20.956","11392","Dragons","Stratovarius","Nemesis",244,98395962,6610,98395954,"Easy Jazz FM",,"states/US-NAT","US Partner Digital"
"6295_1779907599","2026-05-27 18:46:39","2026-06-03 18:21:48.260","6295","Dougou Badia (feat. Santigold)","Amadou & Mariam","Folila",232,52957758,44354,52957757,"Rock the Cradle","Prov_American Public Media","states/US-NAT","US Partner Digital"
"10092_1779907598","2026-05-27 18:46:38","2026-06-03 18:21:06.398","10092","Synasthesia","Junkie XL","Big Sounds Of The Drags",461,-1,-1,-1,"EDM Beats",,"states/US-NAT","US Partner Digital"
"11461_1779907593","2026-05-27 18:46:33","2026-06-03 18:24:25.139","11461","Shake It To The Max (FLY) (Remix)","Moliy, Skillibeng & Shenseea","Shake It To The Max (FLY) (Remix) [Single]",178,-1,-1,-1,"DogSled African Radio",,"states/US-NAT","US Partner Digital"
"7680_1779907577","2026-05-27 18:46:17","2026-06-03 18:22:08.004","7680","Animal","Def Leppard","Hysteria",244,52809699,44059,52809696,"Mad Rock Nation","ROCKACTIVE","states/US-NAT","US Partner Digital"
"7867_1779907575","2026-05-27 18:46:15","2026-06-03 18:22:12.934","7867","Last December","Prince","The Rainbow Children",477,60273865,3403,60273851,"Purple Current","Prov_American Public Media","states/US-NAT","US Partner Digital"
"10418_1779907570","2026-05-27 18:46:10","2026-06-03 18:21:08.959","10418","Come Jesus Come","Cece Winans & Cody Johnson","More Than This (Deluxe Edition)",290,393401829,28638,393401812,"Christian Hits FM","OTHER","states/US-NAT","US Partner Digital"
"10465_1779907569","2026-05-27 18:46:09","2026-06-03 18:21:10.274","10465","We Got The Beat","The Go-Go's","Beauty And The Beat",152,787649,43441,787644,"CJ's Awesome 80s",,"states/US-NAT","US Partner Digital"
"9903_1779907569","2026-05-27 18:46:09","2026-06-03 18:20:52.325","9903","Don't Mind If I Do","Riley Green feat. Ella Langley","Don't Mind If I Do",218,293707521,899600,293707504,"Kickin' Kountry Radio","COUNTRY","states/US-NAT","US Partner Digital"
"8889_1779907568","2026-05-27 18:46:08","2026-06-03 18:22:42.495","8889","Subhalekha","S. P. Balasubrahmanyam & K. S. Chithra","Kondaveeti Donga",271,-1,-1,-1,"YourClassical Essentials","OTHER","states/US-NAT","Classical"
"9251_1779907566","2026-05-27 18:46:06","2026-06-03 18:20:48.475","9251","I'm Goin' Down","Mary J. Blige","My Life",221,157953662,39258,157953652,"Hype 1 Radio",,"states/US-NAT","US Partner Digital"
"11297_1779907562","2026-05-27 18:46:02","2026-06-03 18:24:16.416","11297","Party Rock Anthem","LMFAO feat. Lauren Bennett, GoonRock","Sorry For Party Rocking",261,14036023,40369,14036020,"iPartyRadio: Dance Anthems",,"states/US-NAT","US Partner Digital"
"6600_1779907561","2026-05-27 18:46:01","2026-06-03 18:21:51.369","6600","Villa-Lobos Prelude No 3 in a Minor","Andrés Segovia","Selección Especial",308,81523052,5874,81523034,"Calm by Classical KING","OTHER","states/US-NAT","US Partner Digital"
"6464_1779907557","2026-05-27 18:45:57","2026-06-03 18:21:49.262","6464","Won't Get Fooled Again","The Who","Who's Next",512,653191,3800,653182,"The Loop",,"IL","Classic Rock"
"10344_1779907556","2026-05-27 18:45:56","2026-06-03 18:21:08.162","10344","People Get Ready","The Impressions","The Greatest Hits",159,61438179,7227,61438171,"Real Oldies Music Radio",,"states/US-NAT","US Partner Digital"
"10629_1779907556","2026-05-27 18:45:56","2026-06-03 18:24:03.771","10629","Silent Night","Frank Sinatra","White Christmas",151,58117365,739,58117351,"That Christmas Channel",,"states/US-NAT","US Partner Digital"
"9339_1779907556","2026-05-27 18:45:56","2026-06-03 18:22:57.578","9339","Conceited (There's Something About Remy)","Remy Ma","Conceited (There's Something About Remy)",219,19031968,27302,19031966,"DJ KIDNU RADIO","HIPHOPRNB","states/US-NAT","US Partner Digital"
"8887_1779907554","2026-05-27 18:45:54","2026-06-03 18:22:42.400","8887","Insight XVI","Julien Marchal","Insight II",217,-1,-1,-1,"YourClassical Sleep","OTHER","states/US-NAT","Classical"
"9200_1779907549","2026-05-27 18:45:49","2026-06-03 18:21:03.142","9200","Springsteen","Eric Church","Chief",263,14461210,34173,14461201,"Knox Country","COUNTRY","TN","Country"
"8136_1779907547","2026-05-27 18:45:47","2026-06-03 18:20:39.187","8136","Time And Time Again","Distorted Harmony","A Way Out",324,-1,-1,-1,"Folk Alley Irish Stream",,"states/US-NAT","US Partner Digital"
"11244_1779907537","2026-05-27 18:45:37","2026-06-03 18:24:14.973","11244","This Is the Kingdom","Elevation Worship feat. Pat Barrett","LION",276,156321667,303847,156321661,"Total Worship Radio",,"states/US-NAT","US Partner Digital"
"7369_1779907537","2026-05-27 18:45:37","2026-06-03 18:23:34.879","7369","DESPECHÁ","ROSALÍA","DESPECHÁ",156,177161616,32895845,177161615,"La Mezcla Fuego","SPANISH","states/US-NAT","Spanish"
"9771_1779907535","2026-05-27 18:45:35","2026-06-03 18:23:07.546","9771","Human","Gil Glaze","Human",207,349032198,31963587,349032197,"Maxima Radio","OTHER","states/US-NAT","US Partner Digital"
"7226_1779907534","2026-05-27 18:45:34","2026-06-03 18:20:37.074","7226","À Chloris (Arr. for Cello and Orchestra)","Sol Gabetta, Prague Philharmonic Orchestra & Charles Olivieri-Munroe","Cantabile",150,3824017,206031,3823962,"CPR Classical",,"states/US-NAT","US Partner Digital"
"10636_1779907530","2026-05-27 18:45:30","2026-06-03 18:21:11.306","10636","Mary Jane (All Night Long)","Mary J. Blige","My Life",278,157953654,39258,157953652,"98.3 BPME ""The Sound""",,"states/US-NAT","US Partner Digital"
"5254_1779907530","2026-05-27 18:45:30","2026-06-03 18:21:41.828","5254","From Down Here","Lola Young","From Down Here",241,402869976,33543533,402869975,"WHIP Radio",,"PA","Public Radio"
"11178_1779907529","2026-05-27 18:45:29","2026-06-03 18:24:11.585","11178","We Built This City","Starship","Knee Deep In The Hoopla",295,66150678,7211,66150677,"Power Hits",,"states/US-NAT","US Partner Digital"
"9034_1779907529","2026-05-27 18:45:29","2026-06-03 18:22:44.309","9034","Dance With Me","112","Part III",231,20463597,41482,20463595,"108 SOUL","RNB","states/US-NAT","US Partner Digital"
"11300_1779907517","2026-05-27 18:45:17","2026-06-03 18:24:17.162","11300","Two Broken Hearts","Morgan Evans, Laci Kaye Booth","Steel Town",230,351555407,699404,351555404,"99.5 THE GULF",,"states/US-NAT","US Partner Digital"
"8761_1779907513","2026-05-27 18:45:13","2026-06-03 18:22:35.649","8761","You Belong to Me","Carly Simon","Boys in the Trees",232,1090597,33917,1090596,"Rewound Radio",,"states/US-NAT","US Partner Digital"
"11461_1779907512","2026-05-27 18:45:12","2026-06-03 18:24:25.139","11461","Favorite Lie","Lil Tecca","DOPAMINE",168,333541142,32485049,333541137,"DogSled African Radio",,"states/US-NAT","US Partner Digital"
"11298_1779907509","2026-05-27 18:45:09","2026-06-03 18:24:17.456","11298","Tootsee Roll","69 Boyz","199 Quad (w/ Bonus Dvd)",255,45749714,222553,45749702,"102 The Cube",,"states/US-NAT","US Partner Digital"
"9570_1779907503","2026-05-27 18:45:03","2026-06-03 18:20:50.187","9570","Stop And Smell The Roses","Mac Davis","Stop And Smell The Roses",203,2824652,42690,2824579,"Oldies.Gold","CLASSICHITS","states/US-NAT","US Partner Digital"
"8308_1779907491","2026-05-27 18:44:51","2026-06-03 18:20:39.241","8308","FATHER (feat. Travis Scott)","Kanye West, Ye, Travis Scott","BULLY",168,390229705,34743,390229702,"FUBU Radio",,"states/US-NAT","US Partner Digital"
"11302_1779907487","2026-05-27 18:44:47","2026-06-03 18:24:21.565","11302","Favorite Country Song","HARDY","COUNTRY! COUNTRY! COUNTRY!",192,352080441,33479016,352080439,"County Line",,"states/US-NAT","US Partner Digital"
"9034_1779907478","2026-05-27 18:44:38","2026-06-03 18:22:44.309","9034","Lights, Camera, Action!","Mr.Cheeks feat. Missy ""Misdemeanor"" Elliott, P. Diddy, Petey Pablo","Lights, Camera, Action",243,19224223,45825299,19224221,"108 SOUL","RNB","states/US-NAT","US Partner Digital"
"8983_1779907477","2026-05-27 18:44:37","2026-06-03 18:20:46.191","8983","Tell Her","Ella Mai","Do You Still Love Me?",197,377543311,31392361,377543301,"The Morning Hustle",,"states/US-NAT","US Partner Digital"
"8905_1779907473","2026-05-27 18:44:33","2026-06-03 18:22:42.359","8905","Hawaii Five-O","The Ventures","Hawaii Five-O",113,8408882,1998,8408881,"Carolina Gold 93.9 & 106.3","CLASSICHITS","states/US-NAT","US Partner Digital"
"10092_1779907467","2026-05-27 18:44:27","2026-06-03 18:21:06.398","10092","Quit Playing Games (With My Heart)","Jason Parker feat. ReBeat Boyz","Quit Playing Games (With My Heart)",294,88870885,30600954,88870880,"EDM Beats",,"states/US-NAT","US Partner Digital"
"11301_1779907459","2026-05-27 18:44:19","2026-06-03 18:24:16.693","11301","If I Don't Leave I'm Gonna Stay","Carly Pearce & Riley Green","If I Don't Leave I'm Gonna Stay",212,385727666,30727132,385727665,"99.5 THE STAR",,"states/US-NAT","US Partner Digital"
"10419_1779907458","2026-05-27 18:44:18","2026-06-03 18:21:09.037","10419","You Might Think","The Cars","Heartbeat City",184,51645575,58396,51645569,"THAT 80's CHANNEL",,"states/US-NAT","US Partner Digital"
"9799_1779907454","2026-05-27 18:44:14","2026-06-03 18:23:08.002","9799","Dancing","James Hype","Dancing",240,147176422,30678218,147176421,"Jam Hits","OTHER","states/US-NAT","US Partner Digital"
"9035_1779907453","2026-05-27 18:44:13","2026-06-03 18:22:43.937","9035","The Light","Kaleena Zanders & Shift K3Y","The Light",198,360315321,39567507,360315320,"Nexus Radio","OTHER","states/US-NAT","US Partner Digital"
"7548_1779907449","2026-05-27 18:44:09","2026-06-03 18:21:57.712","7548","Let's Go","The Cars","Candy-O",212,49018530,58396,49018529,"DARE FM","ROCKALTERNATIVE","states/US-NAT","US Partner Digital"
"11392_1779907447","2026-05-27 18:44:07","2026-06-03 18:24:20.956","11392","Fetes de Noel (Svyatki), Op. 41: No. 3. Chanteurs","Jeffrey Biegel","A Steinway Christmas Album",129,-1,-1,-1,"Easy Jazz FM",,"states/US-NAT","US Partner Digital"
"9889_1779907447","2026-05-27 18:44:07","2026-06-03 18:23:08.254","9889","Colours","The Frank and Walters","Grand Parade",197,85660276,30791248,85660275,"La Invasora 94.7","SPANISH","states/US-NAT","US Partner Digital"
"11260_1779907446","2026-05-27 18:44:06","2026-06-03 18:24:15.511","11260","Hey Baby (Drop It to the Floor)","Pitbull feat. T-Pain","Planet Pit (Deluxe Version)",234,14314617,42201,14313360,"The Juice",,"states/US-NAT","US Partner Digital"
"6227_1779907443","2026-05-27 18:44:03","2026-06-03 18:20:27.342","6227","Dance With My Father","Luther Vandross","Dance With My Father",265,308180851,3402,308180844,"Hot 106.5","RNB","FL","R&B"
"10092_1779907434","2026-05-27 18:43:54","2026-06-03 18:21:06.398","10092","Bounce","Calvin Harris feat. Kelis","Bounce",360,20461414,60352,20461413,"EDM Beats",,"states/US-NAT","US Partner Digital"
"6297_1779907430","2026-05-27 18:43:50","2026-06-03 18:20:27.276","6297","OneHundred","Sims","More Than Ever",234,163147366,514287,163147362,"Local Current","ROCKALTERNATIVE","states/US-NAT","US Partner Digital"
"9657_1779907420","2026-05-27 18:43:40","2026-06-03 18:20:55.776","9657","SBTN","Aaron Cole feat. Kirk Franklin","SORRY, I CHANGED",193,257326555,759249,257326552,"NGEN Radio","HIPHOPRNB","states/US-NAT","US Partner Digital"
"8982_1779907418","2026-05-27 18:43:38","2026-06-03 18:20:47.083","8982","Rock with You","Michael Jackson","Off the Wall",220,8443314,6739,8443285,"Rickey Smiley Morning Show",,"states/US-NAT","US Partner Digital"
"8987_1779907415","2026-05-27 18:43:35","2026-06-03 18:20:46.509","8987","I'm Yours","Casey J","The Truth (Continues)",469,39664194,30364390,39664190,"Willie Moore Jr. Show","OTHER","states/US-NAT","US Partner Digital"
"9925_1779907415","2026-05-27 18:43:35","2026-06-03 18:23:42.596","9925","The Joker","Steve Miller Band","The Joker",264,27689250,28836,27689245,"M2D2 RADIO WERP","ACHOTMODERN","states/US-NAT","US Partner Digital"
"11384_1779907412","2026-05-27 18:43:32","2026-06-03 18:24:26.097","11384","Wena My Dali (feat. Ch'cco, MaWhoo, EeQue, Thama Tee)","Focalistic","Wena My Dali (feat. Ch'cco, MaWhoo, EeQue, Thama Tee)",338,233681669,32529073,233681668,"DJ Babydoll Radio",,"states/US-NAT","US Partner Digital"
"8986_1779907411","2026-05-27 18:43:31","2026-06-03 18:20:46.997","8986","Rock with You","Michael Jackson","Off the Wall",220,8443314,6739,8443285,"The DL Hughley Show",,"states/US-NAT","US Partner Digital"
"9799_1779907409","2026-05-27 18:43:29","2026-06-03 18:23:08.002","9799","In a Dream","Ali Bakgor","In a Dream",222,175797113,32100127,175797112,"Jam Hits","OTHER","states/US-NAT","US Partner Digital"
"7369_1779907404","2026-05-27 18:43:24","2026-06-03 18:23:34.879","7369","Carita Triste","Alexis Y Fido","Carita Triste",145,323848551,38983,323848550,"La Mezcla Fuego","SPANISH","states/US-NAT","Spanish"
"11378_1779907401","2026-05-27 18:43:21","2026-06-03 18:24:19.762","11378","Champions League Theme","Champions League Orchestra","Champions League Theme [Single]",188,-1,-1,-1,"GROOVY FM",,"states/US-NAT","US Partner Digital"
"8713_1779907400","2026-05-27 18:43:20","2026-06-03 18:20:41.999","8713","Hotel California","Eagles","Hotel California",391,51917651,59842,51917650,"Smooth 70s",,"states/US-NAT","US Partner Digital"
"9739_1779907397","2026-05-27 18:43:17","2026-06-03 18:23:05.854","9739","Red Sun","Black Country Communion","V",392,255917691,416032,255917688,"The Rock Vault","ROCKCLASSIC","states/US-NAT","US Partner Digital"
"8984_1779907395","2026-05-27 18:43:15","2026-06-03 18:20:47.401","8984","I'm Yours","Casey J","The Truth (Continues)",469,39664194,30364390,39664190,"Get Up! Mornings","OTHER","states/US-NAT","US Partner Digital"
"8889_1779907393","2026-05-27 18:43:13","2026-06-03 18:22:42.495","8889","Hummel: Trumpet Concerto In E Flat, S 49 - 3. Rondo","Wynton Marsalis; Raymond Leppard: English Chamber Orchestra","The London Concert",215,-1,-1,-1,"YourClassical Essentials","OTHER","states/US-NAT","Classical"
"8308_1779907392","2026-05-27 18:43:12","2026-06-03 18:20:39.241","8308","Motion Party","Bossman Dlow","Chicken Talkin Bastard",96,390148266,35325022,390148262,"FUBU Radio",,"states/US-NAT","US Partner Digital"
"9034_1779907392","2026-05-27 18:43:12","2026-06-03 18:22:44.309","9034","All Night Long (feat. Puff Daddy)","Faith Evans","Keep the Faith",233,8713412,28485,8713409,"108 SOUL","RNB","states/US-NAT","US Partner Digital"
"11314_1779907391","2026-05-27 18:43:11","2026-06-03 18:24:23.463","11314","Stellar","Incubus","Make Yourself",199,8685248,6768,8685241,"Alt Rock Variety MEGASHUFFLE",,"states/US-NAT","US Partner Digital"
"9903_1779907376","2026-05-27 18:42:56","2026-06-03 18:20:52.325","9903","How Country Feels","Randy Houser","How Country Feels",185,374678214,40987,374678205,"Kickin' Kountry Radio","COUNTRY","states/US-NAT","US Partner Digital"
"6464_1779907375","2026-05-27 18:42:55","2026-06-03 18:21:49.262","6464","Don't Stop","Fleetwood Mac","Rumours",193,21601996,7046,21601977,"The Loop",,"IL","Classic Rock"
"7680_1779907375","2026-05-27 18:42:55","2026-06-03 18:22:08.004","7680","Inside Out","Eve 6","Eve 6",219,2548169,15724,2538743,"Mad Rock Nation","ROCKACTIVE","states/US-NAT","US Partner Digital"
"10418_1779907369","2026-05-27 18:42:49","2026-06-03 18:21:08.959","10418","Fight Of My Life","Rend Collective","Fight Of My LIfe",177,309543899,30361121,309543898,"Christian Hits FM","OTHER","states/US-NAT","US Partner Digital"
"4776_1779907367","2026-05-27 18:42:47","2026-06-03 18:21:00.039","4776","Meet Me Halfway","Black Eyed Peas","THE E.N.D. (THE ENERGY NEVER DIES)",284,154103898,116313,154103895,"Mix Nation","CHRPOP","states/US-NAT","Dance"
"9200_1779907364","2026-05-27 18:42:44","2026-06-03 18:21:03.142","9200","Backup Plan","Bailey Zimmerman & Luke Combs","Different Night Same Rodeo",181,343323891,35706214,343323882,"Knox Country","COUNTRY","TN","Country"
"11236_1779907362","2026-05-27 18:42:42","2026-06-03 18:24:13.958","11236","Your Wildest Dreams","The Moody Blues","The Other Side Of Life",291,606902,39193,606901,"DC Sugar95",,"states/US-NAT","US Partner Digital"
"11299_1779907361","2026-05-27 18:42:41","2026-06-03 18:24:16.748","11299","Bedop","The Vossa Rebels","Bedop",176,66973999,32683503,66973998,"LA NUEVA, RADIO",,"states/US-NAT","US Partner Digital"
"9771_1779907359","2026-05-27 18:42:39","2026-06-03 18:23:07.546","9771","Body Talk","Alle Farben Feat. René Miller","Body Talk [Single]",165,-1,-1,-1,"Maxima Radio","OTHER","states/US-NAT","US Partner Digital"
"9339_1779907357","2026-05-27 18:42:37","2026-06-03 18:22:57.578","9339","Essence","WizKid feat. Tems","Made In Lagos",247,113311247,657868,113311236,"DJ KIDNU RADIO","HIPHOPRNB","states/US-NAT","US Partner Digital"
"10629_1779907354","2026-05-27 18:42:34","2026-06-03 18:24:03.771","10629","Underneath the Tree","Kelly Clarkson","Wrapped In Red (Deluxe Version)",229,115311695,34788,115311693,"That Christmas Channel",,"states/US-NAT","US Partner Digital"
"8880_1779907351","2026-05-27 18:42:31","2026-06-03 18:22:39.393","8880","Cantique de Noël ""O Holy Night / Minuit, chrétiens"" (Orch. Gamley)","Luciano Pavarotti, The National Philharmonic Orchestra, & Kurt Herbert Adler","O Holy Night",257,64621057,5242,64621056,"YourClassical Holiday","OTHER","states/US-NAT","US Partner Digital"
"6227_1779907347","2026-05-27 18:42:27","2026-06-03 18:20:27.342","6227","Isn't She Lovely","Stevie Wonder","Songs In The Key Of Life",393,73051945,3404,73051934,"Hot 106.5","RNB","FL","R&B"
"11244_1779907346","2026-05-27 18:42:26","2026-06-03 18:24:14.973","11244","As For Me","Pat Barrett & Chris Tomlin","Act Justly, Love Mercy, Walk Humbly",192,126582356,32061212,126582351,"Total Worship Radio",,"states/US-NAT","US Partner Digital"
"11315_1779907341","2026-05-27 18:42:21","2026-06-03 18:24:18.666","11315","Pomegranate","deadmau5 & The Neptunes","Pomegranate",207,344842594,60310,344842593,"The EDM Megashuffle",,"states/US-NAT","US Partner Digital"
"8891_1779907339","2026-05-27 18:42:19","2026-06-03 18:20:45.855","8891","Ravel: Valses Nobles Et Sentimentales - 7. Moins Vif","Lise De La Salle","When Do We Dance?",210,-1,-1,-1,"YourClassical Women's History","OTHER","states/US-NAT","US Partner Digital"
"6227_1779907338","2026-05-27 18:42:18","2026-06-03 18:20:27.342","6227","Happy Birthday","Stevie Wonder","Hotter Than July",356,590487,3404,590485,"Hot 106.5","RNB","FL","R&B"
"8884_1779907332","2026-05-27 18:42:12","2026-06-03 18:20:48.367","8884","God Rest You Merry, Gentleman","Johann Pachelbel","Canon Pachelbel - Johann Pachelbel Canon in D and Many Other Classical Piano Favorites, Cannon in D, Fur Elise, Moonlight Sonata, Canon in D Major",125,-1,-1,-1,"YourClassical Concert Band","OTHER","states/US-NAT","US Partner Digital"
"5254_1779907328","2026-05-27 18:42:08","2026-06-03 18:21:41.828","5254","Lose My Mind (feat. Doja Cat) [From F1® The Movie]","Don Toliver","Lose My Mind (feat. Doja Cat) [From F1® The Movie]",208,326276495,31887636,326276494,"WHIP Radio",,"PA","Public Radio"
"7863_1779907324","2026-05-27 18:42:04","2026-06-03 18:22:12.485","7863","It Takes Two","Rob Base & DJ E-Z Rock","It Takes Two",299,26581458,432127,26581457,"RnR Radio","Prov_Other","states/US-NAT","US Partner Digital"
"6295_1779907312","2026-05-27 18:41:52","2026-06-03 18:21:48.260","6295","The Passenger","Iggy Pop","Lust For Life",283,47736030,9649,47736026,"Rock the Cradle","Prov_American Public Media","states/US-NAT","US Partner Digital"
"9251_1779907307","2026-05-27 18:41:47","2026-06-03 18:20:48.475","9251","Shawty (feat. T-Pain)","Plies","The Real Testament",255,1020190,58715,1020182,"Hype 1 Radio",,"states/US-NAT","US Partner Digital"
"8905_1779907306","2026-05-27 18:41:46","2026-06-03 18:22:42.359","8905","Tighter, Tighter","Alive 'N Kickin'","Alive 'N Kickin'",168,1038181,59052,1038180,"Carolina Gold 93.9 & 106.3","CLASSICHITS","states/US-NAT","US Partner Digital"
"9035_1779907304","2026-05-27 18:41:44","2026-06-03 18:22:43.937","9035","LET ME BE","The Second Voice","LET ME BE",189,386905804,49328260,386905803,"Nexus Radio","OTHER","states/US-NAT","US Partner Digital"
"9658_1779907303","2026-05-27 18:41:43","2026-06-03 18:23:04.100","9658","Jesus Be The Name","Elevation Worship feat. Tiffany Hudson","Jesus Be The Name",538,354080072,303847,354080071,"Vida Unida, Nationwide","SPANISH","states/US-NAT","US Partner Digital"
"11300_1779907297","2026-05-27 18:41:37","2026-06-03 18:24:17.162","11300","Here","Mumford & Sons & Chris Stapleton","Prizefighter",190,381193064,379483,381193063,"99.5 THE GULF",,"states/US-NAT","US Partner Digital"
"8986_1779907296","2026-05-27 18:41:36","2026-06-03 18:20:46.997","8986","Michael Jackson x Mark Ronson: Diamonds are Invincible","Michael Jackson & Mark Ronson","Michael Jackson x Mark Ronson: Diamonds are Invincible",299,61207846,6739,61207845,"The DL Hughley Show",,"states/US-NAT","US Partner Digital"
"9806_1779907291","2026-05-27 18:41:31","2026-06-03 18:20:51.028","9806","Pumped Up Kicks","Foster the People","Torches",241,13676287,523407,13676266,"AlternativeRadio.us","ROCKALTERNATIVE","states/US-NAT","US Partner Digital"
"11301_1779907290","2026-05-27 18:41:30","2026-06-03 18:24:16.693","11301","Horses and Divorces","Kacey Musgraves & Miranda Lambert","Middle of Nowhere",163,398641573,794324,398641564,"99.5 THE STAR",,"states/US-NAT","US Partner Digital"
"10775_1779907289","2026-05-27 18:41:29","2026-06-03 18:24:08.016","10775","Perfectly","Micah Tyler","Perfectly",163,379871735,30708692,379871734,"The Light DFW",,"states/US-NAT","US Partner Digital"
"7259_1779907289","2026-05-27 18:41:29","2026-06-03 18:20:31.413","7259","R. Strauss: Serenade for Wind Instruments, Op. 7","Frederick Fennell: Eastman Wind Ensemble","Mozart: Wind Serenade in B-Flat / Strauss, R.: Serenade for Wind / Milhaud: Suite Française",586,-1,-1,-1,"Capital Public Radio",,"states/US-NAT","US Partner Digital"
"11240_1779907286","2026-05-27 18:41:26","2026-06-03 18:24:14.276","11240","Ain't Too Proud To Beg","The Temptations","Gettin' Ready",155,624230,39740,624225,"Soul Radio Coast2coast",,"states/US-NAT","US Partner Digital"
"9774_1779907282","2026-05-27 18:41:22","2026-06-03 18:23:06.891","9774","drop dead","Olivia Rodrigo","drop dead",224,395031026,31351268,395031025,"LIVE 99.9","CHRPOP","states/US-NAT","US Partner Digital"
"11315_1779907279","2026-05-27 18:41:19","2026-06-03 18:24:18.666","11315","Feels Like Us","Devault, GiGi Grombacher","Feels Like Us",234,358376186,31202481,358376185,"The EDM Megashuffle",,"states/US-NAT","US Partner Digital"
"9657_1779907276","2026-05-27 18:41:16","2026-06-03 18:20:55.776","9657","SURVIVAL","Hulvey","COULD BE TONIGHT",114,386184675,32670158,386184673,"NGEN Radio","HIPHOPRNB","states/US-NAT","US Partner Digital"
"7548_1779907272","2026-05-27 18:41:12","2026-06-03 18:21:57.712","7548","I'll Tumble 4 Ya","Culture Club","Kissing To Be Clever",155,432837,30014,432834,"DARE FM","ROCKALTERNATIVE","states/US-NAT","US Partner Digital"
"9799_1779907270","2026-05-27 18:41:10","2026-06-03 18:23:08.002","9799","Think Of Us","The Chainsmokers & GRACEY","Summertime Friends",170,237912844,820651,237912842,"Jam Hits","OTHER","states/US-NAT","US Partner Digital"
"11260_1779907267","2026-05-27 18:41:07","2026-06-03 18:24:15.511","11260","Nice To Meet You","Myles Smith","A Minute, A Moment...",175,327009004,32446744,327008997,"The Juice",,"states/US-NAT","US Partner Digital"
"10636_1779907264","2026-05-27 18:41:04","2026-06-03 18:21:11.306","10636","Weak","SWV","It's About Time",291,2555781,118601,2549305,"98.3 BPME ""The Sound""",,"states/US-NAT","US Partner Digital"
"11178_1779907262","2026-05-27 18:41:02","2026-06-03 18:24:11.585","11178","All for Love","Rod Stewart","If We Fall in Love Tonight",284,1054388,2202,1054373,"Power Hits",,"states/US-NAT","US Partner Digital"
"10419_1779907254","2026-05-27 18:40:54","2026-06-03 18:21:09.037","10419","Hold Me","Fleetwood Mac","Mirage",226,42286844,7046,42286835,"THAT 80's CHANNEL",,"states/US-NAT","US Partner Digital"
"8890_1779907250","2026-05-27 18:40:50","2026-06-03 18:20:44.675","8890","Symphony No. 4, Op. 85 Symphony No. 4, Op. 85 Deciso-Marcatissimo - Tranquillo e Cantabile","London Philharmonic Orchestra & Andrey Boreyko, Henryk Górecki","Henryk Górecki: Symphony No. 4, Op. 85 (Tansman Episodes)",702,37949187,31109011,37949175,"YourClassical Black History","OTHER","states/US-NAT","US Partner Digital"
"6466_1779907245","2026-05-27 18:40:45","2026-06-03 18:21:48.192","6466","Il Barbiere di Siviglia (1986 Remastered Version), Act I: Una voce poco fa","Maria Callas/Fritz Ollendorff/Philharmonia Orchestra/Alceo Galliera","Maria Callas - ""La Voix du Siècle""",376,8169830,167440,8169828,"Operavore",,"states/US-NAT","US Partner Digital"
"8890_1779907241","2026-05-27 18:40:41","2026-06-03 18:20:44.675","8890","Moore: The Open Road - 5. Whoever You Are Come Forth (Version For Cello Solo)","Ashley Bathgate","Moore: Stories For Ocean Shells",251,-1,-1,-1,"YourClassical Black History","OTHER","states/US-NAT","US Partner Digital"
"6466_1779907238","2026-05-27 18:40:38","2026-06-03 18:21:48.192","6466","Rossini: Il barbiere di Siviglia, Act I: Cavatina. Una voce poco fa","Aigul Akhmetshina, Royal Philharmonic Orchestra & Daniele Rustioni","Aigul",140,367042693,48936193,367042681,"Operavore",,"states/US-NAT","US Partner Digital"
"11241_1779907234","2026-05-27 18:40:34","2026-06-03 18:24:14.915","11241","One Bourbon, One Scotch, One Beer","George Thorogood & the Destroyers","George Thorogood & the Destroyers",506,15870521,42067,15870518,"93QFM",,"states/US-NAT","US Partner Digital"
"6466_1779907233","2026-05-27 18:40:33","2026-06-03 18:21:48.192","6466","Il barbiere di Siviglia, Act I, No. 5: Una voce poco fa","Pretty Yende, Marco Armiliato & Orchestra Sinfonica Nazionale della RAI","A Journey",367,41113988,31261276,41113987,"Operavore",,"states/US-NAT","US Partner Digital"
"8713_1779907230","2026-05-27 18:40:30","2026-06-03 18:20:41.999","8713","Moonshadow","Yusuf / Cat Stevens","Teaser And The Firecat",172,151388334,72348,151388325,"Smooth 70s",,"states/US-NAT","US Partner Digital"
"10344_1779907227","2026-05-27 18:40:27","2026-06-03 18:21:08.162","10344","Am I The Same Girl","Barbara Acklin","Brunswick Top 40 Singles 1966-1975",183,237458434,13876,237458427,"Real Oldies Music Radio",,"states/US-NAT","US Partner Digital"
"7369_1779907224","2026-05-27 18:40:24","2026-06-03 18:23:34.879","7369","El Merengue","Marshmello & Manuel Turizo","El Merengue",188,205985596,30080809,205985595,"La Mezcla Fuego","SPANISH","states/US-NAT","Spanish"
"8986_1779907219","2026-05-27 18:40:19","2026-06-03 18:20:46.997","8986","Set It Off","Strafe","Music From Porcelain",229,-1,-1,-1,"The DL Hughley Show",,"states/US-NAT","US Partner Digital"
"8761_1779907217","2026-05-27 18:40:17","2026-06-03 18:22:35.649","8761","Smooth Operator","Sade","Diamond Life",299,107555740,89229,107555739,"Rewound Radio",,"states/US-NAT","US Partner Digital"
"6464_1779907216","2026-05-27 18:40:16","2026-06-03 18:21:49.262","6464","Don't Do Me Like That","Tom Petty","Damn The Torpedoes",165,10399709,1805,10399703,"The Loop",,"IL","Classic Rock"
"6600_1779907216","2026-05-27 18:40:16","2026-06-03 18:21:51.369","6600","Minuet In C-Sharp Minor, D. 600 With Trio In E Major, D. 610: Minuet In C-Sharp Minor, D. 600 With Trio In E Major, D. 610","Laurianne Corneille","Cosmosis",358,-1,-1,-1,"Calm by Classical KING","OTHER","states/US-NAT","US Partner Digital"
"8982_1779907213","2026-05-27 18:40:13","2026-06-03 18:20:47.083","8982","Set It Off (Vocal)","Strafe","""the original"" Set It Off",585,10124620,32929,10124619,"Rickey Smiley Morning Show",,"states/US-NAT","US Partner Digital"
"8887_1779907209","2026-05-27 18:40:09","2026-06-03 18:22:42.400","8887","Liszt: Mendelssohns Lieder, S. 547: I. Auf Flügeln des Gesanges (After Op. 34/2)","Isata Kanneh-Mason","Liszt: Mendelssohns Lieder, S. 547: I. Auf Flügeln des Gesanges (After Op. 34/2)",238,367047744,42918999,367047743,"YourClassical Sleep","OTHER","states/US-NAT","Classical"
"9925_1779907202","2026-05-27 18:40:02","2026-06-03 18:23:42.596","9925","You Got Lucky","Tom Petty","Long After Dark",211,844489,1805,844479,"M2D2 RADIO WERP","ACHOTMODERN","states/US-NAT","US Partner Digital"
"10629_1779907199","2026-05-27 18:39:59","2026-06-03 18:24:03.771","10629","Santa Claus Is Coming To Town","The Jackson 5","Christmas Album",147,28131648,35053,28131646,"That Christmas Channel",,"states/US-NAT","US Partner Digital"
"7869_1779907190","2026-05-27 18:39:50","2026-06-03 18:22:14.269","7869","Come Jesus Come","CeCe Winans","Come Jesus Come (Radio Version)",252,322169605,28638,322169604,"Family Life Radio","OTHER","states/US-NAT","US Partner Digital"
"8890_1779907189","2026-05-27 18:39:49","2026-06-03 18:20:44.675","8890","I Loves You Porgy","Jazz For Babies","The Piano Album",298,-1,-1,-1,"YourClassical Black History","OTHER","states/US-NAT","US Partner Digital"
"6294_1779907184","2026-05-27 18:39:44","2026-06-03 18:21:47.931","6294","Requiem: II. Dies irae ""Dies irae""","London Symphony Orchestra, London Symphony Chorus and Gianandrea Noseda","Verdi: Requiem",119,-1,-1,-1,"YourClassical Choral","OTHER","states/US-NAT","Classical"
"11302_1779907177","2026-05-27 18:39:37","2026-06-03 18:24:21.565","11302","I Know What I Want","Lily Rose","I Know What I Want",145,312214829,31113394,312214828,"County Line",,"states/US-NAT","US Partner Digital"
"6227_1779907173","2026-05-27 18:39:33","2026-06-03 18:20:27.342","6227","Love You Down","Ready for the World","Long Time Coming",390,61438275,40371,61438274,"Hot 106.5","RNB","FL","R&B"
"9339_1779907173","2026-05-27 18:39:33","2026-06-03 18:22:57.578","9339","How You Want It?","Teyana Taylor feat. King Combs","How You Want It?",221,77156489,41912,77156488,"DJ KIDNU RADIO","HIPHOPRNB","states/US-NAT","US Partner Digital"
"8905_1779907169","2026-05-27 18:39:29","2026-06-03 18:22:42.359","8905","Good Luck Charm","Elvis Presley","Elvis' Golden Records, Vol. 3",145,29876460,1014,29876451,"Carolina Gold 93.9 & 106.3","CLASSICHITS","states/US-NAT","US Partner Digital"
"9737_1779907166","2026-05-27 18:39:26","2026-06-03 18:23:06.106","9737","Please Don't Go","WanMor","Please Don't Go",276,248590215,33733064,248590214,"Press Play Radio","HIPHOPRNB","states/US-NAT","US Partner Digital"
"9772_1779907163","2026-05-27 18:39:23","2026-06-03 18:23:06.923","9772","Van Gogh","Em Beihold","Tales of a Failed Shapeshifter",145,382358720,34263192,382358716,"Traklife Radio","ACHOTMODERN","states/US-NAT","US Partner Digital"
"8890_1779907156","2026-05-27 18:39:16","2026-06-03 18:20:44.675","8890","Mr. Pitiful","Matt Costa","Unfamiliar Faces",175,178566331,32386,178566330,"YourClassical Black History","OTHER","states/US-NAT","US Partner Digital"
"9200_1779907153","2026-05-27 18:39:13","2026-06-03 18:21:03.142","9200","I Remember Everything (feat. Kacey Musgraves)","Zach Bryan","Zach Bryan",226,230141311,33266101,230141282,"Knox Country","COUNTRY","TN","Country"
"9035_1779907151","2026-05-27 18:39:11","2026-06-03 18:22:43.937","9035","Confession","D.O.D feat. Poppy Baskcomb","Confession",154,373452034,41971768,373452033,"Nexus Radio","OTHER","states/US-NAT","US Partner Digital"
"9903_1779907145","2026-05-27 18:39:05","2026-06-03 18:20:52.325","9903","Beautiful Things","Megan Moroney","Beautiful Things",235,356300495,35764910,356300494,"Kickin' Kountry Radio","COUNTRY","states/US-NAT","US Partner Digital"
"9034_1779907144","2026-05-27 18:39:04","2026-06-03 18:22:44.309","9034","Sensational","Chris Brown feat. Davido & Lojay","11:11",230,242051169,33210,242051167,"108 SOUL","RNB","states/US-NAT","US Partner Digital"
"8880_1779907143","2026-05-27 18:39:03","2026-06-03 18:22:39.393","8880","Un Flambeau, Jeanette, Isabelle","New York Polyphony","Sing Thee Nowell",132,-1,-1,-1,"YourClassical Holiday","OTHER","states/US-NAT","US Partner Digital"
"11384_1779907138","2026-05-27 18:38:58","2026-06-03 18:24:26.097","11384","Gedlela","Felo Le Tee & Mellow & Sleazy Feat. Kabelo Sings, Keynote & SjavasDaDeejay","The III Wise Men",381,-1,-1,-1,"DJ Babydoll Radio",,"states/US-NAT","US Partner Digital"
"11461_1779907132","2026-05-27 18:38:52","2026-06-03 18:24:25.139","11461","STINGY","DJ Tunez, Daecolm, Khaid and Kemuel","STINGY",219,376104589,30757927,376104588,"DogSled African Radio",,"states/US-NAT","US Partner Digital"
"8761_1779907128","2026-05-27 18:38:48","2026-06-03 18:22:35.649","8761","Kind of a Drag","The Buckinghams","Kind of a Drag",129,61455870,7057,61455858,"Rewound Radio",,"states/US-NAT","US Partner Digital"
"4776_1779907127","2026-05-27 18:38:47","2026-06-03 18:21:00.039","4776","Body","Don Toliver","OCTANE",155,377121144,31887636,377121142,"Mix Nation","CHRPOP","states/US-NAT","Dance"
"8889_1779907124","2026-05-27 18:38:44","2026-06-03 18:22:42.495","8889","Serenade No. 13, Eine Kleine Nachtmusik (From ""Alien"")","Various Artists","50 Famous Songs from Movie Soundtracks",277,18660135,6,18660122,"YourClassical Essentials","OTHER","states/US-NAT","Classical"
"6296_1779907122","2026-05-27 18:38:42","2026-06-03 18:21:47.581","6296","Imagine (Imagine)","Eva Cassidy","Imagine",276,54671131,82075,54671126,"Radio Heartland","ROCKALTERNATIVE","states/US-NAT","US Partner Digital"
"8890_1779907114","2026-05-27 18:38:34","2026-06-03 18:20:44.675","8890","Mahler: Symphony #3","Ralph Sauer","Orchestral Excerpts For Trombone",396,-1,-1,-1,"YourClassical Black History","OTHER","states/US-NAT","US Partner Digital"
"10465_1779907113","2026-05-27 18:38:33","2026-06-03 18:21:10.274","10465","Animal","Def Leppard","Hysteria",244,52809699,44059,52809696,"CJ's Awesome 80s",,"states/US-NAT","US Partner Digital"
"10174_1779907111","2026-05-27 18:38:31","2026-06-03 18:21:05.851","10174","Greater","MercyMe","Welcome to the New",246,120985767,90180,120985763,"Family Life Now","OTHER","states/US-NAT","US Partner Digital"
"9251_1779907111","2026-05-27 18:38:31","2026-06-03 18:20:48.475","9251","Talkin' To Me (Edit)","Amerie","Playlist: The Very Best Of Amerie",234,8403085,34782,8403078,"Hype 1 Radio",,"states/US-NAT","US Partner Digital"
"9570_1779907109","2026-05-27 18:38:29","2026-06-03 18:20:50.187","9570","Can't You See","The Marshall Tucker Band","The Marshall Tucker Band",364,312050547,90156,312050545,"Oldies.Gold","CLASSICHITS","states/US-NAT","US Partner Digital"
"11260_1779907106","2026-05-27 18:38:26","2026-06-03 18:24:15.511","11260","Stateside + Zara Larsson","PinkPantheress","Fancy Some More?",176,354002035,35752537,354002025,"The Juice",,"states/US-NAT","US Partner Digital"
"8982_1779907104","2026-05-27 18:38:24","2026-06-03 18:20:47.083","8982","Ain't No Stoppin' Us Now","McFadden & Whitehead","McFadden & Whitehead",424,2954491,99297,2954490,"Rickey Smiley Morning Show",,"states/US-NAT","US Partner Digital"
"11236_1779907098","2026-05-27 18:38:18","2026-06-03 18:24:13.958","11236","Wind Of Change","Scorpions","Crazy World",312,621794,39159,621789,"DC Sugar95",,"states/US-NAT","US Partner Digital"
"8986_1779907094","2026-05-27 18:38:14","2026-06-03 18:20:46.997","8986","Ain't No Stoppin' Us Now","McFadden & Whitehead","McFadden & Whitehead",424,2954491,99297,2954490,"The DL Hughley Show",,"states/US-NAT","US Partner Digital"
"9727_1779907093","2026-05-27 18:38:13","2026-06-03 18:23:10.272","9727","Set It Off (Vocal)","Strafe","""the original"" Set It Off",585,10124620,32929,10124619,"FreeAgentSoul","RNB","states/US-NAT","US Partner Digital"
"8983_1779907092","2026-05-27 18:38:12","2026-06-03 18:20:46.191","8983","Motion Party","Bossman Dlow","Chicken Talkin Bastard",96,390148266,35325022,390148262,"The Morning Hustle",,"states/US-NAT","US Partner Digital"
"7680_1779907088","2026-05-27 18:38:08","2026-06-03 18:22:08.004","7680","Can't Stop","Red Hot Chili Peppers","By the Way",275,1056172,6771,1056165,"Mad Rock Nation","ROCKACTIVE","states/US-NAT","US Partner Digital"
"11300_1779907077","2026-05-27 18:37:57","2026-06-03 18:24:17.162","11300","Say It Now","NEEDTOBREATHE","The Long Surrender",233,388836261,58657,388836259,"99.5 THE GULF",,"states/US-NAT","US Partner Digital"
"8887_1779907075","2026-05-27 18:37:55","2026-06-03 18:22:42.400","8887","Mendelssohns Lieder, S.547: Auf Flügeln des Gesanges / Les ailes du chant (Liszt after Mendelssohn’s 6 Gesänge, Op. 34 No. 2)","Vittorio Forte","The Lyrinx Recordings (2015): Voyage mélodique – Franz Liszt & Earl Wild piano transcriptions",231,-1,-1,-1,"YourClassical Sleep","OTHER","states/US-NAT","Classical"
"9806_1779907075","2026-05-27 18:37:55","2026-06-03 18:20:51.028","9806","Dial Drunk","Noah Kahan","Stick Season",213,220087336,31465756,220087318,"AlternativeRadio.us","ROCKALTERNATIVE","states/US-NAT","US Partner Digital"
"11297_1779907074","2026-05-27 18:37:54","2026-06-03 18:24:16.416","11297","Rapture (feat.Nadia Ali)","iiO","Poetica (feat. Nadia Ali)",253,97449805,656,97449804,"iPartyRadio: Dance Anthems",,"states/US-NAT","US Partner Digital"
"10629_1779907072","2026-05-27 18:37:52","2026-06-03 18:24:03.771","10629","Jingle Bell Rock","Bobby Helms","Jingle Bell Rock/Captain Santa Claus (And His Reindeer Space Patrol)",133,54899779,10048,54899778,"That Christmas Channel",,"states/US-NAT","US Partner Digital"
"8886_1779907069","2026-05-27 18:37:49","2026-06-03 18:20:44.984","8886","What Are You Doing New Year's Eve","Beegie Adair","Jazz Piano Christmas",257,1124229,27798,1124218,"YourClassical Chamber Music","OTHER","states/US-NAT","US Partner Digital"
"11301_1779907066","2026-05-27 18:37:46","2026-06-03 18:24:16.693","11301","Loving Life Again","Ella Langley","Dandelion",226,392317907,32173141,392317899,"99.5 THE STAR",,"states/US-NAT","US Partner Digital"
"11248_1779907059","2026-05-27 18:37:39","2026-06-03 18:24:15.198","11248","Yesterday","Woongsan","I Love You",301,229312184,33601789,229312156,"KPOP 24.7 NuWaaV RADIO",,"states/US-NAT","US Partner Digital"
"8308_1779907059","2026-05-27 18:37:39","2026-06-03 18:20:39.241","8308","FDO","Pooh Shiesty","FDO",318,366620272,33284146,366620271,"FUBU Radio",,"states/US-NAT","US Partner Digital"
"11314_1779907058","2026-05-27 18:37:38","2026-06-03 18:24:23.463","11314","Mony Mony","Billy Idol","Don't Stop EP",302,287826397,28839,287826396,"Alt Rock Variety MEGASHUFFLE",,"states/US-NAT","US Partner Digital"
"6296_1779907048","2026-05-27 18:37:28","2026-06-03 18:21:47.581","6296","Invasion","Savant","Invasion",319,199172443,367667,199172440,"Radio Heartland","ROCKALTERNATIVE","states/US-NAT","US Partner Digital"
"9774_1779907047","2026-05-27 18:37:27","2026-06-03 18:23:06.891","9774","Just A Dream","Nelly","5.0",237,10484852,40199,10484848,"LIVE 99.9","CHRPOP","states/US-NAT","US Partner Digital"
"9657_1779907046","2026-05-27 18:37:26","2026-06-03 18:20:55.776","9657","Stressed Out","Twenty One Pilots","Blurryface",201,31850788,527361,31850786,"NGEN Radio","HIPHOPRNB","states/US-NAT","US Partner Digital"
"11178_1779907044","2026-05-27 18:37:24","2026-06-03 18:24:11.585","11178","Grease","Frankie Valli","Grease",205,82559161,44026,82559160,"Power Hits",,"states/US-NAT","US Partner Digital"
"10419_1779907043","2026-05-27 18:37:23","2026-06-03 18:21:09.037","10419","Rock the Casbah","The Clash","Combat Rock (Remastered)",222,23070825,2361,23041553,"THAT 80's CHANNEL",,"states/US-NAT","US Partner Digital"
"7867_1779907034","2026-05-27 18:37:14","2026-06-03 18:22:12.934","7867","Sexual Healing","Marvin Gaye","Midnight Love",240,2517252,1489,2516249,"Purple Current","Prov_American Public Media","states/US-NAT","US Partner Digital"
"10179_1779907031","2026-05-27 18:37:11","2026-06-03 18:21:06.143","10179","The Half That's Never Been Told","Jim & Melissa Brady","A New Chapter",186,67878696,32795818,67878685,"Gospel Road from Family Life","OTHER","states/US-NAT","US Partner Digital"
"7810_1779907031","2026-05-27 18:37:11","2026-06-03 18:20:35.027","7810","Ephemeron","Com Truise","Iteration",256,-1,-1,-1,"88.5 WVPB",,"states/US-NAT","US Partner Digital"
"11315_1779907024","2026-05-27 18:37:04","2026-06-03 18:24:18.666","11315","Hey Brother","Avicii","True",254,110881438,390596,110881435,"The EDM Megashuffle",,"states/US-NAT","US Partner Digital"
"11302_1779907023","2026-05-27 18:37:03","2026-06-03 18:24:21.565","11302","Day Late & A Buck Short","Julia Cole","Day Late & A Buck Short (Acoustic)",153,342899339,924431,342899337,"County Line",,"states/US-NAT","US Partner Digital"
"8713_1779907019","2026-05-27 18:36:59","2026-06-03 18:20:41.999","8713","We Don't Talk Anymore","Cliff Richard","Rock 'n' Roll Juvenile",251,388339,13286,388327,"Smooth 70s",,"states/US-NAT","US Partner Digital"
"6600_1779907017","2026-05-27 18:36:57","2026-06-03 18:21:51.369","6600","Groung (Crane)","Kronos Quartet & Mary Kouyoumdjian","WITNESS",260,317346594,30295212,317346593,"Calm by Classical KING","OTHER","states/US-NAT","US Partner Digital"
"8888_1779907015","2026-05-27 18:36:55","2026-06-03 18:22:37.834","8888","España","Arthur Fiedler","50 Classical Masterworks",386,44067377,122289,44067362,"YourClassical Children","OTHER","states/US-NAT","US Partner Digital"
"9889_1779907011","2026-05-27 18:36:51","2026-06-03 18:23:08.254","9889","Bien Pedos","Xavi, Kapo","Bien Pedos",147,342656376,616317,342656375,"La Invasora 94.7","SPANISH","states/US-NAT","US Partner Digital"
"9035_1779907003","2026-05-27 18:36:43","2026-06-03 18:22:43.937","9035","Aperture","Harry Styles","Kiss All The Time. Disco, Occasionally.",311,384929954,31552663,384929953,"Nexus Radio","OTHER","states/US-NAT","US Partner Digital"
"10344_1779907000","2026-05-27 18:36:40","2026-06-03 18:21:08.162","10344","Run Through The Jungle","Creedence Clearwater Revival","Cosmo's Factory",187,36512271,35051,36512265,"Real Oldies Music Radio",,"states/US-NAT","US Partner Digital"
"9925_1779906995","2026-05-27 18:36:35","2026-06-03 18:23:42.596","9925","You Ain't Seen Nothing Yet","Bachman-Turner Overdrive","Not Fragile",237,19217232,39509,19217228,"M2D2 RADIO WERP","ACHOTMODERN","states/US-NAT","US Partner Digital"
"8905_1779906994","2026-05-27 18:36:34","2026-06-03 18:22:42.359","8905","I Saw Her Standing There","The Beatles","Please Please Me",175,235800990,591,235800989,"Carolina Gold 93.9 & 106.3","CLASSICHITS","states/US-NAT","US Partner Digital"
"11318_1779906993","2026-05-27 18:36:33","2026-06-03 18:24:18.618","11318","Walk Around the Club (F**k Everybody) (Street Mix)","Treal Lee & Prince Rick","Walk Around the Club (F**k Everybody) [Street Mix]",246,48989292,570420,48989291,"DMX Radio",,"states/US-NAT","US Partner Digital"
"9771_1779906984","2026-05-27 18:36:24","2026-06-03 18:23:07.546","9771","Million Voices","Aly & Fila, Audrey Gallagher and Luke Bond","Million Voices (Billy Gillies Remix)",417,124638425,103442,124638423,"Maxima Radio","OTHER","states/US-NAT","US Partner Digital"
"9425_1779906979","2026-05-27 18:36:19","2026-06-03 18:20:48.807","9425","Informer","Snow","12 Inches Of Snow",268,1016346,27672,1016339,"Bayology Radio",,"states/US-NAT","US Partner Digital"
"11244_1779906978","2026-05-27 18:36:18","2026-06-03 18:24:14.973","11244","Praise You In This Storm","Natalie Grant","No Stranger",332,102904357,27189,102904353,"Total Worship Radio",,"states/US-NAT","US Partner Digital"
"7869_1779906975","2026-05-27 18:36:15","2026-06-03 18:22:14.269","7869","Oh Death","MercyMe","Wonder & Awe",211,341740580,90180,341740573,"Family Life Radio","OTHER","states/US-NAT","US Partner Digital"
"7863_1779906975","2026-05-27 18:36:15","2026-06-03 18:22:12.485","7863","Car Wash","Rose Royce","Car Wash",193,605948,546,605945,"RnR Radio","Prov_Other","states/US-NAT","US Partner Digital"
"11461_1779906973","2026-05-27 18:36:13","2026-06-03 18:24:25.139","11461","Hard Part","Teyana Taylor & Lucky Daye","Escape Room",157,345426402,41912,345426395,"DogSled African Radio",,"states/US-NAT","US Partner Digital"
"10176_1779906961","2026-05-27 18:36:01","2026-06-03 18:21:06.971","10176","Gold ～また逢う日まで～","宇多田ヒカル","Gold ～また逢う日まで～ EP",255,-1,-1,-1,"Rewind from Family Life","OTHER","states/US-NAT","US Partner Digital"
"9034_1779906960","2026-05-27 18:36:00","2026-06-03 18:22:44.309","9034","Dreamin'","G. Love & Special Sauce","Philadelphonic",233,2534397,42391,2532332,"108 SOUL","RNB","states/US-NAT","US Partner Digital"
"11241_1779906954","2026-05-27 18:35:54","2026-06-03 18:24:14.915","11241","Got You by the Balls","AC/DC","The Razors Edge",269,33310789,83301,33310781,"93QFM",,"states/US-NAT","US Partner Digital"
"11384_1779906953","2026-05-27 18:35:53","2026-06-03 18:24:26.097","11384","66","Felo Le Tee x Myztro","66",430,148591625,37008547,148591624,"DJ Babydoll Radio",,"states/US-NAT","US Partner Digital"
"9903_1779906946","2026-05-27 18:35:46","2026-06-03 18:20:52.325","9903","Knockin' Boots","Luke Bryan","Knockin' Boots",199,71330759,29083,71330758,"Kickin' Kountry Radio","COUNTRY","states/US-NAT","US Partner Digital"
"9200_1779906946","2026-05-27 18:35:46","2026-06-03 18:21:03.142","9200","Buy Dirt","Jordan Davis feat. Luke Bryan","Bluebird Days",167,204410660,404877,204410643,"Knox Country","COUNTRY","TN","Country"
"6464_1779906944","2026-05-27 18:35:44","2026-06-03 18:21:49.262","6464","Smells Like Teen Spirit","Nirvana","Nevermind",300,15313714,40473,15313713,"The Loop",,"IL","Classic Rock"
"10418_1779906936","2026-05-27 18:35:36","2026-06-03 18:21:08.959","10418","What A God","SEU Worship & ONE HOUSE & Kenzie Walker & Chelsea Plank & Roosevelt Stewart","Move of God",434,262679792,43238427,262679788,"Christian Hits FM","OTHER","states/US-NAT","US Partner Digital"
"8880_1779906935","2026-05-27 18:35:35","2026-06-03 18:22:39.393","8880","Somewhere In My Memory","Elliott Jack Sansom","Elliott Jack Sansom Plays Christmas Movie Themes",183,190760644,33479228,190760638,"YourClassical Holiday","OTHER","states/US-NAT","US Partner Digital"
"10636_1779906927","2026-05-27 18:35:27","2026-06-03 18:21:11.306","10636","Stay","Jodeci","Forever My Lady",311,15053799,39496,15053798,"98.3 BPME ""The Sound""",,"states/US-NAT","US Partner Digital"
"9570_1779906925","2026-05-27 18:35:25","2026-06-03 18:20:50.187","9570","Long Train Runnin'","The Doobie Brothers","The Captain and Me",207,1023309,43411,1023307,"Oldies.Gold","CLASSICHITS","states/US-NAT","US Partner Digital"
"8757_1779906918","2026-05-27 18:35:18","2026-06-03 18:23:10.685","8757","Found My Place (feat. Jeff Lewis)","Oh, Hush! feat. Jeff Lewis","The Lego Ninjago Movie (Original Motion Picture Soundtrack)",196,70460683,867534,70460679,"LEGOLAND Radio","OTHER","states/US-NAT","Kids & Family"
"9806_1779906916","2026-05-27 18:35:16","2026-06-03 18:20:51.028","9806","There She Goes","The La's","The La's",161,632369,40691,632365,"AlternativeRadio.us","ROCKALTERNATIVE","states/US-NAT","US Partner Digital"
"5254_1779906910","2026-05-27 18:35:10","2026-06-03 18:21:41.828","5254","Are U Still","Leven Kali","LK99",230,385727221,31447078,385727218,"WHIP Radio",,"PA","Public Radio"
"8984_1779906906","2026-05-27 18:35:06","2026-06-03 18:20:47.401","8984","After Tonight","Sensere","After Tonight",234,336818270,366516,336818269,"Get Up! Mornings","OTHER","states/US-NAT","US Partner Digital"
"8987_1779906905","2026-05-27 18:35:05","2026-06-03 18:20:46.509","8987","After Tonight","Sensere","After Tonight",234,336818270,366516,336818269,"Willie Moore Jr. Show","OTHER","states/US-NAT","US Partner Digital"
"9774_1779906904","2026-05-27 18:35:04","2026-06-03 18:23:06.891","9774","Body","Don Toliver","OCTANE",155,377121144,31887636,377121142,"LIVE 99.9","CHRPOP","states/US-NAT","US Partner Digital"
"11297_1779906898","2026-05-27 18:34:58","2026-06-03 18:24:16.416","11297","Perfect (Exceeder)","Mason vs. Princess Superstar","Perfect (Exceeder)",160,108302021,81298,108302020,"iPartyRadio: Dance Anthems",,"states/US-NAT","US Partner Digital"
"10465_1779906895","2026-05-27 18:34:55","2026-06-03 18:21:10.274","10465","Always Something There to Remind Me","Naked Eyes","Burning Bridges",218,49666277,31302,49666273,"CJ's Awesome 80s",,"states/US-NAT","US Partner Digital"
"7259_1779906895","2026-05-27 18:34:55","2026-06-03 18:20:31.413","7259","The Arctic Suite: I. Frozen World","Eldbjørg Hemsing & Arctic Philharmonic","Arctic",365,385123951,42919482,385123950,"Capital Public Radio",,"states/US-NAT","US Partner Digital"
"9657_1779906895","2026-05-27 18:34:55","2026-06-03 18:20:55.776","9657","NEVER GOING BACK","nobigdyl., Kato On The Track","SEOUL BROTHER (DELUXE)",151,336724755,46415257,336724753,"NGEN Radio","HIPHOPRNB","states/US-NAT","US Partner Digital"
"9802_1779906894","2026-05-27 18:34:54","2026-06-03 18:23:08.176","9802","Home Sweet Home","Silla","Es War Einmal In Südberlin",204,-1,-1,-1,"99.5 HD3 WCRB","OTHER","states/US-NAT","US Partner Digital"
"9799_1779906892","2026-05-27 18:34:52","2026-06-03 18:23:08.002","9799","2 Dumb Kids","Levent Geiger","2 Dumb Kids",158,202333769,33859224,202333768,"Jam Hits","OTHER","states/US-NAT","US Partner Digital"
"9739_1779906892","2026-05-27 18:34:52","2026-06-03 18:23:05.854","9739","Beyond The Dream","Sepultura","Beyond The Dream [Single]",244,-1,-1,-1,"The Rock Vault","ROCKCLASSIC","states/US-NAT","US Partner Digital"
"10174_1779906886","2026-05-27 18:34:46","2026-06-03 18:21:05.851","10174","Meet Me In The Valley","Tasha Layton","Life In Me",265,338588266,30844662,338588260,"Family Life Now","OTHER","states/US-NAT","US Partner Digital"
"9771_1779906863","2026-05-27 18:34:23","2026-06-03 18:23:07.546","9771","State Of Mind [Extended mix]","Kaskade & Lipless","State Of Mind [Single]",372,-1,-1,-1,"Maxima Radio","OTHER","states/US-NAT","US Partner Digital"
"9035_1779906860","2026-05-27 18:34:20","2026-06-03 18:22:43.937","9035","No Sleep","Alexandra Stan x FAULHABER","No Sleep",145,397874640,558765,397874639,"Nexus Radio","OTHER","states/US-NAT","US Partner Digital"
"8163_1779906858","2026-05-27 18:34:18","2026-06-03 18:22:17.565","8163","Don't Think Twice, It's Alright","Billy Strings, Bryan Sutton","Live At The Legion",226,322298899,31220299,322298883,"Folk Alley Holiday","OTHER","states/US-NAT","US Partner Digital"
"9251_1779906858","2026-05-27 18:34:18","2026-06-03 18:20:48.475","9251","Runaway Love","Justin Bieber","My World 2.0",212,5904136,44368,5904129,"Hype 1 Radio",,"states/US-NAT","US Partner Digital"
"10344_1779906853","2026-05-27 18:34:13","2026-06-03 18:21:08.162","10344","Up Around The Bend","Creedence Clearwater Revival","Cosmo's Factory",163,36512272,35051,36512265,"Real Oldies Music Radio",,"states/US-NAT","US Partner Digital"
"6295_1779906846","2026-05-27 18:34:06","2026-06-03 18:21:48.260","6295","We Will Become Silhouettes","The Postal Service","Give Up",300,114229029,70493,114229022,"Rock the Cradle","Prov_American Public Media","states/US-NAT","US Partner Digital"
"9737_1779906841","2026-05-27 18:34:01","2026-06-03 18:23:06.106","9737","DON'T TELL","BIA feat. Juicy J","REALLY HER",141,226159202,5029,226159199,"Press Play Radio","HIPHOPRNB","states/US-NAT","US Partner Digital"
"6466_1779906840","2026-05-27 18:34:00","2026-06-03 18:21:48.192","6466","Fidelio, Op. 72 ""Leonore, oder Der Triumph der ehelichen Liebe"": Overture, Op. 72 ""Leonore, oder Der Triumph der ehelichen Liebe"": Overture","Anton Nanut: Ljubljana Radio Symphony Orchestra","Red Edition - Beethoven: Symphony No. 5, Op. 67 & Piano Sonata No. 21, Op. 53",398,-1,-1,-1,"Operavore",,"states/US-NAT","US Partner Digital"
"11236_1779906837","2026-05-27 18:33:57","2026-06-03 18:24:13.958","11236","Superstition","Stevie Wonder","Talking Book",265,835932,3404,835931,"DC Sugar95",,"states/US-NAT","US Partner Digital"
"11314_1779906832","2026-05-27 18:33:52","2026-06-03 18:24:23.463","11314","Even If It Kills Me","Papa Roach","Even If It Kills Me",211,305057531,7772,305057530,"Alt Rock Variety MEGASHUFFLE",,"states/US-NAT","US Partner Digital"
"10629_1779906831","2026-05-27 18:33:51","2026-06-03 18:24:03.771","10629","This Christmas","Gloria Estefan","Christmas Through Your Eyes",253,10470491,31888,10470486,"That Christmas Channel",,"states/US-NAT","US Partner Digital"
"8984_1779906831","2026-05-27 18:33:51","2026-06-03 18:20:47.401","8984","Change (If We Try) [feat. Abbey Smith]","Camm","Higher Learning",327,-1,-1,-1,"Get Up! Mornings","OTHER","states/US-NAT","US Partner Digital"
"6466_1779906830","2026-05-27 18:33:50","2026-06-03 18:21:48.192","6466","Beethoven: Fidelio, Op. 72c - Overture","André Previn: Royal Philharmonic Orchestra","Beethoven: Symphony #5, Leonore & Fidelio Overtures",399,-1,-1,-1,"Operavore",,"states/US-NAT","US Partner Digital"
"7099_1779906828","2026-05-27 18:33:48","2026-06-03 18:21:54.382","7099","One Bourbon, One Scotch, One Beer","George Thorogood & the Destroyers","George Thorogood & the Destroyers",506,15870521,42067,15870518,"WAY LOUD","OTHER","states/US-NAT","US Partner Digital"
"8987_1779906828","2026-05-27 18:33:48","2026-06-03 18:20:46.509","8987","Change (If We Try) [feat. Abbey Smith]","Camm","Higher Learning",327,-1,-1,-1,"Willie Moore Jr. Show","OTHER","states/US-NAT","US Partner Digital"
"10419_1779906826","2026-05-27 18:33:46","2026-06-03 18:21:09.037","10419","Got a Hold on Me","Christine McVie","Christine McVie",232,5223552,264164,5223546,"THAT 80's CHANNEL",,"states/US-NAT","US Partner Digital"
"10775_1779906825","2026-05-27 18:33:45","2026-06-03 18:24:08.016","10775","Let It Be A Hallelujah","Lauren Daigle","Let It Be A Hallelujah",237,342223095,30480349,342223094,"The Light DFW",,"states/US-NAT","US Partner Digital"
"8880_1779906822","2026-05-27 18:33:42","2026-06-03 18:22:39.393","8880","O Tannenbaum (Arr. Meyer)","Leontyne Price, Wiener Singverein, Wiener Grosstadtkinderchor & Herbert von Karajan","Christmas With Leontyne Price",117,19199690,122582,19199685,"YourClassical Holiday","OTHER","states/US-NAT","US Partner Digital"
"11315_1779906819","2026-05-27 18:33:39","2026-06-03 18:24:18.666","11315","Doctor Pressure","Mylo feat. Miami Sound Machine","The Essential Gloria Estefan",204,2563520,32486,2563095,"The EDM Megashuffle",,"states/US-NAT","US Partner Digital"
"11315_1779906813","2026-05-27 18:33:33","2026-06-03 18:24:18.666","11315","Drop the Pressure","Mylo","Destroy Rock & Roll",255,181976310,32486,181976306,"The EDM Megashuffle",,"states/US-NAT","US Partner Digital"
"7867_1779906811","2026-05-27 18:33:31","2026-06-03 18:22:12.934","7867","Eye Love U, But Eye Don't Trust U Anymore","Prince feat. Ani DiFranco","Rave Un2 the Joy Fantastic",215,60273930,3403,60273918,"Purple Current","Prov_American Public Media","states/US-NAT","US Partner Digital"
"9425_1779906803","2026-05-27 18:33:23","2026-06-03 18:20:48.807","9425","The Tracks Of My Tears","Smokey Robinson & the Miracles","Going To A Go-Go",175,65180813,32209,65180812,"Bayology Radio",,"states/US-NAT","US Partner Digital"
"8757_1779906802","2026-05-27 18:33:22","2026-06-03 18:23:10.685","8757","Let's Put It All Back","Mark Mothersbaugh","The Lego® Movie (Original Motion Picture Soundtrack)",122,70463629,32270,70463608,"LEGOLAND Radio","OTHER","states/US-NAT","Kids & Family"
"9319_1779906799","2026-05-27 18:33:19","2026-06-03 18:20:49.355","9319","Hold the Line","Toto","Toto",236,2527019,30393191,2525578,"KBACK Rock Radio","ROCKACTIVE","states/US-NAT","US Partner Digital"
"7680_1779906792","2026-05-27 18:33:12","2026-06-03 18:22:08.004","7680","The Final Countdown","Europe","The Final Countdown (Expanded Edition)",310,2521161,44137,2516021,"Mad Rock Nation","ROCKACTIVE","states/US-NAT","US Partner Digital"
"7869_1779906785","2026-05-27 18:33:05","2026-06-03 18:22:14.269","7869","Lift Me Up","Blessing Offor","Real",201,343122278,335148,343122275,"Family Life Radio","OTHER","states/US-NAT","US Partner Digital"
"8905_1779906783","2026-05-27 18:33:03","2026-06-03 18:22:42.359","8905","I Love Music","The O'Jays","Family Reunion",410,27484481,34155,27484468,"Carolina Gold 93.9 & 106.3","CLASSICHITS","states/US-NAT","US Partner Digital"
"8761_1779906760","2026-05-27 18:32:40","2026-06-03 18:22:35.649","8761","Theme From Mahogany (Do You Know Where You're Going To)","Diana Ross","Diana Ross",204,17001622,38932,17001621,"Rewound Radio",,"states/US-NAT","US Partner Digital"
"8888_1779906756","2026-05-27 18:32:36","2026-06-03 18:22:37.834","8888","Copland: Rodeo - 3. Saturday Night Waltz","Aaron Copland: London Symphony Orchestra","A Copland Celebration, Vol. 1 [Disc 1]",283,-1,-1,-1,"YourClassical Children","OTHER","states/US-NAT","US Partner Digital"
"9034_1779906753","2026-05-27 18:32:33","2026-06-03 18:22:44.309","9034","Party Ain't A Party","Queen Pen","My Melody",249,19085557,41253,19085551,"108 SOUL","RNB","states/US-NAT","US Partner Digital"
"11384_1779906751","2026-05-27 18:32:31","2026-06-03 18:24:26.097","11384","Manca","Felo Le Tee feat. Toss","Contagious",378,169467801,31343310,169467800,"DJ Babydoll Radio",,"states/US-NAT","US Partner Digital"
"11240_1779906745","2026-05-27 18:32:25","2026-06-03 18:24:14.276","11240","Give It To Me Baby","Rick James","Street Songs",246,60891358,39853,60891357,"Soul Radio Coast2coast",,"states/US-NAT","US Partner Digital"
"11318_1779906744","2026-05-27 18:32:24","2026-06-03 18:24:18.618","11318","Big Things Poppin' (Do It)","T.I.","T.I. vs. T.I.P. (Instrumental)",286,73215420,58717,73215418,"DMX Radio",,"states/US-NAT","US Partner Digital"
"11244_1779906743","2026-05-27 18:32:23","2026-06-03 18:24:14.973","11244","Faithful Now","Vertical Worship","Grace Is On Our Side",234,94097093,31727686,94097090,"Total Worship Radio",,"states/US-NAT","US Partner Digital"
"8885_1779906741","2026-05-27 18:32:21","2026-06-03 18:22:37.353","8885","Salt Air, Salt Earth","Maya Beiser","Salt",927,327103797,248646,327103788,"YourClassical Relax","OTHER","states/US-NAT","Classical"
"9339_1779906739","2026-05-27 18:32:19","2026-06-03 18:22:57.578","9339","Tambourine","Eve","Tambourine",193,714468,39890,714467,"DJ KIDNU RADIO","HIPHOPRNB","states/US-NAT","US Partner Digital"
"7548_1779906737","2026-05-27 18:32:17","2026-06-03 18:21:57.712","7548","Living On Video","Trans-X","Trans-X: Original 1983 Recordings",355,205527203,440282,205527202,"DARE FM","ROCKALTERNATIVE","states/US-NAT","US Partner Digital"
"8308_1779906732","2026-05-27 18:32:12","2026-06-03 18:20:39.241","8308","POP DAT THANG","DaBaby","BE MORE GRATEFUL",137,376664458,31596865,376664456,"FUBU Radio",,"states/US-NAT","US Partner Digital"
"9200_1779906730","2026-05-27 18:32:10","2026-06-03 18:21:03.142","9200","Dust On The Bottle","David Lee Murphy","Out With A Bang",224,19314020,40616,19314012,"Knox Country","COUNTRY","TN","Country"
"7863_1779906728","2026-05-27 18:32:08","2026-06-03 18:22:12.485","7863","I Wish","Carl Thomas","Emotional",228,1110025,40246,1110022,"RnR Radio","Prov_Other","states/US-NAT","US Partner Digital"
"8308_1779906723","2026-05-27 18:32:03","2026-06-03 18:20:39.241","8308","STAYING ALIVE","DJ Khaled feat. Drake & Lil Baby","STAYING ALIVE",177,178328590,133337,178328589,"FUBU Radio",,"states/US-NAT","US Partner Digital"
"8757_1779906723","2026-05-27 18:32:03","2026-06-03 18:23:10.685","8757","Batman","Mark Mothersbaugh","The Lego® Movie (Original Motion Picture Soundtrack)",82,70463619,32270,70463608,"LEGOLAND Radio","OTHER","states/US-NAT","Kids & Family"
"7259_1779906714","2026-05-27 18:31:54","2026-06-03 18:20:31.413","7259","Love Is So Good","아이반","Curiosity",198,-1,-1,-1,"Capital Public Radio",,"states/US-NAT","US Partner Digital"
"9903_1779906714","2026-05-27 18:31:54","2026-06-03 18:20:52.325","9903","Days Like These","Luke Combs","The Prequel",221,352293021,30406307,352293018,"Kickin' Kountry Radio","COUNTRY","states/US-NAT","US Partner Digital"
"6294_1779906711","2026-05-27 18:31:51","2026-06-03 18:21:47.931","6294","Wanting Memories","Cantus","That Eternal Day",300,-1,-1,-1,"YourClassical Choral","OTHER","states/US-NAT","Classical"
"9035_1779906711","2026-05-27 18:31:51","2026-06-03 18:22:43.937","9035","Positions","Stryv, Malachiii & Adam Port","Positions",147,335183403,30859958,335183402,"Nexus Radio","OTHER","states/US-NAT","US Partner Digital"
"5254_1779906702","2026-05-27 18:31:42","2026-06-03 18:21:41.828","5254","Do Me Like That","The Paradox","Do Me Like That",210,322918305,33407037,322918304,"WHIP Radio",,"PA","Public Radio"
"8135_1779906700","2026-05-27 18:31:40","2026-06-03 18:20:38.961","8135","Don’t Wake Me Up","Margo Price feat. Jesse Welles","Hard Headed Woman",253,346565085,31106068,346565081,"Folk Alley Fresh Cuts",,"states/US-NAT","US Partner Digital"
"8713_1779906699","2026-05-27 18:31:39","2026-06-03 18:20:41.999","8713","Welcome Back (Theme from Welcome Back, Kotter)","John Sebastian","Welcome Back",170,1084336,1022,1084330,"Smooth 70s",,"states/US-NAT","US Partner Digital"
"10465_1779906693","2026-05-27 18:31:33","2026-06-03 18:21:10.274","10465","Raspberry Beret","Prince & Prince and The Revolution","Around The World In A Day",213,120218053,3403,120218049,"CJ's Awesome 80s",,"states/US-NAT","US Partner Digital"
"11297_1779906692","2026-05-27 18:31:32","2026-06-03 18:24:16.416","11297","Outside","Calvin Harris feat. Ellie Goulding","Motion",226,29114556,60352,29114550,"iPartyRadio: Dance Anthems",,"states/US-NAT","US Partner Digital"
"11302_1779906690","2026-05-27 18:31:30","2026-06-03 18:24:21.565","11302","Proving Me Right","Tucker Wetmore","Proving Me Right",174,364126654,33601651,364126653,"County Line",,"states/US-NAT","US Partner Digital"
"8892_1779906686","2026-05-27 18:31:26","2026-06-03 18:22:42.499","8892","Mozart: Piano Concerto No. 21","Moonlight Jazz Blue","Cafe Piano Listen In The Terrace After The Rain Bliss Cover Of Cafe Jazz",174,-1,-1,-1,"YourClassical Radio","OTHER","states/US-NAT","Classical"
"9771_1779906686","2026-05-27 18:31:26","2026-06-03 18:23:07.546","9771","Forever Yours","Avicii & Sandro Cavazza","Forever Yours",207,312943273,390596,312943272,"Maxima Radio","OTHER","states/US-NAT","US Partner Digital"
"7099_1779906685","2026-05-27 18:31:25","2026-06-03 18:21:54.382","7099","Forte Abraço","Mc Kapela & Mc Don Juan","Forte Abraço",222,140031601,33043951,140031600,"WAY LOUD","OTHER","states/US-NAT","US Partner Digital"
"11300_1779906679","2026-05-27 18:31:19","2026-06-03 18:24:17.162","11300","Left Me Behind","Morgan Wade","Left Me Behind",294,334852698,32945469,334852697,"99.5 THE GULF",,"states/US-NAT","US Partner Digital"
"9657_1779906678","2026-05-27 18:31:18","2026-06-03 18:20:55.776","9657","Holidaze","Lecrae & Jon Bellion","Reconstruction",218,339822319,4046,339822308,"NGEN Radio","HIPHOPRNB","states/US-NAT","US Partner Digital"
"10636_1779906676","2026-05-27 18:31:16","2026-06-03 18:21:11.306","10636","The Man","Aloe Blacc","Lift Your Spirit",255,279996927,17107,279996925,"98.3 BPME ""The Sound""",,"states/US-NAT","US Partner Digital"
"9925_1779906669","2026-05-27 18:31:09","2026-06-03 18:23:42.596","9925","Drift Away","Dobie Gray","Drift Away",237,300533043,9371,300533042,"M2D2 RADIO WERP","ACHOTMODERN","states/US-NAT","US Partner Digital"
"11241_1779906665","2026-05-27 18:31:05","2026-06-03 18:24:14.915","11241","Peace of Mind","Boston","Boston",301,28227474,35143,28227472,"93QFM",,"states/US-NAT","US Partner Digital"
"9886_1779906665","2026-05-27 18:31:05","2026-05-30 06:11:25.570","9886","Earth to God","John Rich","Earth to God",178,111566501,58367,111566500,"The Word Miami","SPANISH","FL","Spanish"
"7376_1779906664","2026-05-27 18:31:04","2026-06-03 18:21:57.750","7376","Who Am I","Casting Crowns","Casting Crowns",325,2539386,89484,2538486,"89.7 Bridge FM","OTHER","NJ","Christian & Gospel"
"9774_1779906664","2026-05-27 18:31:04","2026-06-03 18:23:06.891","9774","Tied Up","Khalid & Lauv","Tied Up",175,398771986,836574,398771985,"LIVE 99.9","CHRPOP","states/US-NAT","US Partner Digital"
"6295_1779906662","2026-05-27 18:31:02","2026-06-03 18:21:48.260","6295","Tennis Court","Lorde","Tennis Court",198,22109489,855855,22109488,"Rock the Cradle","Prov_American Public Media","states/US-NAT","US Partner Digital"
"8887_1779906658","2026-05-27 18:30:58","2026-06-03 18:22:42.400","8887","Fauré / Orch. Ducros: Pavane, Op. 50","Gautier Capuçon","Emotions",380,116506522,30418084,116506513,"YourClassical Sleep","OTHER","states/US-NAT","Classical"
"11314_1779906655","2026-05-27 18:30:55","2026-06-03 18:24:23.463","11314","Hey Look Ma, I Made It","Panic! At the Disco","Pray for the Wicked",169,58512158,58769,58512155,"Alt Rock Variety MEGASHUFFLE",,"states/US-NAT","US Partner Digital"
"9806_1779906653","2026-05-27 18:30:53","2026-06-03 18:20:51.028","9806","Corduroy","Pearl Jam","Vitalogy",276,12953213,6765,12953205,"AlternativeRadio.us","ROCKALTERNATIVE","states/US-NAT","US Partner Digital"
"10629_1779906650","2026-05-27 18:30:50","2026-06-03 18:24:03.771","10629","The First Noël","Andy Williams","The Andy Williams Christmas Album",189,2020289,16425,2020274,"That Christmas Channel",,"states/US-NAT","US Partner Digital"
"11178_1779906647","2026-05-27 18:30:47","2026-06-03 18:24:11.585","11178","Beat It","Michael Jackson","Thriller",258,2486127,6739,2485841,"Power Hits",,"states/US-NAT","US Partner Digital"
"8888_1779906641","2026-05-27 18:30:41","2026-06-03 18:22:37.834","8888","Troisième livre de pièces de clavecin: VI. Le Tic-Toc-Choc ou les Maillotins (Arr. for Harp)","Elizabeth Hainen","Home: Works for Solo Harp",125,50135934,598628,50135930,"YourClassical Children","OTHER","states/US-NAT","US Partner Digital"
"11315_1779906638","2026-05-27 18:30:38","2026-06-03 18:24:18.666","11315","I had a dream...","R3HAB & Izzy Bizu","I had a dream...",159,377553595,30304392,377553594,"The EDM Megashuffle",,"states/US-NAT","US Partner Digital"
"8887_1779906628","2026-05-27 18:30:28","2026-06-03 18:22:42.400","8887","Pavane, Op. 50 (Arr. J. Williams for Guitar & Orchestra)","John Williams, William Goodchild & BBC Concert Orchestra","Classic Williams -- Romance of the Guitar",308,2726379,6833,2722396,"YourClassical Sleep","OTHER","states/US-NAT","Classical"
"11461_1779906626","2026-05-27 18:30:26","2026-06-03 18:24:25.139","11461","Calm Down","Rema & Selena Gomez","Rave & Roses Ultra",219,214914218,30866557,214914196,"DogSled African Radio",,"states/US-NAT","US Partner Digital"
"8761_1779906623","2026-05-27 18:30:23","2026-06-03 18:22:35.649","8761","The Shoop Shoop Song (It's in His Kiss)","Aretha Franklin","Runnin' Out of Fools (Expanded Edition)",144,12794250,42526,12794206,"Rewound Radio",,"states/US-NAT","US Partner Digital"
"11236_1779906620","2026-05-27 18:30:20","2026-06-03 18:24:13.958","11236","Bette Davis Eyes","Kim Carnes","Mistaken Identity",227,59035230,2308,59035229,"DC Sugar95",,"states/US-NAT","US Partner Digital"
"10174_1779906611","2026-05-27 18:30:11","2026-06-03 18:21:05.851","10174","No More","Josh Wilson","That Was Then, This Is Now",249,34256703,33244,34256696,"Family Life Now","OTHER","states/US-NAT","US Partner Digital"
"9737_1779906608","2026-05-27 18:30:08","2026-06-03 18:23:06.106","9737","Say It","Tory Lanez","I Told You",265,41865984,30931995,41865971,"Press Play Radio","HIPHOPRNB","states/US-NAT","US Partner Digital"
"10344_1779906607","2026-05-27 18:30:07","2026-06-03 18:21:08.162","10344","Something's Burning","Kenny Rogers & the First Edition","All Time Greatest Hits, Vol. 1",243,692911,4261,692909,"Real Oldies Music Radio",,"states/US-NAT","US Partner Digital"
"10775_1779906606","2026-05-27 18:30:06","2026-06-03 18:24:08.016","10775","Won't He Do It","We The Kingdom","Won't He Do It",256,268399607,34217934,268399606,"The Light DFW",,"states/US-NAT","US Partner Digital"
"8308_1779906599","2026-05-27 18:29:59","2026-06-03 18:20:39.241","8308","Ever Since U Left Me (I Went Deaf)","French Montana & Max B","Coke Wave 3.5: Narcos",136,368622141,281545,368622136,"FUBU Radio",,"states/US-NAT","US Partner Digital"
"11248_1779906588","2026-05-27 18:29:48","2026-06-03 18:24:15.198","11248","Bola de Cristal","Debi Nova","Gran Ciudad",238,45947013,26524,45947003,"KPOP 24.7 NuWaaV RADIO",,"states/US-NAT","US Partner Digital"
"10419_1779906587","2026-05-27 18:29:47","2026-06-03 18:21:09.037","10419","Cradle Of Love","Billy Idol","Charmed Life",280,46715154,28839,46715148,"THAT 80's CHANNEL",,"states/US-NAT","US Partner Digital"
"6600_1779906584","2026-05-27 18:29:44","2026-06-03 18:21:51.369","6600","Amelotte: Hansel & Gretel - Evening Prayer","Christopher Parkening","Simple Gifts (Sacred Music For Guitar)",279,-1,-1,-1,"Calm by Classical KING","OTHER","states/US-NAT","US Partner Digital"
"11315_1779906579","2026-05-27 18:29:39","2026-06-03 18:24:18.666","11315","Rain","FISHER","Rain",208,376998107,32722017,376998106,"The EDM Megashuffle",,"states/US-NAT","US Partner Digital"
"8905_1779906575","2026-05-27 18:29:35","2026-06-03 18:22:42.359","8905","Jenny Take a Ride","Mitch Ryder & the Detroit Wheels","Take A Ride",203,18371171,59038,18371158,"Carolina Gold 93.9 & 106.3","CLASSICHITS","states/US-NAT","US Partner Digital"
"8890_1779906575","2026-05-27 18:29:35","2026-06-03 18:20:44.675","8890","Symphony in One Movement for Violas and String Basses","James Blachly & Experiential Orchestra","American Counterpoints",480,248214533,42994532,248214527,"YourClassical Black History","OTHER","states/US-NAT","US Partner Digital"
"9739_1779906560","2026-05-27 18:29:20","2026-06-03 18:23:05.854","9739","Talk Dirty To Me","Poison","Look What The Cat Dragged In",223,260449369,24746,260449363,"The Rock Vault","ROCKCLASSIC","states/US-NAT","US Partner Digital"
"7680_1779906557","2026-05-27 18:29:17","2026-06-03 18:22:08.004","7680","Lightning Crashes","Live","Throwing Copper",325,76445053,41289,76445048,"Mad Rock Nation","ROCKACTIVE","states/US-NAT","US Partner Digital"
"9903_1779906553","2026-05-27 18:29:13","2026-06-03 18:20:52.325","9903","Wish You Well","Vincent Mason","Wish You Well",156,312943237,37510525,312943236,"Kickin' Kountry Radio","COUNTRY","states/US-NAT","US Partner Digital"
"8135_1779906547","2026-05-27 18:29:07","2026-06-03 18:20:38.961","8135","BIG MONEY","Jon Batiste","BIG MONEY",153,337845463,31865520,337845462,"Folk Alley Fresh Cuts",,"states/US-NAT","US Partner Digital"
"9339_1779906547","2026-05-27 18:29:07","2026-06-03 18:22:57.578","9339","Truffle Butter","Nicki Minaj, Drake, & Lil Wayne","The Pinkprint",220,51029766,372266,51029746,"DJ KIDNU RADIO","HIPHOPRNB","states/US-NAT","US Partner Digital"
"7869_1779906545","2026-05-27 18:29:05","2026-06-03 18:22:14.269","7869","For the Love of God","Andrew Ripp","For the Love of God",227,336573616,743358,336573615,"Family Life Radio","OTHER","states/US-NAT","US Partner Digital"
"8889_1779906538","2026-05-27 18:28:58","2026-06-03 18:22:42.495","8889","Schumann: Symphony No. 3 in E-Flat Major, Op. 97 ""Rhenish"": I. Lebhaft","Saint Louis Symphony Orchestra, Jerzy Semkow","The Masterpieces - Schumann: Symphony No. 3 in E-Flat Major, Op. 97 ""Rhenish""",589,375879595,602332,375879594,"YourClassical Essentials","OTHER","states/US-NAT","Classical"
"8889_1779906537","2026-05-27 18:28:57","2026-06-03 18:22:42.495","8889","Schumann: Symphony #3 In E Flat, Op. 97, ""Rhenish"" - 1. Lebhaft","Daniel Barenboim: Staatskapelle Berlin","Schumann: The Symphonies",596,-1,-1,-1,"YourClassical Essentials","OTHER","states/US-NAT","Classical"
"9035_1779906533","2026-05-27 18:28:53","2026-06-03 18:22:43.937","9035","I WANNA SHOW YOU","San Holo, RJ Pasin and Alice Aera","I WANNA SHOW YOU",181,366251730,871447,366251729,"Nexus Radio","OTHER","states/US-NAT","US Partner Digital"
"11244_1779906531","2026-05-27 18:28:51","2026-06-03 18:24:14.973","11244","I've Witnessed It","Passion & Melodie Malone","I've Witnessed It",268,207578351,15478,207578337,"Total Worship Radio",,"states/US-NAT","US Partner Digital"
"8163_1779906529","2026-05-27 18:28:49","2026-06-03 18:22:17.565","8163","Ohio (Come To Texas)","Bowling for Soup & Scott Simons","A Nice Night For An Evening, Vol. 1",291,299774030,57672,299774029,"Folk Alley Holiday","OTHER","states/US-NAT","US Partner Digital"
"11301_1779906528","2026-05-27 18:28:48","2026-06-03 18:24:16.693","11301","Turn This Truck Around","Jordan Davis","Turn This Truck Around",203,340887509,404877,340887508,"99.5 THE STAR",,"states/US-NAT","US Partner Digital"
"11384_1779906524","2026-05-27 18:28:44","2026-06-03 18:24:26.097","11384","Mpolaye","Dlala Regal feat. Maximum & Cowboy","Mpolaye",195,180256324,35418677,180256323,"DJ Babydoll Radio",,"states/US-NAT","US Partner Digital"
"5254_1779906523","2026-05-27 18:28:43","2026-06-03 18:21:41.828","5254","Blow My Mind","Robyn","Sexistential",177,388204630,40718,388204627,"WHIP Radio",,"PA","Public Radio"
"7863_1779906522","2026-05-27 18:28:42","2026-06-03 18:22:12.485","7863","Murder Was The Case","Snoop Dogg","Doggystyle",217,207314309,8708,207314303,"RnR Radio","Prov_Other","states/US-NAT","US Partner Digital"
"10465_1779906518","2026-05-27 18:28:38","2026-06-03 18:21:10.274","10465","Whip It","Devo","Freedom of Choice",157,28170847,6172,28170844,"CJ's Awesome 80s",,"states/US-NAT","US Partner Digital"
"9889_1779906515","2026-05-27 18:28:35","2026-06-03 18:23:08.254","9889","Triple Lavada","Esau Ortiz, Luis R Conriquez, Oscar Maydon, Alemán feat. Victor Mendivil","Discontrol",287,354364375,36733603,354364361,"La Invasora 94.7","SPANISH","states/US-NAT","US Partner Digital"
"9570_1779906513","2026-05-27 18:28:33","2026-06-03 18:20:50.187","9570","Cocaine","Eric Clapton","Slowhand 35th Anniversary",221,20075284,39635,20075283,"Oldies.Gold","CLASSICHITS","states/US-NAT","US Partner Digital"
"11392_1779906512","2026-05-27 18:28:32","2026-06-03 18:24:20.956","11392","Easy Living","Paul Desmond","Easy Living",428,3823870,39527,3823865,"Easy Jazz FM",,"states/US-NAT","US Partner Digital"
"11314_1779906502","2026-05-27 18:28:22","2026-06-03 18:24:23.463","11314","She Moves In Her Own Way","The Kooks","Inside In, Inside Out",168,142957116,33494,142957109,"Alt Rock Variety MEGASHUFFLE",,"states/US-NAT","US Partner Digital"
"11302_1779906500","2026-05-27 18:28:20","2026-06-03 18:24:21.565","11302","Once Upon A Bottle Of Wine (feat. Charlie Wilson)","Scotty McCreery feat. Charlie Wilson","Once Upon A Bottle Of Wine (feat. Charlie Wilson)",204,335020595,608800,335020594,"County Line",,"states/US-NAT","US Partner Digital"
"7548_1779906500","2026-05-27 18:28:20","2026-06-03 18:21:57.712","7548","Starlight","Cannons","Starlight",201,376107498,452576,376107497,"DARE FM","ROCKALTERNATIVE","states/US-NAT","US Partner Digital"
"8892_1779906498","2026-05-27 18:28:18","2026-06-03 18:22:42.499","8892","Watchman, What Is Left Of The Night?","Greycoats","Setting Fire to the Great Unknown",313,-1,-1,-1,"YourClassical Radio","OTHER","states/US-NAT","Classical"
"8136_1779906497","2026-05-27 18:28:17","2026-06-03 18:20:39.187","8136","In the Shadows 2k19","DJ Gollum & A. Spencer","In the Shadows 2k19",239,81470632,782777,81470621,"Folk Alley Irish Stream",,"states/US-NAT","US Partner Digital"
"9774_1779906483","2026-05-27 18:28:03","2026-06-03 18:23:06.891","9774","Jaded","Miley Cyrus","Endless Summer Vacation",185,207351850,42281,207351848,"LIVE 99.9","CHRPOP","states/US-NAT","US Partner Digital"
"9251_1779906482","2026-05-27 18:28:02","2026-06-03 18:20:48.475","9251","Carry Out (Featuring Justin Timberlake)","Timbaland feat. Justin Timberlake","Shock Value II",232,2047427,31277,2047424,"Hype 1 Radio",,"states/US-NAT","US Partner Digital"
"11240_1779906480","2026-05-27 18:28:00","2026-06-03 18:24:14.276","11240","If I Were Your Woman","Gladys Knight & the Pips","If I Were Your Woman",196,82748639,3868,82748638,"Soul Radio Coast2coast",,"states/US-NAT","US Partner Digital"
"6155_1779906478","2026-05-27 18:27:58","2026-06-03 18:21:47.925","6155","Les passantes","Pierre Richard","Brassens sur Parole(s)",249,43102665,583921,43102659,"New Sounds",,"states/US-NAT","US Partner Digital"
"9200_1779906471","2026-05-27 18:27:51","2026-06-03 18:21:03.142","9200","Chevy Silverado","Bailey Zimmerman","Chevy Silverado",221,342221945,35706214,342221944,"Knox Country","COUNTRY","TN","Country"
"9737_1779906465","2026-05-27 18:27:45","2026-06-03 18:23:06.106","9737","Wassup Gway","Famous Sally & YB","Wassup Gway",144,235482447,41877615,235482446,"Press Play Radio","HIPHOPRNB","states/US-NAT","US Partner Digital"
"11300_1779906456","2026-05-27 18:27:36","2026-06-03 18:24:17.162","11300","Better That Way","Charles Wesley Godwin & Luke Combs","Better That Way",225,400953410,32690936,400953409,"99.5 THE GULF",,"states/US-NAT","US Partner Digital"
"6295_1779906445","2026-05-27 18:27:25","2026-06-03 18:21:48.260","6295","Tropicalia","Beck","Mutations",200,624076,11447,624066,"Rock the Cradle","Prov_American Public Media","states/US-NAT","US Partner Digital"
"8987_1779906443","2026-05-27 18:27:23","2026-06-03 18:20:46.509","8987","Hold On (feat. Monica & Fred Hammond)","James Fortune & FIYA","Identity",316,16463590,30009117,16463580,"Willie Moore Jr. Show","OTHER","states/US-NAT","US Partner Digital"
"10775_1779906439","2026-05-27 18:27:19","2026-06-03 18:24:08.016","10775","The Me That Remains","Amy Grant","The Me That Remains",225,379320119,3053,379320113,"The Light DFW",,"states/US-NAT","US Partner Digital"
"9925_1779906434","2026-05-27 18:27:14","2026-06-03 18:23:42.596","9925","I Just Want To Be Your Everything","Andy Gibb","Flowing Rivers",227,49044761,120615,49044760,"M2D2 RADIO WERP","ACHOTMODERN","states/US-NAT","US Partner Digital"
"7680_1779906432","2026-05-27 18:27:12","2026-06-03 18:22:08.004","7680","The Rock Show","blink-182","Take Off Your Pants And Jacket",171,615522,6573,615511,"Mad Rock Nation","ROCKACTIVE","states/US-NAT","US Partner Digital"
"10629_1779906431","2026-05-27 18:27:11","2026-06-03 18:24:03.771","10629","Sleigh Ride","John Williams;Boston Pops Orchestra","Joy To The World",172,51581094,30404622,51581082,"That Christmas Channel",,"states/US-NAT","US Partner Digital"
"10344_1779906421","2026-05-27 18:27:01","2026-06-03 18:21:08.162","10344","Cecilia","Simon & Garfunkel","Bridge Over Troubled Water",174,29333263,59455,29333260,"Real Oldies Music Radio",,"states/US-NAT","US Partner Digital"
"8761_1779906415","2026-05-27 18:26:55","2026-06-03 18:22:35.649","8761","Devil Woman","Cliff Richard","I'm Nearly Famous",214,429050,13286,429042,"Rewound Radio",,"states/US-NAT","US Partner Digital"
"8905_1779906411","2026-05-27 18:26:51","2026-06-03 18:22:42.359","8905","Heat Wave","Linda Ronstadt","Prisoner In Disguise",166,1004440,31935,1004434,"Carolina Gold 93.9 & 106.3","CLASSICHITS","states/US-NAT","US Partner Digital"
"6466_1779906407","2026-05-27 18:26:47","2026-06-03 18:21:48.192","6466","Fantasia in D Minor, K.397","Alfred Brendel","Mozart: Piano Sonatas K.310, K.311 & K.533/494",319,19238756,116603,19238752,"Operavore",,"states/US-NAT","US Partner Digital"
"10174_1779906405","2026-05-27 18:26:45","2026-06-03 18:21:05.851","10174","Trust in You","Lauren Daigle","How Can It Be",211,129988405,30480349,129988402,"Family Life Now","OTHER","states/US-NAT","US Partner Digital"
"11241_1779906405","2026-05-27 18:26:45","2026-06-03 18:24:14.915","11241","I Don't Believe In Love","Queensrÿche","Operation: Mindcrime",263,509927,40598,509904,"93QFM",,"states/US-NAT","US Partner Digital"
"8308_1779906404","2026-05-27 18:26:44","2026-06-03 18:20:39.241","8308","squabble up","Kendrick Lamar","GNX",157,300348398,432004,300348396,"FUBU Radio",,"states/US-NAT","US Partner Digital"
"8889_1779906397","2026-05-27 18:26:37","2026-06-03 18:22:42.495","8889","Bach: Well-Tempered Clavier, Book 1 - Fugue #1 In C, BWV 846","Angela Hewitt","Bach: The Well-Tempered Clavier, Book 1 [Disc 1]",115,-1,-1,-1,"YourClassical Essentials","OTHER","states/US-NAT","Classical"
"8889_1779906396","2026-05-27 18:26:36","2026-06-03 18:22:42.495","8889","Bach: The Well-Tempered Clavier, Book 1 - Fugue #1 In C, BWV 846","Glenn Gould","Bach: The Well-Tempered Clavier, Book 1 [Disc 1]",116,-1,-1,-1,"YourClassical Essentials","OTHER","states/US-NAT","Classical"
"9806_1779906392","2026-05-27 18:26:32","2026-06-03 18:20:51.028","9806","Heart-Shaped Box","Nirvana","In Utero",281,23302895,40473,23302892,"AlternativeRadio.us","ROCKALTERNATIVE","states/US-NAT","US Partner Digital"
"10419_1779906383","2026-05-27 18:26:23","2026-06-03 18:21:09.037","10419","Hold the Line","Toto","Toto",236,2527019,30393191,2525578,"THAT 80's CHANNEL",,"states/US-NAT","US Partner Digital"
"8984_1779906383","2026-05-27 18:26:23","2026-06-03 18:20:47.401","8984","Hold On (feat. Monica & Fred Hammond)","James Fortune & FIYA","Identity",316,16463590,30009117,16463580,"Get Up! Mornings","OTHER","states/US-NAT","US Partner Digital"
"11315_1779906372","2026-05-27 18:26:12","2026-06-03 18:24:18.666","11315","New Rules","Dua Lipa","Dua Lipa",274,63196048,30983282,63196023,"The EDM Megashuffle",,"states/US-NAT","US Partner Digital"
"9034_1779906370","2026-05-27 18:26:10","2026-06-03 18:22:44.309","9034","Just A Lil Bit","50 Cent","The Massacre",237,730058,179,730038,"108 SOUL","RNB","states/US-NAT","US Partner Digital"
"9657_1779906370","2026-05-27 18:26:10","2026-06-03 18:20:55.776","9657","WOKE UP THIS MORNING","Forrest Frank & Nathan Davis Jr.","CHILD OF GOD II",133,327130862,39644335,327130854,"NGEN Radio","HIPHOPRNB","states/US-NAT","US Partner Digital"
"10636_1779906369","2026-05-27 18:26:09","2026-06-03 18:21:11.306","10636","Stay","Jodeci","Forever My Lady",311,15053799,39496,15053798,"98.3 BPME ""The Sound""",,"states/US-NAT","US Partner Digital"
"11178_1779906368","2026-05-27 18:26:08","2026-06-03 18:24:11.585","11178","Master Blaster (Jammin')","Stevie Wonder","Hotter Than July",307,590486,3404,590485,"Power Hits",,"states/US-NAT","US Partner Digital"
"8886_1779906366","2026-05-27 18:26:06","2026-06-03 18:20:44.984","8886","The Long Wave","Jeroen Elfferich","Himmel: Minimal Music For 2 Pianos",801,38415047,30953688,38415038,"YourClassical Chamber Music","OTHER","states/US-NAT","US Partner Digital"
"8982_1779906351","2026-05-27 18:25:51","2026-06-03 18:20:47.083","8982","In My Foreign (feat. Ty Dolla $ign, Lil Yachty, Nicky Jam & French Montana)","The Americanos","In My Foreign (feat. Ty Dolla $ign, Lil Yachty, Nicky Jam & French Montana)",217,43509791,30051886,43509790,"Rickey Smiley Morning Show",,"states/US-NAT","US Partner Digital"
"8986_1779906350","2026-05-27 18:25:50","2026-06-03 18:20:46.997","8986","In My Foreign (feat. Ty Dolla $ign, Lil Yachty, Nicky Jam & French Montana)","The Americanos","In My Foreign (feat. Ty Dolla $ign, Lil Yachty, Nicky Jam & French Montana)",217,43509791,30051886,43509790,"The DL Hughley Show",,"states/US-NAT","US Partner Digital"
"9903_1779906348","2026-05-27 18:25:48","2026-06-03 18:20:52.325","9903","Heartache Medication","Jon Pardi","Heartache Medication",208,112127300,727632,112127298,"Kickin' Kountry Radio","COUNTRY","states/US-NAT","US Partner Digital"
"8136_1779906343","2026-05-27 18:25:43","2026-06-03 18:20:39.187","8136","Song For You","Rhye","Blood Remixed",347,64393926,683277,64393919,"Folk Alley Irish Stream",,"states/US-NAT","US Partner Digital"
"9034_1779906334","2026-05-27 18:25:34","2026-06-03 18:22:44.309","9034","Stay","Ne-Yo feat. Peedi Peedi","In My Own Words",231,842162,39446,842149,"108 SOUL","RNB","states/US-NAT","US Partner Digital"
"9425_1779906334","2026-05-27 18:25:34","2026-06-03 18:20:48.807","9425","What's Luv? (feat. Ashanti)","Fat Joe","What's Luv? (feat. Ashanti)",266,1015990,33156,1015989,"Bayology Radio",,"states/US-NAT","US Partner Digital"
"9657_1779906329","2026-05-27 18:25:29","2026-06-03 18:20:55.776","9657","Holy Ground","Tedashii","This Time Around 2",171,186417927,482664,186417925,"NGEN Radio","HIPHOPRNB","states/US-NAT","US Partner Digital"
"9034_1779906319","2026-05-27 18:25:19","2026-06-03 18:22:44.309","9034","Just A Lil Bit","50 Cent","The Massacre",237,730058,179,730038,"108 SOUL","RNB","states/US-NAT","US Partner Digital"
"9200_1779906317","2026-05-27 18:25:17","2026-06-03 18:21:03.142","9200","Good Times & Tan Lines","Zach Top","Ain't In It For My Health",160,332965214,36074844,332965212,"Knox Country","COUNTRY","TN","Country"
"11384_1779906316","2026-05-27 18:25:16","2026-06-03 18:24:26.097","11384","Ba Straata","Dj Maphorisa & Visca feat. 2woshortrsa, Stompiiey, ShaunMusiQ & Ftears & Madumane","Ba Straata",402,190300805,38959445,190300804,"DJ Babydoll Radio",,"states/US-NAT","US Partner Digital"
"11318_1779906305","2026-05-27 18:25:05","2026-06-03 18:24:18.618","11318","I Know You See It (feat. Brandy ""Ms. B"" Hambrick)","Yung Joc","New Joc City",240,1015638,58656,1015626,"DMX Radio",,"states/US-NAT","US Partner Digital"
"8713_1779906298","2026-05-27 18:24:58","2026-06-03 18:20:41.999","8713","Beginnings","Chicago","Chicago Transit Authority",386,69557887,5663,69557884,"Smooth 70s",,"states/US-NAT","US Partner Digital"
"8989_1779906295","2026-05-27 18:24:55","2026-06-03 18:22:43.631","8989","4. Finale (Vivace)","Academy of St. Martin in the Fields","Haydn: The Paris Symphonies Nos. 82-87",334,19316710,30702257,19316703,"K-Mozart","OTHER","states/US-NAT","US Partner Digital"
"11236_1779906294","2026-05-27 18:24:54","2026-06-03 18:24:13.958","11236","Fox On The Run","Sweet","Desolation Boulevard",204,539007,3294,539000,"DC Sugar95",,"states/US-NAT","US Partner Digital"
"6600_1779906293","2026-05-27 18:24:53","2026-06-03 18:21:51.369","6600","2. Andante","András Schiff Piano","Bach, J.S.: French Suites Nos. 1-6/Italian Concerto etc.",287,19319124,31314539,19319090,"Calm by Classical KING","OTHER","states/US-NAT","US Partner Digital"
"11297_1779906287","2026-05-27 18:24:47","2026-06-03 18:24:16.416","11297","Touch Me (All Night Long)","Cathy Dennis","Move To This",246,127859165,42595,127859163,"iPartyRadio: Dance Anthems",,"states/US-NAT","US Partner Digital"
"10418_1779906285","2026-05-27 18:24:45","2026-06-03 18:21:08.959","10418","God Really Loves Us","Crowder & Dante Bowe feat. Maverick City Music","Milk & Honey",263,161387288,30040185,161387281,"Christian Hits FM","OTHER","states/US-NAT","US Partner Digital"
"7548_1779906284","2026-05-27 18:24:44","2026-06-03 18:21:57.712","7548","Lose Your Love","Blancmange","Believe You Me",244,53227795,30057317,53227794,"DARE FM","ROCKALTERNATIVE","states/US-NAT","US Partner Digital"
"9658_1779906284","2026-05-27 18:24:44","2026-06-03 18:23:04.100","9658","¡Alabo!","TAYA & ECCOS","The Reminder",241,395650900,37742651,395650887,"Vida Unida, Nationwide","SPANISH","states/US-NAT","US Partner Digital"
"8983_1779906281","2026-05-27 18:24:41","2026-06-03 18:20:46.191","8983","Burning Blue","Mariah the Scientist","Burning Blue",205,326209459,33233764,326209458,"The Morning Hustle",,"states/US-NAT","US Partner Digital"
"9774_1779906280","2026-05-27 18:24:40","2026-06-03 18:23:06.891","9774","The Best","Conan Gray","Wishbone Deluxe",228,396763769,32472091,396763752,"LIVE 99.9","CHRPOP","states/US-NAT","US Partner Digital"
"6600_1779906278","2026-05-27 18:24:38","2026-06-03 18:21:51.369","6600","Italian Concerto in F Major, BWV 971: II. Andante","Joseph Banowetz","Classical Romance, Vol. 4",311,26630881,109544,26630877,"Calm by Classical KING","OTHER","states/US-NAT","US Partner Digital"
"8889_1779906278","2026-05-27 18:24:38","2026-06-03 18:22:42.495","8889","J.S. Bach: The Well-Tempered Clavier: Book 1, BWV 846-869 - Prelude and Fugue in C Major, BWV 846","András Schiff","Bach, J.S.: Das Wohltemperierte Klavier I",234,19325954,30526012,19325953,"YourClassical Essentials","OTHER","states/US-NAT","Classical"
"6600_1779906277","2026-05-27 18:24:37","2026-06-03 18:21:51.369","6600","2. Andante","Alicia de Larrocha","The Art of Alicia de Larrocha",308,19252408,35493,19252393,"Calm by Classical KING","OTHER","states/US-NAT","US Partner Digital"
"6600_1779906276","2026-05-27 18:24:36","2026-06-03 18:21:51.369","6600","Bach: Italian Concerto In F, BWV 971 - 2. Andante","Rafał Blechacz","Johann Sebastian Bach",295,-1,-1,-1,"Calm by Classical KING","OTHER","states/US-NAT","US Partner Digital"
"10465_1779906275","2026-05-27 18:24:35","2026-06-03 18:21:10.274","10465","Dancing In the Dark","Bruce Springsteen","Born In The U.S.A.",244,1794578,3613,1794487,"CJ's Awesome 80s",,"states/US-NAT","US Partner Digital"
"9737_1779906273","2026-05-27 18:24:33","2026-06-03 18:23:06.106","9737","40 Days n 40 Nights","Mariah the Scientist feat. Vory","To Be Eaten Alive",196,239339719,33233764,239339715,"Press Play Radio","HIPHOPRNB","states/US-NAT","US Partner Digital"
"8889_1779906272","2026-05-27 18:24:32","2026-06-03 18:22:42.495","8889","Bach: Well-Tempered Clavier, Book 1 - Prelude #1 In C, BWV 846","Angela Hewitt","Bach: The Well-Tempered Clavier, Book 1 [Disc 1]",128,-1,-1,-1,"YourClassical Essentials","OTHER","states/US-NAT","Classical"
"11461_1779906271","2026-05-27 18:24:31","2026-06-03 18:24:25.139","11461","Boots on the Ground","803Fresh","Boots on the Ground",202,322226425,41358149,322226424,"DogSled African Radio",,"states/US-NAT","US Partner Digital"
"7863_1779906271","2026-05-27 18:24:31","2026-06-03 18:22:12.485","7863","What About Your Friends","TLC","Ooooooohhh... On The TLC Tip",293,2543551,89006,2539220,"RnR Radio","Prov_Other","states/US-NAT","US Partner Digital"
"6466_1779906270","2026-05-27 18:24:30","2026-06-03 18:21:48.192","6466","Die Zauberflöte, K. 620: Der Hölle Rache kocht in meinem Herzen","Simone Kermes, Concerto Köln & Christoph-Mathias Mueller","Simone Kermes: Bel Canto",174,23813393,474141,23813347,"Operavore",,"states/US-NAT","US Partner Digital"
"10344_1779906269","2026-05-27 18:24:29","2026-06-03 18:21:08.162","10344","For You Blue","The Beatles","Let It Be... Naked",152,235800882,591,235800879,"Real Oldies Music Radio",,"states/US-NAT","US Partner Digital"
"6600_1779906269","2026-05-27 18:24:29","2026-06-03 18:21:51.369","6600","Italian Concerto In F Major, BWV 971 - Andante","Dubravka Tomsic","Italian Concerto In F, Partita No 1, Toccata In D",328,2437817,46236,2437815,"Calm by Classical KING","OTHER","states/US-NAT","US Partner Digital"
"6600_1779906267","2026-05-27 18:24:27","2026-06-03 18:21:51.369","6600","Italian Concerto In F Major, BWV 971 - Andante","Dubravka Tomsic","Italian Concerto In F, Partita No 1, Toccata In D",328,2437817,46236,2437815,"Calm by Classical KING","OTHER","states/US-NAT","US Partner Digital"
"11300_1779906266","2026-05-27 18:24:26","2026-06-03 18:24:17.162","11300","Painted You Pretty","Hudson Westbrook","Texas Forever",191,341123781,42790194,341123778,"99.5 THE GULF",,"states/US-NAT","US Partner Digital"
"8986_1779906265","2026-05-27 18:24:25","2026-06-03 18:20:46.997","8986","Get Money","Junior M.A.F.I.A.","Conspiracy",273,8862307,59864,8862300,"The DL Hughley Show",,"states/US-NAT","US Partner Digital"
"7342_1779906264","2026-05-27 18:24:24","2026-06-03 18:21:57.423","7342","Happiness","DJ Territo","Happiness",289,91729145,30839560,91729137,"WABE 90.1 HD2 Classical",,"states/US-NAT","US Partner Digital"
"6466_1779906259","2026-05-27 18:24:19","2026-06-03 18:21:48.192","6466","Die Zauberflöte, K.620: Der Hölle Rache","Natalie Dessay/Orchestra of the Age of Enlightenment/Louis Langree","Mozart Heroines",185,23062938,30301915,23062937,"Operavore",,"states/US-NAT","US Partner Digital"
"11240_1779906258","2026-05-27 18:24:18","2026-06-03 18:24:14.276","11240","Slow Down","Bobby V","Disturbing Tha Peace Presents Bobby Valentino",258,68209015,679089,68209013,"Soul Radio Coast2coast",,"states/US-NAT","US Partner Digital"
"6600_1779906258","2026-05-27 18:24:18","2026-06-03 18:21:51.369","6600","II. Andante","Glenn Gould","Top 10 Glenn Gould",356,44091985,2290,44091977,"Calm by Classical KING","OTHER","states/US-NAT","US Partner Digital"
"9657_1779906252","2026-05-27 18:24:12","2026-06-03 18:20:55.776","9657","大孤","于冬然","大孤",231,-1,-1,-1,"NGEN Radio","HIPHOPRNB","states/US-NAT","US Partner Digital"
"9658_1779906250","2026-05-27 18:24:10","2026-06-03 18:23:04.100","9658","Worship!","TAYA","One And Only",241,311713461,37742651,311713459,"Vida Unida, Nationwide","SPANISH","states/US-NAT","US Partner Digital"
"9658_1779906247","2026-05-27 18:24:07","2026-06-03 18:23:04.100","9658","¡Alabo!","TAYA & ECCOS","The Reminder",241,395650900,37742651,395650887,"Vida Unida, Nationwide","SPANISH","states/US-NAT","US Partner Digital"
"8761_1779906246","2026-05-27 18:24:06","2026-06-03 18:22:35.649","8761","Monday Morning","Fleetwood Mac","Fleetwood Mac",167,1023237,7046,1023236,"Rewound Radio",,"states/US-NAT","US Partner Digital"
"9889_1779906245","2026-05-27 18:24:05","2026-06-03 18:23:08.254","9889","Guaracha En Reggaetonlandia","2Deep","Guaracha En Reggaetonlandia",145,188040899,327714,188040898,"La Invasora 94.7","SPANISH","states/US-NAT","US Partner Digital"
"7099_1779906243","2026-05-27 18:24:03","2026-06-03 18:21:54.382","7099","Insomnia","Dirty Heads","Any Port In A Storm",226,573333,39523,573321,"WAY LOUD","OTHER","states/US-NAT","US Partner Digital"
"8982_1779906241","2026-05-27 18:24:01","2026-06-03 18:20:47.083","8982","Get Money","Junior M.A.F.I.A.","Conspiracy",273,8862307,59864,8862300,"Rickey Smiley Morning Show",,"states/US-NAT","US Partner Digital"
"7342_1779906237","2026-05-27 18:23:57","2026-06-03 18:21:57.423","7342","Pinocchio","Magun","Pinocchio",172,102728317,34520949,102728316,"WABE 90.1 HD2 Classical",,"states/US-NAT","US Partner Digital"
"11260_1779906234","2026-05-27 18:23:54","2026-06-03 18:24:15.511","11260","drop dead","Olivia Rodrigo","drop dead",224,395031026,31351268,395031025,"The Juice",,"states/US-NAT","US Partner Digital"
"10775_1779906221","2026-05-27 18:23:41","2026-06-03 18:24:08.016","10775","Desperate","Jamie MacDonald","Left It In The River",210,342015860,44664424,342015858,"The Light DFW",,"states/US-NAT","US Partner Digital"
"8905_1779906220","2026-05-27 18:23:40","2026-06-03 18:22:42.359","8905","We Gotta Get Out Of This Place","The Animals","Animal Tracks",194,40310005,1035,40309992,"Carolina Gold 93.9 & 106.3","CLASSICHITS","states/US-NAT","US Partner Digital"
"9034_1779906216","2026-05-27 18:23:36","2026-06-03 18:22:44.309","9034","Get Light","Nas","King's Disease III",172,190177415,39228,190177402,"108 SOUL","RNB","states/US-NAT","US Partner Digital"
"7259_1779906213","2026-05-27 18:23:33","2026-06-03 18:20:31.413","7259","Piano Concerto No. 17 in G Major, K. 453: III. Allegretto - Presto","Columbia Symphony Orchestra&Wolfgang Amadeus Mozart&Leonard Bernstein","Mozart: Piano Concertos Nos. 15 & 17 ((Remastered))",474,-1,-1,-1,"Capital Public Radio",,"states/US-NAT","US Partner Digital"
"9570_1779906213","2026-05-27 18:23:33","2026-06-03 18:20:50.187","9570","Whipping Post","The Allman Brothers Band","The Allman Brothers Band",316,41439716,39408,41439702,"Oldies.Gold","CLASSICHITS","states/US-NAT","US Partner Digital"
"9727_1779906211","2026-05-27 18:23:31","2026-06-03 18:23:10.272","9727","Dreamer","The B. B. & Q. Band","Genie",347,71911994,550389,71911987,"FreeAgentSoul","RNB","states/US-NAT","US Partner Digital"
"6295_1779906210","2026-05-27 18:23:30","2026-06-03 18:21:48.260","6295","Just Can't Get Enough","Depeche Mode","Speak & Spell",224,263028350,2151,263028339,"Rock the Cradle","Prov_American Public Media","states/US-NAT","US Partner Digital"
"9806_1779906202","2026-05-27 18:23:22","2026-06-03 18:20:51.028","9806","Shimmer","Fuel","Sunburn",213,2531537,89598,2525593,"AlternativeRadio.us","ROCKALTERNATIVE","states/US-NAT","US Partner Digital"
"11241_1779906201","2026-05-27 18:23:21","2026-06-03 18:24:14.915","11241","Give A Little Bit","Supertramp","Even In The Quietest Moments...",248,387378181,39262,387378180,"93QFM",,"states/US-NAT","US Partner Digital"
"9771_1779906199","2026-05-27 18:23:19","2026-06-03 18:23:07.546","9771","Location","Zerb, Ty Dolla $ign and Wiz Khalifa","Location",147,303573629,31880075,303573628,"Maxima Radio","OTHER","states/US-NAT","US Partner Digital"
"9903_1779906192","2026-05-27 18:23:12","2026-06-03 18:20:52.325","9903","Brunette","Tucker Wetmore","What Not To",138,324756455,33601651,324756449,"Kickin' Kountry Radio","COUNTRY","states/US-NAT","US Partner Digital"
"8889_1779906189","2026-05-27 18:23:09","2026-06-03 18:22:42.495","8889","Symphony No. 94 in G Major ""Surprise"": IV. Finale: Allegro molto","Oliver Dohnanyi & Slovak Philharmonic Orchestra","Haydn: Symphony Nos. 104 & 94 'Surprise'",253,872673,143826,872670,"YourClassical Essentials","OTHER","states/US-NAT","Classical"
"7342_1779906180","2026-05-27 18:23:00","2026-06-03 18:21:57.423","7342","Rodrigo: Concierto Serenata - 1. Estudiantina","Nicanor Zabaleta; Ernst Märzendorfer: Berlin Radio Symphony Orchestra","The Splendour Of The Harp [Disc 1]",497,-1,-1,-1,"WABE 90.1 HD2 Classical",,"states/US-NAT","US Partner Digital"
"9339_1779906175","2026-05-27 18:22:55","2026-06-03 18:22:57.578","9339","1, 2 Step","Ciara featuring Missy Elliott","Goodies",203,2488406,28577,2488031,"DJ KIDNU RADIO","HIPHOPRNB","states/US-NAT","US Partner Digital"
"11392_1779906174","2026-05-27 18:22:54","2026-06-03 17:17:03.457","11392","It's Easy To Remember","John Coltrane Quartet","Ballads",169,611389,40674,611386,"Easy Jazz FM",,"states/US-NAT","US Partner Digital"
"11248_1779906172","2026-05-27 18:22:52","2026-06-03 17:17:00.135","11248","Running (Acoustic)","Jessie Ware","Acoustic",236,-1,-1,-1,"KPOP 24.7 NuWaaV RADIO",,"states/US-NAT","US Partner Digital"
"8135_1779906172","2026-05-27 18:22:52","2026-06-03 18:20:38.961","8135","Texas Gales","Billy Strings, Bryan Sutton","Live At The Legion",205,322298888,31220299,322298883,"Folk Alley Fresh Cuts",,"states/US-NAT","US Partner Digital"
"9925_1779906167","2026-05-27 18:22:47","2026-06-03 17:16:36.484","9925","Thunder Island","Jay Ferguson","Thunder Island",240,1042451,21398,1042450,"M2D2 RADIO WERP","ACHOTMODERN","states/US-NAT","US Partner Digital"
"9737_1779906158","2026-05-27 18:22:38","2026-06-03 18:23:06.106","9737","Going To The Top","DDG","Going To The Top",115,256956589,86710,256956588,"Press Play Radio","HIPHOPRNB","states/US-NAT","US Partner Digital"
"9772_1779906154","2026-05-27 18:22:34","2026-06-03 18:23:06.923","9772","The Only Noise","Snow Patrol","The Only Noise",173,398279265,40171,398279264,"Traklife Radio","ACHOTMODERN","states/US-NAT","US Partner Digital"
"8892_1779906151","2026-05-27 18:22:31","2026-06-03 18:22:42.499","8892","Rodrigo: Concierto Serenata - 1. Estudiantina","Nicanor Zabaleta; Ernst Märzendorfer: Berlin Radio Symphony Orchestra","The Splendour Of The Harp [Disc 1]",497,-1,-1,-1,"YourClassical Radio","OTHER","states/US-NAT","Classical"
"7680_1779906145","2026-05-27 18:22:25","2026-06-03 18:22:08.004","7680","Barracuda","Heart","Little Queen",262,2522502,30587,2520812,"Mad Rock Nation","ROCKACTIVE","states/US-NAT","US Partner Digital"
"8989_1779906142","2026-05-27 18:22:22","2026-06-03 18:22:43.631","8989","Symphony in C Major, Hob. I: 82: IV. Vivace","Various Artists","Legendary Performances: The Symphony Orchestra",346,40638273,6,40638271,"K-Mozart","OTHER","states/US-NAT","US Partner Digital"
"9425_1779906140","2026-05-27 18:22:20","2026-06-03 18:20:48.807","9425","Outstanding","The Gap Band","The Gap Band IV",198,2047232,34968,2047228,"Bayology Radio",,"states/US-NAT","US Partner Digital"
"8892_1779906138","2026-05-27 18:22:18","2026-06-03 18:22:42.499","8892","Rodrigo: Concierto Serenata - 1. Estudiantina","Nicanor Zabaleta; Ernst Märzendorfer: Berlin Radio Symphony Orchestra","The Splendour Of The Harp [Disc 1]",497,-1,-1,-1,"YourClassical Radio","OTHER","states/US-NAT","Classical"
"9200_1779906124","2026-05-27 18:22:04","2026-06-03 18:21:03.142","9200","Need A Favor","Jelly Roll","Whitsitt Chapel",196,375583961,40379,375583950,"Knox Country","COUNTRY","TN","Country"
"8308_1779906120","2026-05-27 18:22:00","2026-06-03 18:20:39.241","8308","Panda","Desiigner","New English",246,41138697,31149322,41138683,"FUBU Radio",,"states/US-NAT","US Partner Digital"
"11302_1779906115","2026-05-27 18:21:55","2026-06-03 17:17:00.817","11302","Time Goes On","Koe Wetzel","Time Goes On",174,377704868,31592236,377704867,"County Line",,"states/US-NAT","US Partner Digital"
"10418_1779906105","2026-05-27 18:21:45","2026-06-03 18:21:08.959","10418","Left It In The River","Jamie MacDonald","Left It In The River",177,342015859,44664424,342015858,"Christian Hits FM","OTHER","states/US-NAT","US Partner Digital"
"6600_1779906099","2026-05-27 18:21:39","2026-06-03 18:21:51.369","6600","Glass: Truman Sleeps (Arr. Parkin)","Jess Gillam & Jess Gillam Ensemble","TIME",160,111611861,41586816,111611857,"Calm by Classical KING","OTHER","states/US-NAT","US Partner Digital"
"8761_1779906096","2026-05-27 18:21:36","2026-06-03 18:22:35.649","8761","That'll Be the Day","Linda Ronstadt","Hasten Down the Wind",152,1077385,31935,1077381,"Rewound Radio",,"states/US-NAT","US Partner Digital"
"11301_1779906094","2026-05-27 18:21:34","2026-06-03 17:17:01.250","11301","How Did You Know","Jon Pardi","How Did You Know",196,397497501,727632,397497500,"99.5 THE STAR",,"states/US-NAT","US Partner Digital"
"9774_1779906090","2026-05-27 18:21:30","2026-06-03 17:16:07.995","9774","Stateside + Zara Larsson","PinkPantheress","Fancy Some More?",176,354002035,35752537,354002025,"LIVE 99.9","CHRPOP","states/US-NAT","US Partner Digital"
"11384_1779906087","2026-05-27 18:21:27","2026-06-03 17:17:03.698","11384","Be In The Moment (ASOT 850 Anthem)","Armin van Buuren","Be In The Moment (ASOT 850 Anthem)",211,54200542,32484,54200541,"DJ Babydoll Radio",,"states/US-NAT","US Partner Digital"
"11300_1779906086","2026-05-27 18:21:26","2026-06-03 17:17:00.954","11300","Heaven Down Here","Megan Woods","Heaven Down Here [Single]",174,-1,-1,-1,"99.5 THE GULF",,"states/US-NAT","US Partner Digital"
"11461_1779906079","2026-05-27 18:21:19","2026-06-03 17:17:05.861","11461","Tere Piche","Zaildar, Saabi Bhinder & Sickboi","Tere Piche",194,372137501,30629005,372137500,"DogSled African Radio",,"states/US-NAT","US Partner Digital"
"10344_1779906071","2026-05-27 18:21:11","2026-06-03 18:21:08.162","10344","The Long And Winding Road","The Beatles","The Beatles 1967 – 1970",41,242302380,591,242302344,"Real Oldies Music Radio",,"states/US-NAT","US Partner Digital"
"11248_1779906070","2026-05-27 18:21:10","2026-06-03 18:24:15.198","11248","Remnants Of My Youth","Passcode","Strive",241,120486196,31391101,120486184,"KPOP 24.7 NuWaaV RADIO",,"states/US-NAT","US Partner Digital"
"8880_1779906068","2026-05-27 18:21:08","2026-06-03 18:22:39.393","8880","Adagio (For Bob Collymore)","Jef Neve","Mysterium",270,109117914,30819686,109117912,"YourClassical Holiday","OTHER","states/US-NAT","US Partner Digital"
"10174_1779906062","2026-05-27 18:21:02","2026-06-03 18:21:05.851","10174","Good","Matthew West","Good",183,364728241,33420,364728240,"Family Life Now","OTHER","states/US-NAT","US Partner Digital"
"6227_1779906060","2026-05-27 18:21:00","2026-06-03 18:20:27.342","6227","Please Don't Go","Tank","Sex, Love & Pain",353,330134547,41779,330134543,"Hot 106.5","RNB","FL","R&B"
"7548_1779906060","2026-05-27 18:21:00","2026-06-03 18:21:57.712","7548","Running Away","GASHI feat. Devault & Seb Torgus","1984 (Deluxe)",195,110218004,30053126,110217987,"DARE FM","ROCKALTERNATIVE","states/US-NAT","US Partner Digital"
"8989_1779906060","2026-05-27 18:21:00","2026-06-03 18:22:43.631","8989","Symphony in C Major, Hob. I: 82: IV. Vivace","Various Artists","Legendary Performances: The Symphony Orchestra",346,40638273,6,40638271,"K-Mozart","OTHER","states/US-NAT","US Partner Digital"
"10465_1779906058","2026-05-27 18:20:58","2026-06-03 18:21:10.274","10465","Down Under","Men at Work","Business As Usual",225,21192334,98022,21192324,"CJ's Awesome 80s",,"states/US-NAT","US Partner Digital"
"8888_1779906054","2026-05-27 18:20:54","2026-06-03 18:22:37.834","8888","The Raiders March","London Symphony Orchestra & Gavin Greenaway","John Williams: A Life In Music",340,56340746,32265470,56340742,"YourClassical Children","OTHER","states/US-NAT","US Partner Digital"
"11178_1779906053","2026-05-27 18:20:53","2026-06-03 17:16:59.645","11178","The Final Countdown","Europe","The Final Countdown (Expanded Edition)",310,2521161,44137,2516021,"Power Hits",,"states/US-NAT","US Partner Digital"
"10419_1779906051","2026-05-27 18:20:51","2026-06-03 18:21:09.037","10419","Keep Your Hands to Yourself","Georgia Satellites","Georgia Satellites",206,69557066,44851053,69557065,"THAT 80's CHANNEL",,"states/US-NAT","US Partner Digital"
"8888_1779906048","2026-05-27 18:20:48","2026-06-03 18:22:37.834","8888","Raiders March (From ""Raiders of the Lost Ark"")","John Williams;Boston Pops Orchestra","John Williams Conducts His Classic Scores for the Films of Steven Spielberg",310,2591367,30404622,2588868,"YourClassical Children","OTHER","states/US-NAT","US Partner Digital"
"9657_1779906046","2026-05-27 18:20:46","2026-06-03 18:20:55.776","9657","HELLO","Taylor Hill","Goodbye Yesterday: Songs for the New Year",143,365696447,30039906,365696435,"NGEN Radio","HIPHOPRNB","states/US-NAT","US Partner Digital"
"9034_1779906044","2026-05-27 18:20:44","2026-06-03 17:15:57.728","9034","Juicy","The Notorious B.I.G.","Ready to Die",302,30532778,58654,30532769,"108 SOUL","RNB","states/US-NAT","US Partner Digital"
"9319_1779906043","2026-05-27 18:20:43","2026-06-03 18:20:49.355","9319","Give It Away","Red Hot Chili Peppers","Blood Sugar Sex Magik",282,1022756,6771,1022747,"KBACK Rock Radio","ROCKACTIVE","states/US-NAT","US Partner Digital"
"11315_1779906042","2026-05-27 18:20:42","2026-06-03 17:17:02.436","11315","Get A Move On","Mr. Scruff","Keep It Unreal",455,-1,-1,-1,"The EDM Megashuffle",,"states/US-NAT","US Partner Digital"
"9802_1779906042","2026-05-27 18:20:42","2026-06-03 18:23:08.176","9802","Violin Concerto, Op. 15: I. Moderato con moto – Agitato – Tempo primo","Isabelle Faust, Symphonieorchester des Bayerischen Rundfunks, Jakub Hruša, Boris Faust","Britten: Violin Concerto, Chamber Works",604,292541790,160163,292541789,"99.5 HD3 WCRB","OTHER","states/US-NAT","US Partner Digital"
"8986_1779906041","2026-05-27 18:20:41","2026-06-03 18:20:46.997","8986","One Wish","Tion Phipps","One Wish",226,-1,-1,-1,"The DL Hughley Show",,"states/US-NAT","US Partner Digital"
"9802_1779906041","2026-05-27 18:20:41","2026-06-03 18:23:08.176","9802","Violin Concerto, Op. 15: I. Moderato con moto – Agitato – Tempo primo","Isabelle Faust, Symphonieorchester des Bayerischen Rundfunks, Jakub Hruša, Boris Faust","Britten: Violin Concerto, Chamber Works",604,292541790,160163,292541789,"99.5 HD3 WCRB","OTHER","states/US-NAT","US Partner Digital"
"6296_1779906040","2026-05-27 18:20:40","2026-06-03 17:15:20.788","6296","Avant-dernières Pensées: II. Aubade","Alexandre Tharaud","Satie: Avant-dernières pensées",93,51510944,186034,51510915,"Radio Heartland","ROCKALTERNATIVE","states/US-NAT","US Partner Digital"
"8983_1779906031","2026-05-27 18:20:31","2026-06-03 18:20:46.191","8983","Janice STFU","Drake","ICEMAN",236,402229076,44512,402229072,"The Morning Hustle",,"states/US-NAT","US Partner Digital"
"7863_1779906025","2026-05-27 18:20:25","2026-06-03 17:15:49.032","7863","U.N.I.T.Y.","Queen Latifah","Black Reign",251,691893,40156,691882,"RnR Radio","Prov_Other","states/US-NAT","US Partner Digital"
"8888_1779906016","2026-05-27 18:20:16","2026-06-03 18:22:37.834","8888","Washington Ending / Raiders March","John Williams and London Symphony Orchestra","Raiders of the Lost Ark",411,58564628,6833,58564606,"YourClassical Children","OTHER","states/US-NAT","US Partner Digital"
"8987_1779906015","2026-05-27 18:20:15","2026-06-03 17:14:42.198","8987","In The Middle","Isaac Carree","Uncommon Me",227,19739234,637616,19739230,"Willie Moore Jr. Show","OTHER","states/US-NAT","US Partner Digital"
"11461_1779906009","2026-05-27 18:20:09","2026-06-03 18:24:25.139","11461","Size","Sebastian Evers and Bobby Malmlin","Size",348,47190617,31588016,47190616,"DogSled African Radio",,"states/US-NAT","US Partner Digital"
"11240_1779906004","2026-05-27 18:20:04","2026-06-03 17:16:59.881","11240","I Love Your Smile","Shanice","Inner Child",258,37285613,43180,37285611,"Soul Radio Coast2coast",,"states/US-NAT","US Partner Digital"
"9727_1779906003","2026-05-27 18:20:03","2026-06-03 17:16:07.084","9727","Boogie Fever","The Sylvers","Showcase",211,77971341,268844,77971338,"FreeAgentSoul","RNB","states/US-NAT","US Partner Digital"
"8890_1779905999","2026-05-27 18:19:59","2026-06-03 17:14:41.290","8890","Daddy","Gary Washington","Daddy [Single]",238,-1,-1,-1,"YourClassical Black History","OTHER","states/US-NAT","US Partner Digital"
"7742_1779905998","2026-05-27 18:19:58","2026-06-03 17:15:41.316","7742","Vaughan Williams: Fantasia on Greensleeves","Leonard Slatkin/St Louis Symphony Orchestra","Pachelbel: Kanon in D Major - Tchaikovsky: Serenade for Strings in C Major - Vaughan Williams: Fantasia on Greensleeves - Borodin: String Quartet No. 2 in D Major",272,167685483,34933,167685480,"Christmas by Classical KING","OTHER","states/US-NAT","US Partner Digital"
"9806_1779905998","2026-05-27 18:19:58","2026-06-03 17:14:49.453","9806","Stellar","Incubus","Make Yourself",199,8685248,6768,8685241,"AlternativeRadio.us","ROCKALTERNATIVE","states/US-NAT","US Partner Digital"
"6155_1779905997","2026-05-27 18:19:57","2026-06-03 17:15:20.802","6155","Lie (Micro Flim ""Lie"" Ending Song) [Instrumental]","PK & Ludmilla","Lie (Micro Flim ""Lie"" Ending Song)",194,-1,-1,-1,"New Sounds",,"states/US-NAT","US Partner Digital"
"9903_1779905997","2026-05-27 18:19:57","2026-06-03 18:20:52.325","9903","Where The Green Grass Grows","Tim McGraw","Everywhere",201,15625281,115068,15625280,"Kickin' Kountry Radio","COUNTRY","states/US-NAT","US Partner Digital"
"9771_1779905997","2026-05-27 18:19:57","2026-06-03 17:16:07.959","9771","Frank, AB","The Rural Alberta Advantage","Hometowns",204,140206295,81586,140206287,"Maxima Radio","OTHER","states/US-NAT","US Partner Digital"
"9737_1779905997","2026-05-27 18:19:57","2026-06-03 17:16:07.383","9737","Spend It","Summer Walker","Spend It",164,325877320,32072686,325877319,"Press Play Radio","HIPHOPRNB","states/US-NAT","US Partner Digital"
"10629_1779905994","2026-05-27 18:19:54","2026-06-03 17:16:52.586","10629","Medley: Let It Snow! Let It Snow! Let It Snow! / Count Your Blessings / We Wish You a Merry Christmas","Ray Conniff & The Ray Conniff Singers","We Wish You A Merry Christmas",320,2876016,104848,2776665,"That Christmas Channel",,"states/US-NAT","US Partner Digital"
"11236_1779905993","2026-05-27 18:19:53","2026-06-03 17:17:00.251","11236","Rebel Yell","Billy Idol","Rebel Yell",288,46715201,28839,46715200,"DC Sugar95",,"states/US-NAT","US Partner Digital"
"8713_1779905991","2026-05-27 18:19:51","2026-06-03 17:14:40.914","8713","The First Time Ever I Saw Your Face","Roberta Flack","First Take",260,12070816,59008,12070809,"Smooth 70s",,"states/US-NAT","US Partner Digital"
"9035_1779905989","2026-05-27 18:19:49","2026-06-03 17:15:58.327","9035","Hello","Sigala, Leigh-Anne & Jonita Gandhi","Hello",173,361792855,31042256,361792854,"Nexus Radio","OTHER","states/US-NAT","US Partner Digital"
"8982_1779905989","2026-05-27 18:19:49","2026-06-03 17:14:41.748","8982","03' Bonnie & Clyde","JAY-Z feat. Beyoncé Knowles","Blueprint 2.1",205,19276555,39268,19276551,"Rickey Smiley Morning Show",,"states/US-NAT","US Partner Digital"
"8984_1779905984","2026-05-27 18:19:44","2026-06-03 17:14:42.371","8984","In The Middle","Isaac Carree","Uncommon Me",227,19739234,637616,19739230,"Get Up! Mornings","OTHER","states/US-NAT","US Partner Digital"
"9925_1779905984","2026-05-27 18:19:44","2026-06-03 17:16:36.484","9925","The Loco-Motion","Grand Funk Railroad","Shinin' On",165,455159,27786,455156,"M2D2 RADIO WERP","ACHOTMODERN","states/US-NAT","US Partner Digital"
"11461_1779905983","2026-05-27 18:19:43","2026-06-03 17:17:05.861","11461","Melodie (Tensnake Remix Extended)","Mousse T. Feat. Cleah","Melodie (Tensnake Remix Extended)",404,-1,-1,-1,"DogSled African Radio",,"states/US-NAT","US Partner Digital"
"11461_1779905971","2026-05-27 18:19:31","2026-06-03 17:17:05.861","11461","Size","Sebastian Evers and Bobby Malmlin","Size",348,47190617,31588016,47190616,"DogSled African Radio",,"states/US-NAT","US Partner Digital"
"10775_1779905967","2026-05-27 18:19:27","2026-06-03 17:16:56.420","10775","Speaking Terms","Ella Langley","Dandelion",262,392317909,32173141,392317899,"The Light DFW",,"states/US-NAT","US Partner Digital"
"9251_1779905953","2026-05-27 18:19:13","2026-06-03 17:14:42.540","9251","Customer","Raheem DeVaughn Featuring Ludacris","Love Behind The Melody",244,2569581,90270,2568019,"Hype 1 Radio",,"states/US-NAT","US Partner Digital"
"8880_1779905952","2026-05-27 18:19:12","2026-06-03 17:15:55.612","8880","6 Noels For The Harp - #2","Arturo Delmoni & Friends","A String Quartet Christmas [Disc 3]",95,-1,-1,-1,"YourClassical Holiday","OTHER","states/US-NAT","US Partner Digital"
"9570_1779905950","2026-05-27 18:19:10","2026-06-03 17:14:49.137","9570","After The Lovin'","Engelbert Humperdinck","The Best Of Engelbert Humperdinck 20th Century Masters The Millennium Collection",234,64545116,1872,64545104,"Oldies.Gold","CLASSICHITS","states/US-NAT","US Partner Digital"
"11241_1779905949","2026-05-27 18:19:09","2026-06-03 17:17:00.546","11241","Freeze-Frame","J. Geils Band","Freeze Frame",237,552159,36140,552158,"93QFM",,"states/US-NAT","US Partner Digital"
"11382_1779905939","2026-05-27 18:18:59","2026-06-03 17:17:02.492","11382","Shook Ones, Pt. II","Mobb Deep","The Infamous",325,1802231,40904,1802189,"Weston World One",,"states/US-NAT","US Partner Digital"
"9425_1779905933","2026-05-27 18:18:53","2026-06-03 17:14:47.168","9425","They Want EFX","Das EFX","Dead Serious",221,1016301,58682,1016298,"Bayology Radio",,"states/US-NAT","US Partner Digital"
"9200_1779905928","2026-05-27 18:18:48","2026-06-03 17:15:00.617","9200","Pour Me A Drink","Post Malone feat. Blake Shelton","F-1 Trillion",194,284169648,30779802,284169644,"Knox Country","COUNTRY","TN","Country"
"11301_1779905927","2026-05-27 18:18:47","2026-06-03 17:17:01.250","11301","Get To Drinkin'","Zach John King","Get To Drinkin'",167,377027299,41304583,377027298,"99.5 THE STAR",,"states/US-NAT","US Partner Digital"
"8308_1779905926","2026-05-27 18:18:46","2026-06-03 17:14:40.635","8308","Obvious","Chris Brown","BROWN",185,399858015,33210,399858013,"FUBU Radio",,"states/US-NAT","US Partner Digital"
"8989_1779905921","2026-05-27 18:18:41","2026-06-03 18:22:43.631","8989","4. Finale (Vivace)","Academy of St. Martin in the Fields","Haydn: The Paris Symphonies Nos. 82-87",334,19316710,30702257,19316703,"K-Mozart","OTHER","states/US-NAT","US Partner Digital"
"8308_1779905920","2026-05-27 18:18:40","2026-06-03 18:20:39.241","8308","Panda Freestyle","Kid Flow","Stop Sleepin' On Me",243,-1,-1,-1,"FUBU Radio",,"states/US-NAT","US Partner Digital"
"11300_1779905915","2026-05-27 18:18:35","2026-06-03 17:17:00.954","11300","Devil Ain't Done","atlus!","Art of Letting Go",163,387458416,47663388,387458414,"99.5 THE GULF",,"states/US-NAT","US Partner Digital"
"11297_1779905912","2026-05-27 18:18:32","2026-06-03 17:17:00.829","11297","Raindrops (Encore une fois Pt. II)","Sash! featuring Stunt","Raindrops",317,46035075,342407,46035070,"iPartyRadio: Dance Anthems",,"states/US-NAT","US Partner Digital"
"9257_1779905904","2026-05-27 18:18:24","2026-06-03 17:14:42.789","9257","Iubeste-ma Si Atat (feat. Letty)","Kalif","Iubeste-ma Si Atat (feat. Letty)",198,79441408,30576577,79441407,"Real Southern Gospel Radio","OTHER","states/US-NAT","US Partner Digital"
"11461_1779905899","2026-05-27 18:18:19","2026-06-03 17:17:05.861","11461","Baby","Aitch, Ashanti & Cyril Kamer","Baby",152,197163005,362454,197163004,"DogSled African Radio",,"states/US-NAT","US Partner Digital"
"11244_1779905896","2026-05-27 18:18:16","2026-06-03 17:16:59.983","11244","Worthy Of My Song","Phil Wickham","Worthy Of My Song",371,165597114,89487,165597113,"Total Worship Radio",,"states/US-NAT","US Partner Digital"
"7226_1779905886","2026-05-27 18:18:06","2026-06-03 17:14:38.855","7226","Prelude Suite","Prelude","Beyond",294,25120382,30015541,25120381,"CPR Classical",,"states/US-NAT","US Partner Digital"
"8905_1779905872","2026-05-27 18:17:52","2026-06-03 17:15:56.346","8905","Little Bitty Pretty One","Thurston Harris","The Little Adventures of Thurston Harris",142,150067168,114988,150067167,"Carolina Gold 93.9 & 106.3","CLASSICHITS","states/US-NAT","US Partner Digital"
"8889_1779905858","2026-05-27 18:17:38","2026-06-03 17:15:56.246","8889","Rimsky-Korsakov: Capriccio espagnol, Op. 34: V. Fandango asturiano","London Symphony Orchestra, Sir Charles Mackerras & Rudolf Gaehler","Rimsky-Korsakov: Scheherazade & Capriccio espagnol",194,156719984,11343,156719975,"YourClassical Essentials","OTHER","states/US-NAT","Classical"
"9774_1779905858","2026-05-27 18:17:38","2026-06-03 17:16:07.995","9774","Sailor Song","Gigi Perez","At The Beach, In Every Life",211,325870717,35957833,325870716,"LIVE 99.9","CHRPOP","states/US-NAT","US Partner Digital"
"8887_1779905851","2026-05-27 18:17:31","2026-06-03 17:15:56.014","8887","Liszt: Années de pèlerinage: 1e année: Suisse, S.160: 2. Au lac de Wallenstadt","Nelson Freire","Liszt: Harmonies du Soir",164,13560620,236811,13560615,"YourClassical Sleep","OTHER","states/US-NAT","Classical"
"8987_1779905844","2026-05-27 18:17:24","2026-06-03 17:14:42.198","8987","Steal My Sunshine","Len","You Can't Stop The Bum Rush",264,2589526,123337,2584258,"Willie Moore Jr. Show","OTHER","states/US-NAT","US Partner Digital"
"6600_1779905840","2026-05-27 18:17:20","2026-06-03 17:15:24.680","6600","Dalal: Eos","Angèle Dubeau: La Pietà","Elle",262,-1,-1,-1,"Calm by Classical KING","OTHER","states/US-NAT","US Partner Digital"
"9339_1779905833","2026-05-27 18:17:13","2026-06-03 17:16:04.436","9339","Go Crazy","Chris Brown & Young Thug","Slime & B",176,101461180,33210,101461178,"DJ KIDNU RADIO","HIPHOPRNB","states/US-NAT","US Partner Digital"
"10419_1779905829","2026-05-27 18:17:09","2026-06-03 17:15:03.150","10419","Always Something There to Remind Me","Naked Eyes","Burning Bridges",218,49666277,31302,49666273,"THAT 80's CHANNEL",,"states/US-NAT","US Partner Digital"
"7867_1779905826","2026-05-27 18:17:06","2026-06-03 17:15:45.335","7867","1999","Prince","Sign O' The Times",353,120226249,3403,120226161,"Purple Current","Prov_American Public Media","states/US-NAT","US Partner Digital"
"7548_1779905824","2026-05-27 18:17:04","2026-06-03 17:15:29.684","7548","How Bizarre","OMC","How Bizarre",225,64799164,31775609,64799162,"DARE FM","ROCKALTERNATIVE","states/US-NAT","US Partner Digital"
"6227_1779905817","2026-05-27 18:16:57","2026-06-03 17:14:47.455","6227","I'm Goin' Down","Mary J. Blige","My Life",221,157953662,39258,157953652,"Hot 106.5","RNB","FL","R&B"
"7680_1779905815","2026-05-27 18:16:55","2026-06-03 17:15:42.155","7680","Enter Sandman","Metallica","Metallica",331,58393783,58269,58393782,"Mad Rock Nation","ROCKACTIVE","states/US-NAT","US Partner Digital"
"11260_1779905808","2026-05-27 18:16:48","2026-06-03 17:17:00.240","11260","Gorgeous","Doja Cat","Vie",265,352178756,30317449,352178751,"The Juice",,"states/US-NAT","US Partner Digital"
"10465_1779905806","2026-05-27 18:16:46","2026-06-03 17:15:03.540","10465","Stone in Love","Journey","Escape",265,179865949,3801,179865947,"CJ's Awesome 80s",,"states/US-NAT","US Partner Digital"
"7099_1779905799","2026-05-27 18:16:39","2026-06-03 17:15:26.647","7099","Unbreakable","Fireflight","Unbreakable",200,1803044,90191,1803042,"WAY LOUD","OTHER","states/US-NAT","US Partner Digital"
"11178_1779905788","2026-05-27 18:16:28","2026-06-03 17:16:59.645","11178","Eye of the Tiger","Survivor","Eye Of The Tiger",246,2600877,33329,2598937,"Power Hits",,"states/US-NAT","US Partner Digital"
"11302_1779905782","2026-05-27 18:16:22","2026-06-03 17:17:00.817","11302","BARE FEET IN THE SAND","Niko Moon","AMERICAN PALM (Deluxe)",181,347300371,33133186,347300359,"County Line",,"states/US-NAT","US Partner Digital"
"9737_1779905782","2026-05-27 18:16:22","2026-06-03 17:16:07.383","9737","Truffle Butter","Nicki Minaj, Drake, & Lil Wayne","The Pinkprint",220,51029766,372266,51029746,"Press Play Radio","HIPHOPRNB","states/US-NAT","US Partner Digital"
"11462_1779905779","2026-05-27 18:16:19","2026-06-03 17:17:04.947","11462","Shit I Like (feat. TM88)","Waka Flocka Flame","Lebron Flocka James 2K26",184,381197299,115112,381197298,"Carolina smoke radio",,"states/US-NAT","US Partner Digital"
"9903_1779905776","2026-05-27 18:16:16","2026-06-03 17:14:47.455","9903","Chevy Silverado","Bailey Zimmerman","Chevy Silverado",221,342221945,35706214,342221944,"Kickin' Kountry Radio","COUNTRY","states/US-NAT","US Partner Digital"
"8983_1779905772","2026-05-27 18:16:12","2026-06-03 17:14:42.191","8983","LET 'EM KNOW","T.I.","LET 'EM KNOW",179,374737363,58717,374737362,"The Morning Hustle",,"states/US-NAT","US Partner Digital"
"9251_1779905770","2026-05-27 18:16:10","2026-06-03 17:14:42.540","9251","Blind Alley","The Emotions","So I Can Love You / Untouched",186,733907,42774,733893,"Hype 1 Radio",,"states/US-NAT","US Partner Digital"
"11248_1779905765","2026-05-27 18:16:05","2026-06-03 17:17:00.135","11248","Flashback","N.Flying","Man on the Moon",246,255111529,32428869,255111519,"KPOP 24.7 NuWaaV RADIO",,"states/US-NAT","US Partner Digital"
"8987_1779905762","2026-05-27 18:16:02","2026-06-03 17:14:42.198","8987","My God","Jor'dan Armstrong","My God [Single]",180,-1,-1,-1,"Willie Moore Jr. Show","OTHER","states/US-NAT","US Partner Digital"
"8984_1779905762","2026-05-27 18:16:02","2026-06-03 17:14:42.371","8984","My God","Jor'dan Armstrong","My God [Single]",180,-1,-1,-1,"Get Up! Mornings","OTHER","states/US-NAT","US Partner Digital"
"10775_1779905761","2026-05-27 18:16:01","2026-06-03 17:16:56.420","10775","Lean On Me","CeCe Winans","Lean On Me",204,366747167,28638,366747166,"The Light DFW",,"states/US-NAT","US Partner Digital"
"9657_1779905760","2026-05-27 18:16:00","2026-06-03 17:14:47.457","9657","You Can't Stop Me","Andy Mineo","Never Land",239,112024998,754926,112024995,"NGEN Radio","HIPHOPRNB","states/US-NAT","US Partner Digital"
"8885_1779905757","2026-05-27 18:15:57","2026-06-03 17:15:55.325","8885","Chants d'Auvergne: Berceuse (Arr. for Cello and Orchestra)","Sol Gabetta & Prague Philharmonic Orchestra","Cantabile",170,3824016,206031,3823962,"YourClassical Relax","OTHER","states/US-NAT","Classical"
"11315_1779905753","2026-05-27 18:15:53","2026-06-03 17:17:02.436","11315","Get Away [Extended]","Kungs & Boys Noize","Get Away [Single]",339,-1,-1,-1,"The EDM Megashuffle",,"states/US-NAT","US Partner Digital"
"9658_1779905752","2026-05-27 18:15:52","2026-06-03 17:16:06.755","9658","RDV","CRYS, Angie Rose & Samuel ASH","RDV",159,373526164,38293712,373526163,"Vida Unida, Nationwide","SPANISH","states/US-NAT","US Partner Digital"
"9771_1779905751","2026-05-27 18:15:51","2026-06-03 17:16:07.959","9771","Inside Our Hearts","Martin Garrix, Alesso and Shaun Farrugia","Inside Our Hearts",233,340480108,948004,340480107,"Maxima Radio","OTHER","states/US-NAT","US Partner Digital"
"7810_1779905741","2026-05-27 18:15:41","2026-06-03 17:14:39.338","7810","42.26","Childish Gambino","03.15.20",320,-1,-1,-1,"88.5 WVPB",,"states/US-NAT","US Partner Digital"
"8986_1779905740","2026-05-27 18:15:40","2026-06-03 17:14:42.487","8986","bad","Saint Harison","bad",161,359701844,38965181,359701843,"The DL Hughley Show",,"states/US-NAT","US Partner Digital"
"9774_1779905740","2026-05-27 18:15:40","2026-06-03 17:16:07.995","9774","Rock Music","Charli XCX","Rock Music",114,400323461,843657,400323460,"LIVE 99.9","CHRPOP","states/US-NAT","US Partner Digital"
"8761_1779905737","2026-05-27 18:15:37","2026-06-03 17:15:54.500","8761","Point of Know Return","Kansas","Point Of Know Return",193,2517191,35144,2515715,"Rewound Radio",,"states/US-NAT","US Partner Digital"
"6295_1779905726","2026-05-27 18:15:26","2026-06-03 17:15:20.840","6295","Gimme All Your Love","Alabama Shakes","Sound & Color",243,76496520,707247,76496515,"Rock the Cradle","Prov_American Public Media","states/US-NAT","US Partner Digital"
"10636_1779905725","2026-05-27 18:15:25","2026-06-03 17:15:02.956","10636","Before I Let Go","Beyoncé","HOMECOMING: THE LIVE ALBUM",240,72301609,89266,72301570,"98.3 BPME ""The Sound""",,"states/US-NAT","US Partner Digital"
"11236_1779905725","2026-05-27 18:15:25","2026-06-03 17:17:00.251","11236","Rumors","Timex Social Club","Vicious Rumors... The Album",347,-1,-1,-1,"DC Sugar95",,"states/US-NAT","US Partner Digital"
"9200_1779905725","2026-05-27 18:15:25","2026-06-03 17:15:00.617","9200","Tattoos on This Town","Jason Aldean","My Kinda Party",202,374737706,369639,374737705,"Knox Country","COUNTRY","TN","Country"
"11384_1779905717","2026-05-27 18:15:17","2026-06-03 17:17:03.698","11384","Dlala iDhol","DJ HABIBEATS, Dr Zeus, AKU","Dlala iDhol",261,313118509,43249587,313118508,"DJ Babydoll Radio",,"states/US-NAT","US Partner Digital"
"9727_1779905717","2026-05-27 18:15:17","2026-06-03 17:16:07.084","9727","Circles","Atlantic Starr","Brilliance",294,182139010,10288,182139005,"FreeAgentSoul","RNB","states/US-NAT","US Partner Digital"
"11244_1779905707","2026-05-27 18:15:07","2026-06-03 17:16:59.983","11244","Come And See","Jeremy Rosado","The Waiting Room",197,337845393,866367,337845382,"Total Worship Radio",,"states/US-NAT","US Partner Digital"
"8884_1779905696","2026-05-27 18:14:56","2026-06-03 18:20:48.367","8884","管乐八重奏","中国人民解放军军乐团","蓝色狂想",942,-1,-1,-1,"YourClassical Concert Band","OTHER","states/US-NAT","US Partner Digital"
"11260_1779905684","2026-05-27 18:14:44","2026-06-03 17:17:00.240","11260","MONTERO (Call Me By Your Name)","Lil Nas X","MONTERO (Call Me By Your Name)",137,129437927,32865127,129437926,"The Juice",,"states/US-NAT","US Partner Digital"
"8982_1779905682","2026-05-27 18:14:42","2026-06-03 17:14:41.748","8982","One Wish","Tion Phipps","One Wish",226,-1,-1,-1,"Rickey Smiley Morning Show",,"states/US-NAT","US Partner Digital"
"11300_1779905680","2026-05-27 18:14:40","2026-06-03 17:17:00.954","11300","Beautiful Things","Megan Moroney","Beautiful Things",235,356300495,35764910,356300494,"99.5 THE GULF",,"states/US-NAT","US Partner Digital"
"9425_1779905680","2026-05-27 18:14:40","2026-06-03 17:14:47.168","9425","(You) Got What I Need","Freddie Scott","Celeste & Jesse Forever (Original Motion Picture Soundtrack)",179,46518828,455126,46518817,"Bayology Radio",,"states/US-NAT","US Partner Digital"
"9570_1779905679","2026-05-27 18:14:39","2026-06-03 17:14:49.137","9570","I Wish","Stevie Wonder","Songs In The Key Of Life",252,73051940,3404,73051934,"Oldies.Gold","CLASSICHITS","states/US-NAT","US Partner Digital"
"9802_1779905673","2026-05-27 18:14:33","2026-06-03 17:16:08.899","9802","Klid, Op. 68 No. 5, B. 182 (Silent Woods)","Seiji Ozawa, Yo-Yo Ma & Boston Symphony Orchestra","Dvorák In Prague: A Celebration",386,22335484,213911,22334304,"99.5 HD3 WCRB","OTHER","states/US-NAT","US Partner Digital"
"6294_1779905659","2026-05-27 18:14:19","2026-06-03 17:15:20.569","6294","Mealor: Locus Iste","Voces8","Eventide",258,26992051,202632,26992042,"YourClassical Choral","OTHER","states/US-NAT","Classical"
"7867_1779905659","2026-05-27 18:14:19","2026-06-03 17:15:45.335","7867","Born Under A Bad Sign","Albert King","Born Under A Bad Sign",167,65589779,5086,65589778,"Purple Current","Prov_American Public Media","states/US-NAT","US Partner Digital"
"8888_1779905659","2026-05-27 18:14:19","2026-06-03 17:15:55.728","8888","Walton: Crown Imperial - Coronation March","Chicago Symphony Brass Ensemble","Chicago Symphony Orchestra Brass Live",370,-1,-1,-1,"YourClassical Children","OTHER","states/US-NAT","US Partner Digital"
"11318_1779905656","2026-05-27 18:14:16","2026-06-03 17:17:01.579","11318","Take You There","Sean Kingston","Sean Kingston",236,2019375,34745,2019372,"DMX Radio",,"states/US-NAT","US Partner Digital"
"9925_1779905653","2026-05-27 18:14:13","2026-06-03 17:16:36.484","9925","Diary","Bread","Baby I'm-a Want You",188,1004578,58397,1004572,"M2D2 RADIO WERP","ACHOTMODERN","states/US-NAT","US Partner Digital"
"9774_1779905645","2026-05-27 18:14:05","2026-06-03 17:16:07.995","9774","Babydoll","Dominic Fike","Don't Forget About Me, Demos",97,87757447,31938874,87757444,"LIVE 99.9","CHRPOP","states/US-NAT","US Partner Digital"
"9251_1779905639","2026-05-27 18:13:59","2026-06-03 17:14:42.540","9251","Different Strokes","Syl Johnson","Complete Mythology",140,41114375,69968,41114351,"Hype 1 Radio",,"states/US-NAT","US Partner Digital"
"9806_1779905636","2026-05-27 18:13:56","2026-06-03 17:14:49.453","9806","BURN IT DOWN","Linkin Park","LIVING THINGS",231,18337506,58351,18337503,"AlternativeRadio.us","ROCKALTERNATIVE","states/US-NAT","US Partner Digital"
"10419_1779905632","2026-05-27 18:13:52","2026-06-03 17:15:03.150","10419","Never Gonna Give You Up","Rick Astley","Whenever You Need Somebody",215,374760200,118093,374760199,"THAT 80's CHANNEL",,"states/US-NAT","US Partner Digital"
"11301_1779905631","2026-05-27 18:13:51","2026-06-03 17:17:01.250","11301","Back in the Saddle","Luke Combs","Back in the Saddle",212,340900628,30406307,340900627,"99.5 THE STAR",,"states/US-NAT","US Partner Digital"
"8880_1779905626","2026-05-27 18:13:46","2026-06-03 17:15:55.612","8880","O Little Town of Bethlehem","The Sixteen & Harry Christophers","Song of the Nativity",253,41523774,30637253,41523765,"YourClassical Holiday","OTHER","states/US-NAT","US Partner Digital"
"11240_1779905619","2026-05-27 18:13:39","2026-06-03 17:16:59.881","11240","I'm Your Baby Tonight","Whitney Houston","I'm Your Baby Tonight",253,9690805,87166,9690797,"Soul Radio Coast2coast",,"states/US-NAT","US Partner Digital"
"7680_1779905619","2026-05-27 18:13:39","2026-06-03 17:15:42.155","7680","Beverly Hills","Weezer","Make Believe",195,656890,15720,656887,"Mad Rock Nation","ROCKACTIVE","states/US-NAT","US Partner Digital"
"10174_1779905618","2026-05-27 18:13:38","2026-06-03 17:15:03.203","10174","There Is Freedom","Josh Baldwin","Where The Glory Is",237,-1,-1,-1,"Family Life Now","OTHER","states/US-NAT","US Partner Digital"
"9737_1779905616","2026-05-27 18:13:36","2026-06-03 17:16:07.383","9737","Condo","Afro B (feat. T-Pain)","Afrowave 3",165,81314859,30759151,81314856,"Press Play Radio","HIPHOPRNB","states/US-NAT","US Partner Digital"
"9035_1779905607","2026-05-27 18:13:27","2026-06-03 17:15:58.327","9035","Mayana","MoBlack & INNA","Mayana [Single]",212,-1,-1,-1,"Nexus Radio","OTHER","states/US-NAT","US Partner Digital"
"10629_1779905599","2026-05-27 18:13:19","2026-06-03 17:16:52.586","10629","Ave Maria","Michael Bublé","Christmas",241,15584328,58319,15584314,"That Christmas Channel",,"states/US-NAT","US Partner Digital"
"8757_1779905597","2026-05-27 18:13:17","2026-06-03 17:16:10.993","8757","Lonely","The Blaze","Jungle",264,-1,-1,-1,"LEGOLAND Radio","OTHER","states/US-NAT","Kids & Family"
"11461_1779905596","2026-05-27 18:13:16","2026-06-03 17:17:05.861","11461","PAY ME","ODUMODUBLVCK & Stormzy feat. Zlatan","INDUSTRY MACHINE",208,353159404,32863936,353159393,"DogSled African Radio",,"states/US-NAT","US Partner Digital"
"9339_1779905596","2026-05-27 18:13:16","2026-06-03 17:16:04.436","9339","Let It Go","Keyshia Cole, Missy Elliott, & Lil' Kim","Just Like You",237,587802,39414,587797,"DJ KIDNU RADIO","HIPHOPRNB","states/US-NAT","US Partner Digital"
"11302_1779905594","2026-05-27 18:13:14","2026-06-03 17:17:00.817","11302","Giving Up On That","Dalton Dover","Giving Up On That",211,204392712,33149301,204392711,"County Line",,"states/US-NAT","US Partner Digital"
"11384_1779905592","2026-05-27 18:13:12","2026-06-03 17:17:03.698","11384","Nkao Tempela","Ch'cco featuring Mellow & Sleazy","Nkao Tempela",361,179050498,33541028,179050497,"DJ Babydoll Radio",,"states/US-NAT","US Partner Digital"
"8905_1779905586","2026-05-27 18:13:06","2026-06-03 17:15:56.346","8905","Strange Way","Firefall","Live in Denver, CO 11/9/79",331,141015333,7853,141015322,"Carolina Gold 93.9 & 106.3","CLASSICHITS","states/US-NAT","US Partner Digital"
"9570_1779905582","2026-05-27 18:13:02","2026-06-03 17:14:49.137","9570","Things","Bobby Darin","Things & Other Things",155,28219796,5045,28219795,"Oldies.Gold","CLASSICHITS","states/US-NAT","US Partner Digital"
"6227_1779905566","2026-05-27 18:12:46","2026-06-03 17:14:47.455","6227","Just Friends (Sunny)","Musiq Soulchild","Aijuswanaseing",251,19280773,58756,19280769,"Hot 106.5","RNB","FL","R&B"
"8889_1779905562","2026-05-27 18:12:42","2026-06-03 17:15:56.246","8889","Rimsky-Korsakov: Capriccio espagnol, Op. 34: IV. Scena e canto gitano","London Symphony Orchestra, Sir Charles Mackerras & Rudolf Gaehler","Rimsky-Korsakov: Scheherazade & Capriccio espagnol",295,156719983,11343,156719975,"YourClassical Essentials","OTHER","states/US-NAT","Classical"
"8135_1779905561","2026-05-27 18:12:41","2026-06-03 17:14:41.075","8135","Room On The Porch","Taj Mahal & Keb' Mo' feat. Ruby Amanfu","Room On The Porch",245,329371208,7014,329371207,"Folk Alley Fresh Cuts",,"states/US-NAT","US Partner Digital"
"9903_1779905557","2026-05-27 18:12:37","2026-06-03 17:14:47.455","9903","She's Country","Jason Aldean","Wide Open",220,374738408,369639,374738402,"Kickin' Kountry Radio","COUNTRY","states/US-NAT","US Partner Digital"
"8713_1779905541","2026-05-27 18:12:21","2026-06-03 17:14:40.914","8713","(Hey Won't You Play) Another Somebody Done Somebody Wrong Song","B.J. Thomas","Reunion",206,79719648,4623,79719647,"Smooth 70s",,"states/US-NAT","US Partner Digital"
"8888_1779905540","2026-05-27 18:12:20","2026-06-03 17:15:55.728","8888","Brahms: 21 Hungarian Dances, WoO 1: Hungarian Dance No. 19 in B Minor. Allegretto (Orch. Dvořák)","Wiener Philharmoniker & Claudio Abbado","Brahms: Hungarian Dances",116,17418349,32260701,17418330,"YourClassical Children","OTHER","states/US-NAT","US Partner Digital"
"9771_1779905539","2026-05-27 18:12:19","2026-06-03 17:16:07.959","9771","TRIPPIN","BUNT. & Mapei","TRIPPIN [Single]",202,-1,-1,-1,"Maxima Radio","OTHER","states/US-NAT","US Partner Digital"
"10775_1779905535","2026-05-27 18:12:15","2026-06-03 17:16:56.420","10775","When A Cowboy Prays","Brandon Lake","When A Cowboy Prays",236,349923803,31186772,349923802,"The Light DFW",,"states/US-NAT","US Partner Digital"
"7099_1779905530","2026-05-27 18:12:10","2026-06-03 17:15:26.647","7099","Tadooos","Sondaschule","Lost Tapes 2",267,368650469,207714,368650457,"WAY LOUD","OTHER","states/US-NAT","US Partner Digital"
"11301_1779905526","2026-05-27 18:12:06","2026-06-03 17:17:01.250","11301","My Kinda Saturday Night","Luke Combs","The Prequel",164,352293019,30406307,352293018,"99.5 THE STAR",,"states/US-NAT","US Partner Digital"
"10465_1779905521","2026-05-27 18:12:01","2026-06-03 17:15:03.540","10465","You Dropped A Bomb On Me","The Gap Band","The Gap Band IV",312,2047234,34968,2047228,"CJ's Awesome 80s",,"states/US-NAT","US Partner Digital"
"11392_1779905521","2026-05-27 18:12:01","2026-06-03 17:17:03.457","11392","在人间 [伴奏]","李伍翔","在人间",213,-1,-1,-1,"Easy Jazz FM",,"states/US-NAT","US Partner Digital"
"11244_1779905516","2026-05-27 18:11:56","2026-06-03 17:16:59.983","11244","Time And Time Again","Mack Brock","This Is Holy",197,290402541,31996861,290402539,"Total Worship Radio",,"states/US-NAT","US Partner Digital"
"11299_1779905515","2026-05-27 18:11:55","2026-06-03 17:17:01.114","11299","I'd Do Anything For Love (But I Won't Do That)","Meat Loaf","Bat Out Of Hell II: Back Into Hell",720,754838,37234,754829,"LA NUEVA, RADIO",,"states/US-NAT","US Partner Digital"
"6296_1779905512","2026-05-27 18:11:52","2026-06-03 17:15:20.788","6296","I'm A Man","Bo Diddley","Bo Diddley",180,61416881,20925,61416879,"Radio Heartland","ROCKALTERNATIVE","states/US-NAT","US Partner Digital"
"11248_1779905511","2026-05-27 18:11:51","2026-06-03 17:17:00.135","11248","Far Away","Wolfmother","Cosmic Egg",239,1497465,40033,1497457,"KPOP 24.7 NuWaaV RADIO",,"states/US-NAT","US Partner Digital"
"8989_1779905509","2026-05-27 18:11:49","2026-06-03 17:15:57.454","8989","2. Allegretto","Academy of St. Martin in the Fields","Haydn: The Paris Symphonies Nos. 82-87",369,19316706,30702257,19316703,"K-Mozart","OTHER","states/US-NAT","US Partner Digital"
"8308_1779905504","2026-05-27 18:11:44","2026-06-03 17:14:40.635","8308","Timeless","The Weeknd & Playboi Carti","Hurry Up Tomorrow",255,311416657,744880,311416644,"FUBU Radio",,"states/US-NAT","US Partner Digital"
"11248_1779905502","2026-05-27 18:11:42","2026-06-03 17:17:00.135","11248","Set Elbanat","Nedaa Sharara","Set Elbanat [Single]",268,-1,-1,-1,"KPOP 24.7 NuWaaV RADIO",,"states/US-NAT","US Partner Digital"
"10179_1779905500","2026-05-27 18:11:40","2026-06-03 17:15:03.247","10179","See You Baby (Gateway)","Reel 2 Real, The Mad Stuntman, Pty Audio","See You Baby (Gateway)",395,386234748,30000572,386234747,"Gospel Road from Family Life","OTHER","states/US-NAT","US Partner Digital"
"9925_1779905497","2026-05-27 18:11:37","2026-06-03 17:16:36.484","9925","Lonely People","America","Holiday",149,23396345,32104,23396341,"M2D2 RADIO WERP","ACHOTMODERN","states/US-NAT","US Partner Digital"
"10636_1779905495","2026-05-27 18:11:35","2026-06-03 17:15:02.956","10636","Too Close","Next","Rated Next",259,2889262,8067,2887136,"98.3 BPME ""The Sound""",,"states/US-NAT","US Partner Digital"
"8888_1779905495","2026-05-27 18:11:35","2026-06-03 17:15:55.728","8888","No.9 In G Flat ""Butterfly Wings""","Maurizio Pollini","Chopin",57,16126723,30270548,16126623,"YourClassical Children","OTHER","states/US-NAT","US Partner Digital"
"11240_1779905494","2026-05-27 18:11:34","2026-06-03 17:16:59.881","11240","I'm Your Baby Tonight","Whitney Houston","I'm Your Baby Tonight",253,9690805,87166,9690797,"Soul Radio Coast2coast",,"states/US-NAT","US Partner Digital"
"8889_1779905488","2026-05-27 18:11:28","2026-06-03 17:15:56.246","8889","Rimsky-Korsakov: Capriccio espagnol, Op. 34: III. Alborada","London Symphony Orchestra, Sir Charles Mackerras & Rudolf Gaehler","Rimsky-Korsakov: Scheherazade & Capriccio espagnol",73,156719982,11343,156719975,"YourClassical Essentials","OTHER","states/US-NAT","Classical"
"9425_1779905482","2026-05-27 18:11:22","2026-06-03 17:14:47.168","9425","I Don't Know What It Is But It Sure Is Funky","Ripple","But It Sure Is Funky",206,-1,-1,-1,"Bayology Radio",,"states/US-NAT","US Partner Digital"
"11297_1779905480","2026-05-27 18:11:20","2026-06-03 17:17:00.829","11297","3 A.M. Eternal (Live At The S.S.L.)","The KLF","The White Room",215,-1,-1,-1,"iPartyRadio: Dance Anthems",,"states/US-NAT","US Partner Digital"
"11260_1779905471","2026-05-27 18:11:11","2026-06-03 17:17:00.240","11260","I Just Might","Bruno Mars","I Just Might",212,372364039,337578,372364038,"The Juice",,"states/US-NAT","US Partner Digital"
"8136_1779905470","2026-05-27 18:11:10","2026-06-03 17:14:40.506","8136","Shockwaves (DJ Mike Cruz Remix)","DeGrazio","Shockwaves - EP",479,34440784,30959032,34440780,"Folk Alley Irish Stream",,"states/US-NAT","US Partner Digital"
"9251_1779905470","2026-05-27 18:11:10","2026-06-03 17:14:42.540","9251","Ecstasy","Ohio Players","Ecstasy",149,-1,-1,-1,"Hype 1 Radio",,"states/US-NAT","US Partner Digital"
"7742_1779905466","2026-05-27 18:11:06","2026-06-03 17:15:41.316","7742","Es Ist Ein Ros Entsprungen","Arturo Delmoni & Friends","A String Quartet Christmas [Disc 1]",189,-1,-1,-1,"Christmas by Classical KING","OTHER","states/US-NAT","US Partner Digital"
"9570_1779905463","2026-05-27 18:11:03","2026-06-03 17:14:49.137","9570","A Lover's Question","Clyde McPhatter","Clyde",153,1036378,59026,1036371,"Oldies.Gold","CLASSICHITS","states/US-NAT","US Partner Digital"
"9806_1779905460","2026-05-27 18:11:00","2026-06-03 17:14:49.453","9806","Lo/Hi","The Black Keys","Lo/Hi",177,70016281,9288,70016280,"AlternativeRadio.us","ROCKALTERNATIVE","states/US-NAT","US Partner Digital"
"11300_1779905456","2026-05-27 18:10:56","2026-06-03 17:17:00.954","11300","motionsick","Drest","motionsick",196,275297042,31685265,275297041,"99.5 THE GULF",,"states/US-NAT","US Partner Digital"
"9481_1779905452","2026-05-27 18:10:52","2026-06-03 17:16:05.533","9481","Stop to Love","Luther Vandross","Give Me The Reason",310,2551086,3402,2545984,"That Throwback Channel!","RNB","states/US-NAT","US Partner Digital"
"8757_1779905451","2026-05-27 18:10:51","2026-06-03 17:16:10.993","8757","Sixty Eight Guns","The Alarm","Strength",418,52604721,517,52604705,"LEGOLAND Radio","OTHER","states/US-NAT","Kids & Family"
"10344_1779905450","2026-05-27 18:10:50","2026-06-03 17:15:03.329","10344","Which Way You Goin' Billy?","The Poppy Family","Which Way You Goin' Billy?",204,-1,-1,-1,"Real Oldies Music Radio",,"states/US-NAT","US Partner Digital"
"11241_1779905450","2026-05-27 18:10:50","2026-06-03 17:17:00.546","11241","Baba O'Riley","The Who","Who's Next",308,772635,3800,772627,"93QFM",,"states/US-NAT","US Partner Digital"
"8136_1779905450","2026-05-27 18:10:50","2026-06-03 17:14:40.506","8136","Silent Shout","The Knife","Silent Shout",293,-1,-1,-1,"Folk Alley Irish Stream",,"states/US-NAT","US Partner Digital"
"8880_1779905438","2026-05-27 18:10:38","2026-06-03 17:15:55.612","8880","Mozart: 3 German Dances, K. 605: No. 3 in C Major ""Schlittenfahrt""","Sir Neville Marriner","Mozart: Eine Kleine Nachtmusik etc.",187,5400691,35174,5400683,"YourClassical Holiday","OTHER","states/US-NAT","US Partner Digital"
"9774_1779905435","2026-05-27 18:10:35","2026-06-03 17:16:07.995","9774","Naughty Girl","Beyoncé","Dangerously In Love",208,1795229,89266,1795224,"LIVE 99.9","CHRPOP","states/US-NAT","US Partner Digital"
"10629_1779905434","2026-05-27 18:10:34","2026-06-03 17:16:52.586","10629","Christmas Time Is Here","Vince Guaraldi Trio","A Charlie Brown Christmas",166,190227133,37943,190227127,"That Christmas Channel",,"states/US-NAT","US Partner Digital"
"9200_1779905422","2026-05-27 18:10:22","2026-06-03 17:15:00.617","9200","Am I Okay?","Megan Moroney","Am I Okay?",234,278110894,35764910,278110893,"Knox Country","COUNTRY","TN","Country"
"9035_1779905421","2026-05-27 18:10:21","2026-06-03 17:15:58.327","9035","Stay (feat. INNA)","Dannic","Stay (feat. INNA)",191,54534717,702477,54534716,"Nexus Radio","OTHER","states/US-NAT","US Partner Digital"
"11248_1779905412","2026-05-27 18:10:12","2026-06-03 17:17:00.135","11248","Will You Still Love Me?","Chicago","Love Songs",254,1045403,5663,1045390,"KPOP 24.7 NuWaaV RADIO",,"states/US-NAT","US Partner Digital"
"11384_1779905410","2026-05-27 18:10:10","2026-06-03 17:17:03.698","11384","Woza La (Featuring LeeMckrazy & TNK Musiq)","Amu Classic, Kappie & TNK MusiQ Feat. LeeMckrazy","Woza La (Featuring LeeMckrazy & TNK Musiq)",355,-1,-1,-1,"DJ Babydoll Radio",,"states/US-NAT","US Partner Digital"
"9658_1779905409","2026-05-27 18:10:09","2026-06-03 17:16:06.755","9658","Amén","Ricardo Montaner, Camilo & Mau y Ricky feat. Evaluna Montaner","Fe",253,133716289,35770777,133716287,"Vida Unida, Nationwide","SPANISH","states/US-NAT","US Partner Digital"
"8905_1779905407","2026-05-27 18:10:07","2026-06-03 17:15:56.346","8905","Black Is Black","Los Bravos","Black Is Black",176,4204889,233082,4204888,"Carolina Gold 93.9 & 106.3","CLASSICHITS","states/US-NAT","US Partner Digital"
"11378_1779905406","2026-05-27 18:10:06","2026-06-03 17:17:03.030","11378","Hoy no Me Puedo Levantar","Mecano","Mecano",198,374773349,120953,374773348,"GROOVY FM",,"states/US-NAT","US Partner Digital"
"11314_1779905390","2026-05-27 18:09:50","2026-06-03 17:17:02.336","11314","Sofa King","Royel Otis","Sofa Kings",195,-1,-1,-1,"Alt Rock Variety MEGASHUFFLE",,"states/US-NAT","US Partner Digital"
"7548_1779905383","2026-05-27 18:09:43","2026-06-03 17:15:29.684","7548","Last Dance","The Raveonettes","In And Out Of Control",227,37977002,2632,37976997,"DARE FM","ROCKALTERNATIVE","states/US-NAT","US Partner Digital"
"8888_1779905379","2026-05-27 18:09:39","2026-06-03 17:15:55.728","8888","Suite No. 1, Op. 43: IV. Marche miniature. Moderato con moto","Arthur Fiedler","Marches In Hi Fi",121,44072890,122289,44072886,"YourClassical Children","OTHER","states/US-NAT","US Partner Digital"
"11236_1779905376","2026-05-27 18:09:36","2026-06-03 17:17:00.251","11236","Sultans of Swing","Dire Straits","Dire Straits",348,2027017,98550,2027011,"DC Sugar95",,"states/US-NAT","US Partner Digital"
"7867_1779905369","2026-05-27 18:09:29","2026-06-03 17:15:45.335","7867","Boogie Wonderland","Earth, Wind & Fire, The Emotions","I Am",287,17790201,29638,17790181,"Purple Current","Prov_American Public Media","states/US-NAT","US Partner Digital"
"10418_1779905368","2026-05-27 18:09:28","2026-06-03 17:15:03.134","10418","Always On Time","Elevation Worship feat. Bella Cordero","When Wind Meets Fire",420,273163190,303847,273163181,"Christian Hits FM","OTHER","states/US-NAT","US Partner Digital"
"6227_1779905364","2026-05-27 18:09:24","2026-06-03 17:14:47.455","6227","In Your Feelings","Mariah Carey","Here For It All",202,-1,-1,-1,"Hot 106.5","RNB","FL","R&B"
"9771_1779905363","2026-05-27 18:09:23","2026-06-03 17:16:07.959","9771","Self Love","BLOND:ISH","Never Walk Alone",171,301105708,703507,301105705,"Maxima Radio","OTHER","states/US-NAT","US Partner Digital"
"11302_1779905361","2026-05-27 18:09:21","2026-06-03 17:17:00.817","11302","Landslide","The Chicks","Home",230,1800084,39065,1800082,"County Line",,"states/US-NAT","US Partner Digital"
"6155_1779905356","2026-05-27 18:09:16","2026-06-03 17:15:20.802","6155","Consummation","Trent Reznor & Atticus Ross","Gone Girl (Soundtrack from the Motion Picture)",249,28449065,47643105,28449044,"New Sounds",,"states/US-NAT","US Partner Digital"
"11301_1779905352","2026-05-27 18:09:12","2026-06-03 17:17:01.250","11301","Betty","Carter Faith","Cherry Valley",174,352578678,34776521,352578673,"99.5 THE STAR",,"states/US-NAT","US Partner Digital"
"8135_1779905348","2026-05-27 18:09:08","2026-06-03 17:14:41.075","8135","Witness","The Wood Brothers","Witness",199,320710110,30044727,320710109,"Folk Alley Fresh Cuts",,"states/US-NAT","US Partner Digital"
"10775_1779905340","2026-05-27 18:09:00","2026-06-03 17:16:56.420","10775","Everything","tobyMac","The Elements",200,62834604,386996,62834600,"The Light DFW",,"states/US-NAT","US Partner Digital"
"8713_1779905339","2026-05-27 18:08:59","2026-06-03 17:14:40.914","8713","The Joker","Steve Miller Band","The Joker",264,27689250,28836,27689245,"Smooth 70s",,"states/US-NAT","US Partner Digital"
"10419_1779905335","2026-05-27 18:08:55","2026-06-03 17:15:03.150","10419","Armageddon It","Def Leppard","Hysteria",323,52809702,44059,52809696,"THAT 80's CHANNEL",,"states/US-NAT","US Partner Digital"
"8761_1779905330","2026-05-27 18:08:50","2026-06-03 17:15:54.500","8761","Fantasy","Earth, Wind & Fire","All 'N All",276,17790145,29638,17790142,"Rewound Radio",,"states/US-NAT","US Partner Digital"
"9903_1779905323","2026-05-27 18:08:43","2026-06-03 17:14:47.455","9903","you look like you love me","Ella Langley & Riley Green","still hungover",223,296167087,32173141,296167084,"Kickin' Kountry Radio","COUNTRY","states/US-NAT","US Partner Digital"
"8891_1779905321","2026-05-27 18:08:41","2026-06-03 17:14:41.458","8891","D'un Matin De Printemps","Nikolaj Szeps-Znaider: Lyon National Orchestra","Aux Étoiles - French Symphonic Poems",395,-1,-1,-1,"YourClassical Women's History","OTHER","states/US-NAT","US Partner Digital"
"10465_1779905320","2026-05-27 18:08:40","2026-06-03 17:15:03.540","10465","I Love Rock 'N Roll","Joan Jett & the Blackhearts","I Love Rock 'N' Roll (Expanded Edition)",176,375648661,135300,375648660,"CJ's Awesome 80s",,"states/US-NAT","US Partner Digital"
"7680_1779905314","2026-05-27 18:08:34","2026-06-03 17:15:42.155","7680","Livin' On A Prayer","Bon Jovi","Slippery When Wet",249,60426450,39361,60426447,"Mad Rock Nation","ROCKACTIVE","states/US-NAT","US Partner Digital"
"11297_1779905313","2026-05-27 18:08:33","2026-06-03 17:17:00.829","11297","Too Blind to See It","Kym Sims","Too Blind To See It",210,19788469,812268,19788468,"iPartyRadio: Dance Anthems",,"states/US-NAT","US Partner Digital"
"10344_1779905312","2026-05-27 18:08:32","2026-06-03 17:15:03.329","10344","No Sugar Tonight / New Mother Nature","The Guess Who","American Woman",291,297337670,118315,297337666,"Real Oldies Music Radio",,"states/US-NAT","US Partner Digital"
"6464_1779905306","2026-05-27 18:08:26","2026-06-03 17:15:21.877","6464","Fool in the Rain","Led Zeppelin","In Through the out Door",372,1093873,1807,1093870,"The Loop",,"IL","Classic Rock"
"8888_1779905296","2026-05-27 18:08:16","2026-06-03 17:15:55.728","8888","IV. Turkish March","Arthur Fiedler","Marches In Hi Fi",100,44072897,122289,44072886,"YourClassical Children","OTHER","states/US-NAT","US Partner Digital"
"9570_1779905284","2026-05-27 18:08:04","2026-06-03 17:14:49.137","9570","I'll Never Fall in Love Again","Dionne Warwick","I'll Never Fall In Love Again",174,28131039,404,28131037,"Oldies.Gold","CLASSICHITS","states/US-NAT","US Partner Digital"
"6297_1779905281","2026-05-27 18:08:01","2026-06-03 17:14:47.842","6297","夜行(献给黑夜的女儿)","邓丽君","游舞者",291,54564171,31256219,54564166,"Local Current","ROCKALTERNATIVE","states/US-NAT","US Partner Digital"
"6600_1779905279","2026-05-27 18:07:59","2026-06-03 17:15:24.680","6600","Risoluto","Gretchen Yanover","Luscious Cello Loops",201,228272342,859784,228272331,"Calm by Classical KING","OTHER","states/US-NAT","US Partner Digital"
"9925_1779905273","2026-05-27 18:07:53","2026-06-03 17:16:36.484","9925","Lost In Love","Air Supply","Lost in Love",234,28227353,2618,28227352,"M2D2 RADIO WERP","ACHOTMODERN","states/US-NAT","US Partner Digital"
"11260_1779905265","2026-05-27 18:07:45","2026-06-03 17:17:00.240","11260","Intentions","Justin Bieber feat. Quavo","Intentions",212,91602715,44368,91602714,"The Juice",,"states/US-NAT","US Partner Digital"
"11241_1779905265","2026-05-27 18:07:45","2026-06-03 17:17:00.546","11241","Cadillac Ranch","Bruce Springsteen","The River",183,2017547,3613,2017385,"93QFM",,"states/US-NAT","US Partner Digital"
"8986_1779905265","2026-05-27 18:07:45","2026-06-03 17:14:42.487","8986","Rump Shaker","Wreckx-N-Effect","Hard Or Smooth",311,673214,41922,673206,"The DL Hughley Show",,"states/US-NAT","US Partner Digital"
"11248_1779905250","2026-05-27 18:07:30","2026-06-03 17:17:00.135","11248","小小","王晴","小小",232,-1,-1,-1,"KPOP 24.7 NuWaaV RADIO",,"states/US-NAT","US Partner Digital"
"11178_1779905249","2026-05-27 18:07:29","2026-06-03 17:16:59.645","11178","Cult of Personality","Living Colour","Vivid",294,71258194,42409,71258193,"Power Hits",,"states/US-NAT","US Partner Digital"
"8987_1779905248","2026-05-27 18:07:28","2026-06-03 17:14:42.198","8987","On The Way","Adia","On The Way",209,295101065,705335,295101064,"Willie Moore Jr. Show","OTHER","states/US-NAT","US Partner Digital"
"8984_1779905248","2026-05-27 18:07:28","2026-06-03 17:14:42.371","8984","On The Way","Adia","On The Way",209,295101065,705335,295101064,"Get Up! Mornings","OTHER","states/US-NAT","US Partner Digital"
"8889_1779905246","2026-05-27 18:07:26","2026-06-03 17:15:56.246","8889","Rimsky-Korsakov: Capriccio espagnol, Op. 34: II. Variazioni","London Symphony Orchestra, Sir Charles Mackerras & Rudolf Gaehler","Rimsky-Korsakov: Scheherazade & Capriccio espagnol",248,156719981,11343,156719975,"YourClassical Essentials","OTHER","states/US-NAT","Classical"
"9425_1779905237","2026-05-27 18:07:17","2026-06-03 17:14:47.168","9425","Don't You Want Me","Jody Watley","Jody Watley",253,718758,14615,718757,"Bayology Radio",,"states/US-NAT","US Partner Digital"
"6295_1779905234","2026-05-27 18:07:14","2026-06-03 17:15:20.840","6295","Let's Dance","David Bowie","Let's Dance",456,78144450,27770,78144447,"Rock the Cradle","Prov_American Public Media","states/US-NAT","US Partner Digital"
"11318_1779905227","2026-05-27 18:07:07","2026-06-03 17:17:01.579","11318","All There","Jeezy feat. Bankroll Fresh","Trap Or Die 3",198,43102587,2599,43102582,"DMX Radio",,"states/US-NAT","US Partner Digital"
"9319_1779905227","2026-05-27 18:07:07","2026-06-03 17:14:47.276","9319","Washed Out","Savatage","Power Of The Night",134,2024581,670,2024576,"KBACK Rock Radio","ROCKACTIVE","states/US-NAT","US Partner Digital"
"9251_1779905227","2026-05-27 18:07:07","2026-06-03 17:14:42.540","9251","Funky President (People It's Bad)","James Brown","Reality",268,21038178,2516,21038176,"Hype 1 Radio",,"states/US-NAT","US Partner Digital"
"9771_1779905216","2026-05-27 18:06:56","2026-06-03 17:16:07.959","9771","Give Me Life","19:26 and Gadouh","The Threshold",148,388569224,44259571,388569223,"Maxima Radio","OTHER","states/US-NAT","US Partner Digital"
"9889_1779905214","2026-05-27 18:06:54","2026-06-03 17:16:13.580","9889","Al Ver Que Te Vas","Banda El Recodo De Cruz Lizárraga","Al Ver Que Te Vas",160,209760531,461025,209760530,"La Invasora 94.7","SPANISH","states/US-NAT","US Partner Digital"
"5176_1779905211","2026-05-27 18:06:51","2026-06-03 17:12:07.306","5176","El Twist","Bobby Valentín","El Twist",212,125744750,30044824,125744749,"WKAQ 580","SPANISH","PR","Spanish"
"11302_1779905205","2026-05-27 18:06:45","2026-06-03 17:17:00.817","11302","Holdin' It Down","Chase Matthew","Holdin' It Down",162,373811716,33126682,373811715,"County Line",,"states/US-NAT","US Partner Digital"
"11178_1779905199","2026-05-27 18:06:39","2026-06-03 17:16:59.645","11178","I Was Made For Lovin' You","Kiss","Dynasty",269,710775,35150,710767,"Power Hits",,"states/US-NAT","US Partner Digital"
"8713_1779905199","2026-05-27 18:06:39","2026-06-03 17:14:40.914","8713","Popcorn","Hot Butter","Popcorn And Other Great Instrumentals",152,351295924,31079819,351295923,"Smooth 70s",,"states/US-NAT","US Partner Digital"
"9772_1779905199","2026-05-27 18:06:39","2026-06-03 17:16:08.007","9772","Outras Asas","Iara Rennó feat. Camila Pitanga, Thalma de Freitas, Fabrício Boliveira","AfrodisíacA",121,313341095,960709,313341085,"Traklife Radio","ACHOTMODERN","states/US-NAT","US Partner Digital"
"11461_1779905197","2026-05-27 18:06:37","2026-06-03 17:17:05.861","11461","B3 Gye","D-Black","Loyalty",203,148137672,30039302,148137671,"DogSled African Radio",,"states/US-NAT","US Partner Digital"
"8891_1779905195","2026-05-27 18:06:35","2026-06-03 17:14:41.458","8891","토로(吐露) [Instrumental]","홍경림","홍경림의 대금소리 '토로 (吐露)' 첫 번째 싱글",317,-1,-1,-1,"YourClassical Women's History","OTHER","states/US-NAT","US Partner Digital"
"8757_1779905193","2026-05-27 18:06:33","2026-06-03 17:16:10.993","8757","Heroes","Blaze N Vill","The Lego Ninjago Movie (Original Motion Picture Soundtrack)",205,70460680,31808018,70460679,"LEGOLAND Radio","OTHER","states/US-NAT","Kids & Family"
"9774_1779905191","2026-05-27 18:06:31","2026-06-03 17:16:07.995","9774","Wake Me Up","Avicii","True",247,110881436,390596,110881435,"LIVE 99.9","CHRPOP","states/US-NAT","US Partner Digital"
"9806_1779905180","2026-05-27 18:06:20","2026-06-03 17:14:49.453","9806","Lakini's Juice","Live","Secret Samadhi",298,816602,41289,816591,"AlternativeRadio.us","ROCKALTERNATIVE","states/US-NAT","US Partner Digital"
"8889_1779905177","2026-05-27 18:06:17","2026-06-03 17:15:56.246","8889","Rimsky-Korsakov: Capriccio espagnol, Op. 34: I. Alborada","London Symphony Orchestra, Sir Charles Mackerras & Rudolf Gaehler","Rimsky-Korsakov: Scheherazade & Capriccio espagnol",73,156719980,11343,156719975,"YourClassical Essentials","OTHER","states/US-NAT","Classical"
"7867_1779905169","2026-05-27 18:06:09","2026-06-03 17:15:45.335","7867","Rock Your Baby","George McCrae","Rock Your Baby",385,40157425,189,40157424,"Purple Current","Prov_American Public Media","states/US-NAT","US Partner Digital"
"7863_1779905166","2026-05-27 18:06:06","2026-06-03 17:15:49.032","7863","Friends","Whodini","Escape",278,44951059,122184,44951045,"RnR Radio","Prov_Other","states/US-NAT","US Partner Digital"
"9570_1779905165","2026-05-27 18:06:05","2026-06-03 17:14:49.137","9570","Snowbird","Anne Murray","Country",128,334065397,28649,334065392,"Oldies.Gold","CLASSICHITS","states/US-NAT","US Partner Digital"
"11314_1779905164","2026-05-27 18:06:04","2026-06-03 17:17:02.336","11314","Heavydirtysoul","Twenty One Pilots","Blurryface",234,31850787,527361,31850786,"Alt Rock Variety MEGASHUFFLE",,"states/US-NAT","US Partner Digital"
"8887_1779905162","2026-05-27 18:06:02","2026-06-03 17:15:56.014","8887","Fauré: 3 Songs, Op. 7: 1. Après un rêve (Transcr. Y. Kondonassis)","Yolanda Kondonassis","The Romantic Harp",192,119085093,56133,119085089,"YourClassical Sleep","OTHER","states/US-NAT","Classical"
"9339_1779905157","2026-05-27 18:05:57","2026-06-03 17:16:04.436","9339","4Ever (feat. Fabolous)","Lil' Mo","4 Ever (feat. Fabolous)",270,26478527,611677,26478526,"DJ KIDNU RADIO","HIPHOPRNB","states/US-NAT","US Partner Digital"
"9727_1779905155","2026-05-27 18:05:55","2026-06-03 17:16:07.084","9727","Hands of Mink","P Sol","Excursions, Pt. 2",309,250653466,34266595,250653464,"FreeAgentSoul","RNB","states/US-NAT","US Partner Digital"
"8308_1779905153","2026-05-27 18:05:53","2026-06-03 17:14:40.635","8308","LET 'EM KNOW","T.I.","LET 'EM KNOW",179,374737363,58717,374737362,"FUBU Radio",,"states/US-NAT","US Partner Digital"
"8887_1779905150","2026-05-27 18:05:50","2026-06-03 17:15:56.014","8887","Fauré: 3 Songs, Op. 7: 1. Après un rêve (Transcr. Y. Kondonassis)","Yolanda Kondonassis","The Romantic Harp",192,119085093,56133,119085089,"YourClassical Sleep","OTHER","states/US-NAT","Classical"
"11236_1779905142","2026-05-27 18:05:42","2026-06-03 17:17:00.251","11236","New Sensation","INXS","Kick",219,163043596,4829,163043594,"DC Sugar95",,"states/US-NAT","US Partner Digital"
"10174_1779905138","2026-05-27 18:05:38","2026-06-03 17:15:03.203","10174","Good Good Father","Chris Tomlin","Never Lose Sight",291,43009733,28429,43009732,"Family Life Now","OTHER","states/US-NAT","US Partner Digital"
"9657_1779905137","2026-05-27 18:05:37","2026-06-03 17:14:47.457","9657","Headphones","Lecrae, Killer Mike & T.I.","Reconstruction",221,339822316,4046,339822308,"NGEN Radio","HIPHOPRNB","states/US-NAT","US Partner Digital"
"6227_1779905135","2026-05-27 18:05:35","2026-06-03 17:14:47.455","6227","So Into You","Tamia","Tamia",261,8852743,27630,8852741,"Hot 106.5","RNB","FL","R&B"
"10179_1779905131","2026-05-27 18:05:31","2026-06-03 17:15:03.247","10179","Talking to the Moon","Bruno Mars","Doo-Wops & Hooligans",217,9323649,337578,9323642,"Gospel Road from Family Life","OTHER","states/US-NAT","US Partner Digital"
"7548_1779905128","2026-05-27 18:05:28","2026-06-03 17:15:29.684","7548","Zoot Suit Riot","Cherry Poppin' Daddies","Zoot Suit Riot",233,-1,-1,-1,"DARE FM","ROCKALTERNATIVE","states/US-NAT","US Partner Digital"
"9481_1779905120","2026-05-27 18:05:20","2026-06-03 17:16:05.533","9481","Slippin' Into Darkness","War","All Day Music",419,118196034,29639,118196028,"That Throwback Channel!","RNB","states/US-NAT","US Partner Digital"
"10419_1779905118","2026-05-27 18:05:18","2026-06-03 17:15:03.150","10419","Do You Believe In Love","Huey Lewis & the News","Picture This",208,557730,19378,557724,"THAT 80's CHANNEL",,"states/US-NAT","US Partner Digital"
"6296_1779905116","2026-05-27 18:05:16","2026-06-03 17:15:20.788","6296","Stranger","Ken Pomeroy","Cruel Joke",205,328191272,31521619,328191266,"Radio Heartland","ROCKALTERNATIVE","states/US-NAT","US Partner Digital"
"11297_1779905108","2026-05-27 18:05:08","2026-06-03 17:17:00.829","11297","Star To Fall (Vandalism Remix)","Cabin Crew","Star To Fall",432,-1,-1,-1,"iPartyRadio: Dance Anthems",,"states/US-NAT","US Partner Digital"
"7680_1779905092","2026-05-27 18:04:52","2026-06-03 17:15:42.155","7680","Spoonman","Soundgarden","Telephantasm",245,9285723,2136,9285712,"Mad Rock Nation","ROCKACTIVE","states/US-NAT","US Partner Digital"
"8983_1779905079","2026-05-27 18:04:39","2026-06-03 17:14:42.191","8983","Safe (feat. Kehlani)","Cardi B & Kehlani","AM I THE DRAMA?",177,350952563,31246427,350952555,"The Morning Hustle",,"states/US-NAT","US Partner Digital"
"8136_1779905057","2026-05-27 18:04:17","2026-06-03 17:14:40.506","8136","Fall","Lisa Hannigan","At Swim",179,253890204,30411125,253890203,"Folk Alley Irish Stream",,"states/US-NAT","US Partner Digital"
"6295_1779905051","2026-05-27 18:04:11","2026-06-03 17:15:20.840","6295","The Distance","Cake","Fashion Nugget",180,1800590,70491,1800538,"Rock the Cradle","Prov_American Public Media","states/US-NAT","US Partner Digital"
"9925_1779905043","2026-05-27 18:04:03","2026-06-03 17:16:36.484","9925","Can't We Try","Dan Hill & Vonda Shepard","Dan Hill (1987)",240,148675170,394589,148675167,"M2D2 RADIO WERP","ACHOTMODERN","states/US-NAT","US Partner Digital"
"9771_1779905039","2026-05-27 18:03:59","2026-06-03 17:16:07.959","9771","System","Dino Maggiorana & Optimuss","Systematic Approach [EP]",210,-1,-1,-1,"Maxima Radio","OTHER","states/US-NAT","US Partner Digital"
"11302_1779905038","2026-05-27 18:03:58","2026-06-03 17:17:00.817","11302","All To Myself","Dan + Shay","Dan + Shay",169,58029628,927377,58029624,"County Line",,"states/US-NAT","US Partner Digital"
"8887_1779905035","2026-05-27 18:03:55","2026-06-03 17:15:56.014","8887","Glückssträhne [Instrumental]","BRKN","Einzimmervilla",320,-1,-1,-1,"YourClassical Sleep","OTHER","states/US-NAT","Classical"
"10629_1779905034","2026-05-27 18:03:54","2026-06-03 17:16:52.586","10629","I'll Be Home For Christmas (If Only In My Dreams) (1999 - Remaster)","Frank Sinatra","A Jolly Christmas From Frank Sinatra",189,440813,739,440809,"That Christmas Channel",,"states/US-NAT","US Partner Digital"
"7742_1779905032","2026-05-27 18:03:52","2026-06-03 17:15:41.316","7742","The Holly & The Ivy","The Choir of Royal Holloway","Winter Songs",238,64082012,31060614,64082003,"Christmas by Classical KING","OTHER","states/US-NAT","US Partner Digital"
"8757_1779905032","2026-05-27 18:03:52","2026-06-03 17:16:10.993","8757","Everything Is AWESOME!!! (feat. The Lonely Island)","Tegan and Sara","The Lego® Movie (Original Motion Picture Soundtrack)",163,70463609,742157,70463608,"LEGOLAND Radio","OTHER","states/US-NAT","Kids & Family"
"6464_1779905031","2026-05-27 18:03:51","2026-06-03 17:15:21.877","6464","Dr. Feelgood","Mötley Crüe","Dr. Feelgood",289,374826186,119694,374826184,"The Loop",,"IL","Classic Rock"
"9481_1779905028","2026-05-27 18:03:48","2026-06-03 17:16:05.533","9481","Rescue Me","A Taste of Honey","Twice As Sweet",202,518094,29373,518092,"That Throwback Channel!","RNB","states/US-NAT","US Partner Digital"
"10465_1779905020","2026-05-27 18:03:40","2026-06-03 17:15:03.540","10465","With Or Without You","U2","The Joshua Tree",295,754648,970,754639,"CJ's Awesome 80s",,"states/US-NAT","US Partner Digital"
"11244_1779905018","2026-05-27 18:03:38","2026-06-03 17:16:59.983","11244","Trust In God","Elevation Worship","Trust In God (Radio Version)",243,223659229,303847,223659228,"Total Worship Radio",,"states/US-NAT","US Partner Digital"
"10344_1779905016","2026-05-27 18:03:36","2026-06-03 17:15:03.329","10344","American Woman","The Guess Who","American Woman (Expanded Edition)",309,102661680,118315,102661679,"Real Oldies Music Radio",,"states/US-NAT","US Partner Digital"
"11260_1779905016","2026-05-27 18:03:36","2026-06-03 17:17:00.240","11260","Too Sweet","Hozier","Unreal Unearth: Unaired",251,284211908,979812,284211904,"The Juice",,"states/US-NAT","US Partner Digital"
"11240_1779905011","2026-05-27 18:03:31","2026-06-03 17:16:59.881","11240","Treat 'Em Right","Chubb Rock","The One",282,7612949,89696,7612946,"Soul Radio Coast2coast",,"states/US-NAT","US Partner Digital"
"9339_1779905003","2026-05-27 18:03:23","2026-06-03 17:16:04.436","9339","Drift","Teejay","I AM CHIPPY",162,253900050,208794,253900040,"DJ KIDNU RADIO","HIPHOPRNB","states/US-NAT","US Partner Digital"
"8887_1779904999","2026-05-27 18:03:19","2026-06-03 17:15:56.014","8887","Les barricades mystérieuses","Pablo Sáinz-Villegas","The Blue Album",224,217860228,42914064,217860223,"YourClassical Sleep","OTHER","states/US-NAT","Classical"
"10775_1779904997","2026-05-27 18:03:17","2026-06-03 17:16:56.420","10775","Miracles","Colton Dixon","Colton Dixon",174,101796985,794269,101796984,"The Light DFW",,"states/US-NAT","US Partner Digital"
"9774_1779904989","2026-05-27 18:03:09","2026-06-03 17:16:07.995","9774","Be Her","Ella Langley","Be Her",216,379348746,32173141,379348745,"LIVE 99.9","CHRPOP","states/US-NAT","US Partner Digital"
"9319_1779904981","2026-05-27 18:03:01","2026-06-03 17:14:47.276","9319","Animals","Architects","For Those That Wish To Exist",243,126048901,30947,126048891,"KBACK Rock Radio","ROCKACTIVE","states/US-NAT","US Partner Digital"
"9657_1779904980","2026-05-27 18:03:00","2026-06-03 17:14:47.457","9657","No Idols","Brandon Lake & Skema Boy","No Idols",156,362342300,31186772,362342299,"NGEN Radio","HIPHOPRNB","states/US-NAT","US Partner Digital"
"8713_1779904978","2026-05-27 18:02:58","2026-06-03 17:14:40.914","8713","Le Freak","Chic","C'est Chic",331,64974213,2681,64974211,"Smooth 70s",,"states/US-NAT","US Partner Digital"
"8987_1779904974","2026-05-27 18:02:54","2026-06-03 17:14:42.198","8987","Sookie Sookie","Grant Green","Blue Break Beats Vol. 1",669,51621409,27773,51621407,"Willie Moore Jr. Show","OTHER","states/US-NAT","US Partner Digital"
"9425_1779904974","2026-05-27 18:02:54","2026-06-03 17:14:47.168","9425","Oh","Ciara feat. Ludacris","Goodies",255,2488851,28577,2488031,"Bayology Radio",,"states/US-NAT","US Partner Digital"
"9889_1779904965","2026-05-27 18:02:45","2026-06-03 17:16:13.580","9889","Now You See It","Honorebel","Now You See It (Remixes)",360,22777264,16579,22777260,"La Invasora 94.7","SPANISH","states/US-NAT","US Partner Digital"
"8880_1779904956","2026-05-27 18:02:36","2026-06-03 17:15:55.612","8880","Tomorrow Shall Be My Dancing Day (Arr. D. Wilcocks for Choir)","John Rutter","Christmas Night: Carols of the Nativity (Remastered 2020)",119,114745825,39648,114745813,"YourClassical Holiday","OTHER","states/US-NAT","US Partner Digital"
"11241_1779904952","2026-05-27 18:02:32","2026-06-03 17:17:00.546","11241","Just Another Night","Mick Jagger","She's The Boss",315,75114261,60069,75114255,"93QFM",,"states/US-NAT","US Partner Digital"
"7742_1779904952","2026-05-27 18:02:32","2026-06-03 17:15:41.316","7742","Bogoróditse Dyevo","Choir of King's College, Cambridge, Stephen Cleobury","A Festival of Nine Lessons & Carols: The Centenary Service",75,292564852,30456106,292564834,"Christmas by Classical KING","OTHER","states/US-NAT","US Partner Digital"
"11248_1779904946","2026-05-27 18:02:26","2026-06-03 17:17:00.135","11248","苹果香","王一佳","苹果香",230,-1,-1,-1,"KPOP 24.7 NuWaaV RADIO",,"states/US-NAT","US Partner Digital"
"11300_1779904939","2026-05-27 18:02:19","2026-06-03 17:17:00.954","11300","PSYCHOLOGICAL","The Band Perry","PSYCHOLOGICAL",196,379126482,115096,379126481,"99.5 THE GULF",,"states/US-NAT","US Partner Digital"
"6155_1779904939","2026-05-27 18:02:19","2026-06-03 17:15:20.802","6155","Tommy Rockwood","The Little Willies","For The Good Times",156,16238928,36910,16238923,"New Sounds",,"states/US-NAT","US Partner Digital"
"7548_1779904938","2026-05-27 18:02:18","2026-06-03 17:15:29.684","7548","KEEP IT UP","Rex Orange County","KEEP IT UP",182,157549658,31393150,157549657,"DARE FM","ROCKALTERNATIVE","states/US-NAT","US Partner Digital"
"8887_1779904938","2026-05-27 18:02:18","2026-06-03 17:15:56.014","8887","Weary Blues","Madeleine Peyroux","Careless Love",220,142960236,32210,142960227,"YourClassical Sleep","OTHER","states/US-NAT","Classical"
"8136_1779904937","2026-05-27 18:02:17","2026-06-03 17:14:40.506","8136","Video 83","Shan","Tanzstuecke",392,-1,-1,-1,"Folk Alley Irish Stream",,"states/US-NAT","US Partner Digital"
"8887_1779904937","2026-05-27 18:02:17","2026-06-03 17:15:56.014","8887","For Such a Time as This","Stanton Lanier","Climb to the Sky",287,42525554,340591,42525547,"YourClassical Sleep","OTHER","states/US-NAT","Classical"
"8884_1779904925","2026-05-27 18:02:05","2026-06-03 17:14:41.974","8884","The State (I'm In)","Josefin Öhrn + The Liberation","Mirage",299,362571614,30004130,362571613,"YourClassical Concert Band","OTHER","states/US-NAT","US Partner Digital"
"10174_1779904924","2026-05-27 18:02:04","2026-06-03 17:15:03.203","10174","My Defender","Jeremy Camp","The Answer",218,51025180,27692,51025178,"Family Life Now","OTHER","states/US-NAT","US Partner Digital"
"8885_1779904918","2026-05-27 18:01:58","2026-06-03 17:15:55.325","8885","Luminous","Ludovico Einaudi","Underwater",282,157236532,172566,157236531,"YourClassical Relax","OTHER","states/US-NAT","Classical"
"7342_1779904916","2026-05-27 18:01:56","2026-06-03 17:15:28.854","7342","Ordinary World","Mathilde W. Taugard & Vilde Didriksen","The Voice 2022: Duell 4",164,163476967,45687256,163476966,"WABE 90.1 HD2 Classical",,"states/US-NAT","US Partner Digital"
"11314_1779904912","2026-05-27 18:01:52","2026-06-03 17:17:02.336","11314","Mudshovel","Staind","Dysfunction",281,7614908,58118,7614903,"Alt Rock Variety MEGASHUFFLE",,"states/US-NAT","US Partner Digital"
"8886_1779904905","2026-05-27 18:01:45","2026-06-03 17:14:41.191","8886","Last Minute Dreamer","Monki","Last Minute Dreamer",216,257279325,721002,257279324,"YourClassical Chamber Music","OTHER","states/US-NAT","US Partner Digital"
"6227_1779904895","2026-05-27 18:01:35","2026-06-03 17:14:47.455","6227","My Lovin' (You're Never Gonna Get It)","En Vogue","Funky Divas",282,11664670,58440,11664668,"Hot 106.5","RNB","FL","R&B"
"10344_1779904894","2026-05-27 18:01:34","2026-06-03 17:15:03.329","10344","My Baby Loves Lovin'","White Plains","My Baby Loves Lovin'",156,28503025,11813,28503024,"Real Oldies Music Radio",,"states/US-NAT","US Partner Digital"
"8989_1779904892","2026-05-27 18:01:32","2026-06-03 17:15:57.454","8989","3. Allegro","Avi Avital","Vivaldi",123,30827634,30577049,30827628,"K-Mozart","OTHER","states/US-NAT","US Partner Digital"
"11178_1779904891","2026-05-27 18:01:31","2026-06-03 17:16:59.645","11178","Jamming","Bob Marley & the Wailers","Exodus",210,170597164,1044,170597158,"Power Hits",,"states/US-NAT","US Partner Digital"
"8880_1779904888","2026-05-27 18:01:28","2026-06-03 17:15:55.612","8880","同归于尽","星弟","同归于尽",349,-1,-1,-1,"YourClassical Holiday","OTHER","states/US-NAT","US Partner Digital"
"9806_1779904888","2026-05-27 18:01:28","2026-06-03 17:14:49.453","9806","All These Things That I've Done","The Killers","Hot Fuss",301,108315433,36647,108315428,"AlternativeRadio.us","ROCKALTERNATIVE","states/US-NAT","US Partner Digital"
"8888_1779904887","2026-05-27 18:01:27","2026-06-03 17:15:55.728","8888","Il barbiere di Siviglia (the Barber of Seville): Overture","Fuat Mansurov: Royal Philharmonic Orchestra","Guitar Recital: Saad, Rolando - Rodrigo, J. / Bacarisse, S. / Torroba, F. M. / Rossini, G. (A Celebration of the Spanish Guitar)",422,-1,-1,-1,"YourClassical Children","OTHER","states/US-NAT","US Partner Digital"
"7863_1779904874","2026-05-27 18:01:14","2026-06-03 17:15:49.032","7863","Kissing You","Keith Washington","Make Time For Love",294,-1,-1,-1,"RnR Radio","Prov_Other","states/US-NAT","US Partner Digital"
"8889_1779904871","2026-05-27 18:01:11","2026-06-03 17:15:56.246","8889","Sleeping Beauty, Op.66: Waltz","Various Artists","Peter Ilyich Tchaikovsky Greatest Hits",271,13782651,6,13782607,"YourClassical Essentials","OTHER","states/US-NAT","Classical"
"7680_1779904867","2026-05-27 18:01:07","2026-06-03 17:15:42.155","7680","Are You Gonna Be My Girl","Jet","Get Born",213,376587138,1761,376587136,"Mad Rock Nation","ROCKACTIVE","states/US-NAT","US Partner Digital"
"8892_1779904867","2026-05-27 18:01:07","2026-06-03 17:15:55.986","8892","Bach: Violin Partita #2 In D Minor, BWV 1004 - Allemanda","Thibault Cauvin","Bach",357,-1,-1,-1,"YourClassical Radio","OTHER","states/US-NAT","Classical"
"8889_1779904864","2026-05-27 18:01:04","2026-06-03 17:15:56.246","8889","バレエ音楽「眠れる森の美女」作品66より 第1幕 No.6 ワルツ","西本智実 指揮 ロシア・ボリショイ交響楽団""ミレニアム""","チャイコフスキー: 交響曲 #6「悲愴」",297,-1,-1,-1,"YourClassical Essentials","OTHER","states/US-NAT","Classical"
"8889_1779904859","2026-05-27 18:00:59","2026-06-03 17:15:56.246","8889","Tchaikovsky: Sleeping Beauty Suite - 5. Valse","Christoph Eschenbach: Vienna Philharmonic Orchestra","Sommernachtskonzert 2017",322,-1,-1,-1,"YourClassical Essentials","OTHER","states/US-NAT","Classical"
"9251_1779904847","2026-05-27 18:00:47","2026-06-03 17:14:42.540","9251","Put It On Me","Ja Rule feat. Vita","Rule 3:36",262,19279155,39129,19279151,"Hype 1 Radio",,"states/US-NAT","US Partner Digital"
"10636_1779904845","2026-05-27 18:00:45","2026-06-03 17:15:02.956","10636","Joy And Pain","Maze feat. Frankie Beverly","Joy And Pain",433,421765,255562,421760,"98.3 BPME ""The Sound""",,"states/US-NAT","US Partner Digital"
"8136_1779904845","2026-05-27 18:00:45","2026-06-03 17:14:40.506","8136","Neon Lights","Elias","Neon Lights",214,323989980,30035576,323989979,"Folk Alley Irish Stream",,"states/US-NAT","US Partner Digital"
"8888_1779904845","2026-05-27 18:00:45","2026-06-03 17:15:55.728","8888","Rossini: Il Barbiere Di Siviglia - Overture","Herbert Von Karajan: Philharmonia Orchestra","Rossini: Overtures",440,-1,-1,-1,"YourClassical Children","OTHER","states/US-NAT","US Partner Digital"
"11236_1779904844","2026-05-27 18:00:44","2026-06-03 17:17:00.251","11236","Abracadabra","Steve Miller Band","Abracadabra",307,524791,28836,524789,"DC Sugar95",,"states/US-NAT","US Partner Digital"
"8888_1779904844","2026-05-27 18:00:44","2026-06-03 17:15:55.728","8888","Rossini: Il barbiere di Siviglia: Overture","Sir Neville Marriner & Academy Of St. Martin In The Fields","Rossini: Overtures. Il barbiere di Siviglia, Guillaume Tell, La gazza ladra...",444,259073077,31437051,259073070,"YourClassical Children","OTHER","states/US-NAT","US Partner Digital"
"8888_1779904841","2026-05-27 18:00:41","2026-06-03 17:15:55.728","8888","Rossini: Il barbiere di Siviglia: Overture (Sinfonia)","Academy of St Martin-in-the-Fields/Sir Neville Marriner","Rossini: Complete Overtures",432,19234237,30702257,19234217,"YourClassical Children","OTHER","states/US-NAT","US Partner Digital"
"10419_1779904839","2026-05-27 18:00:39","2026-06-03 17:15:03.150","10419","Higher Love","Steve Winwood","Back In The High Life",350,68014372,31660,68014371,"THAT 80's CHANNEL",,"states/US-NAT","US Partner Digital"
"8888_1779904839","2026-05-27 18:00:39","2026-06-03 17:15:55.728","8888","Rossini: Il Barbiere Di Siviglia - Overture","Herbert Von Karajan: Philharmonia Orchestra","Rossini: Overtures",440,-1,-1,-1,"YourClassical Children","OTHER","states/US-NAT","US Partner Digital"
"11260_1779904837","2026-05-27 18:00:37","2026-06-03 17:17:00.240","11260","Midnight Sun","Zara Larsson","Midnight Sun",188,332448851,883390,332448850,"The Juice",,"states/US-NAT","US Partner Digital"
"8888_1779904835","2026-05-27 18:00:35","2026-06-03 17:15:55.728","8888","Rossini: Il barbiere di Siviglia: Overture (Sinfonia)","Academy of St Martin-in-the-Fields/Sir Neville Marriner","Rossini: Complete Overtures",432,19234237,30702257,19234217,"YourClassical Children","OTHER","states/US-NAT","US Partner Digital"
"11301_1779904834","2026-05-27 18:00:34","2026-06-03 17:17:01.250","11301","Painted You Pretty","Hudson Westbrook","Texas Forever",191,341123781,42790194,341123778,"99.5 THE STAR",,"states/US-NAT","US Partner Digital"
"11302_1779904827","2026-05-27 18:00:27","2026-06-03 17:17:00.817","11302","You Heard Wrong","Dylan Schneider","Wannabe [EP]",216,-1,-1,-1,"County Line",,"states/US-NAT","US Partner Digital"
"11240_1779904825","2026-05-27 18:00:25","2026-06-03 17:16:59.881","11240","Jungle Boogie","Kool & the Gang","Wild And Peaceful",186,732918,568,732913,"Soul Radio Coast2coast",,"states/US-NAT","US Partner Digital"
"6155_1779904819","2026-05-27 18:00:19","2026-06-03 17:15:20.802","6155","La Nueva Ciudad","Balún","Prisma Tropical",293,54863510,171250,54863508,"New Sounds",,"states/US-NAT","US Partner Digital"
"6295_1779904817","2026-05-27 18:00:17","2026-06-03 17:15:20.840","6295","40 Day Dream","Edward Sharpe & the Magnetic Zeros","Up from Below",233,281382744,44378,281382743,"Rock the Cradle","Prov_American Public Media","states/US-NAT","US Partner Digital"
"6464_1779904816","2026-05-27 18:00:16","2026-06-03 17:15:21.877","6464","I Want You to Want Me","Cheap Trick","At Budokan",224,2527334,35148,2524888,"The Loop",,"IL","Classic Rock"
"6600_1779904814","2026-05-27 18:00:14","2026-06-03 17:15:24.680","6600","Adagio for Violin and Orchestra in E, K.261","Arthur Grumiaux","Mozart: Violin Concertos Nos. 1/5 etc.",447,19328778,30133991,19328759,"Calm by Classical KING","OTHER","states/US-NAT","US Partner Digital"
"11297_1779904809","2026-05-27 18:00:09","2026-06-03 17:17:00.829","11297","Take Me Away","StoneBridge feat. Therese","Take Me Away",318,53539060,60250,53539056,"iPartyRadio: Dance Anthems",,"states/US-NAT","US Partner Digital"
"11461_1779904804","2026-05-27 18:00:04","2026-06-03 17:17:05.861","11461","Temperature","Sean Paul","The Trinity",216,1014871,12437,1014860,"DogSled African Radio",,"states/US-NAT","US Partner Digital"
"8889_1779904803","2026-05-27 18:00:03","2026-06-03 17:15:56.246","8889","Vivaldi: Violin Concerto In G Minor, Op. 8/2, RV 315, ""The Four Seasons (Summer)"" - 3. Presto","Anne-Sophie Mutter: Trondheim Soloists","Vivaldi: Le Quattro Stagioni",158,-1,-1,-1,"YourClassical Essentials","OTHER","states/US-NAT","Classical"
"8888_1779904803","2026-05-27 18:00:03","2026-06-03 17:15:55.728","8888","The Barber of Seville: Overture","Various Artists","Study with the Masters",470,34780773,6,34780763,"YourClassical Children","OTHER","states/US-NAT","US Partner Digital"
"11265_1779904802","2026-05-27 18:00:02","2026-06-03 17:17:00.286","11265","Across the Skies","Stanton Lanier","A Thousand Years",306,13969205,340591,13969204,"AF Radio",,"states/US-NAT","US Partner Digital"
"8880_1779904795","2026-05-27 17:59:55","2026-06-03 17:15:55.612","8880","Bob Marley","Massiv & RAF Camora","Raubtier",143,-1,-1,-1,"YourClassical Holiday","OTHER","states/US-NAT","US Partner Digital"
"9925_1779904795","2026-05-27 17:59:55","2026-06-03 17:16:36.484","9925","The Best Things In Life Are Free","Luther Vandross & Janet Jackson feat. Bell Biv DeVoe, Ralph Tresvant","The Best Things In Life Are Free",275,222954727,3402,222954721,"M2D2 RADIO WERP","ACHOTMODERN","states/US-NAT","US Partner Digital"
"9889_1779904795","2026-05-27 17:59:55","2026-06-03 17:16:13.580","9889","La Escuela No Me Gustó","Adriel Favela feat. Javier Rosas Y Su Artillería Pesada","Señalado por Costumbre",175,60312073,848284,60312070,"La Invasora 94.7","SPANISH","states/US-NAT","US Partner Digital"
"9774_1779904790","2026-05-27 17:59:50","2026-06-03 17:16:07.995","9774","Promise?","Bella Kay","Promise?",191,396934818,47616481,396934817,"LIVE 99.9","CHRPOP","states/US-NAT","US Partner Digital"
"9339_1779904786","2026-05-27 17:59:46","2026-06-03 17:16:04.436","9339","Not Tonight","Lil' Kim","Hard Core (Amended Digital Album)",254,9389003,56128,9388991,"DJ KIDNU RADIO","HIPHOPRNB","states/US-NAT","US Partner Digital"
"9481_1779904784","2026-05-27 17:59:44","2026-06-03 17:16:05.533","9481","Live and Learn","Joe Public","Joe Public",263,61497135,30048547,61497134,"That Throwback Channel!","RNB","states/US-NAT","US Partner Digital"
"8163_1779904782","2026-05-27 17:59:42","2026-06-03 17:15:47.552","8163","The Lonesome Death of Hattie Carroll","Aoife O'Donovan feat. The Knights","All My Friends",335,242803236,870091,242803227,"Folk Alley Holiday","OTHER","states/US-NAT","US Partner Digital"
"9657_1779904779","2026-05-27 17:59:39","2026-06-03 17:14:47.457","9657","Sweet Victory","Trip Lee feat. Dimitri McDowell, Leah Smith","Rise",307,112022109,359753,112022095,"NGEN Radio","HIPHOPRNB","states/US-NAT","US Partner Digital"
"11318_1779904775","2026-05-27 17:59:35","2026-06-03 17:17:01.579","11318","Shake Ya Ass","Mystikal featuring Pharrell Williams","Let's Get Ready",256,2555728,37986,2555159,"DMX Radio",,"states/US-NAT","US Partner Digital"
"11318_1779904773","2026-05-27 17:59:33","2026-06-03 17:17:01.579","11318","Shake It Fast","Mystikal","Shake Ya Ass",254,130075073,37986,130075071,"DMX Radio",,"states/US-NAT","US Partner Digital"
"11244_1779904773","2026-05-27 17:59:33","2026-06-03 17:16:59.983","11244","Thank God I Do","Lauren Daigle","Thank God I Do",258,207316029,30480349,207316028,"Total Worship Radio",,"states/US-NAT","US Partner Digital"
"9425_1779904770","2026-05-27 17:59:30","2026-06-03 17:14:47.168","9425","Too Hot To Stop","The Bar-Kays","Too Hot To Stop",391,-1,-1,-1,"Bayology Radio",,"states/US-NAT","US Partner Digital"
"7867_1779904754","2026-05-27 17:59:14","2026-06-03 17:15:45.335","7867","Don't Let Me Be Misunderstood","Nina Simone","Four Women: The Nina Simone Philips Recordings",167,60897211,1804,60897203,"Purple Current","Prov_American Public Media","states/US-NAT","US Partner Digital"
"7867_1779904751","2026-05-27 17:59:11","2026-06-03 17:15:45.335","7867","DontGetIt","Lil Wayne","Tha Carter III",591,591465,39555,591461,"Purple Current","Prov_American Public Media","states/US-NAT","US Partner Digital"
"8889_1779904737","2026-05-27 17:58:57","2026-06-03 17:15:56.246","8889","Sleeping Beauty, Op.66 (1993 - Remaster), Act I: The Spell: 6. Valse (Allegro: Tempo di valse)","London Symphony Orchestra/André Previn","Tchaikovsky: The Sleeping Beauty",300,5333330,30316699,5333314,"YourClassical Essentials","OTHER","states/US-NAT","Classical"
"11241_1779904715","2026-05-27 17:58:35","2026-06-03 17:17:00.546","11241","Top of the World","Van Halen","For Unlawful Carnal Knowledge",232,1572937,58813,1572926,"93QFM",,"states/US-NAT","US Partner Digital"
"10465_1779904707","2026-05-27 17:58:27","2026-06-03 17:15:03.540","10465","Once in a Lifetime","Talking Heads","Remain in Light",262,1022204,27226,1022200,"CJ's Awesome 80s",,"states/US-NAT","US Partner Digital"
"7342_1779904694","2026-05-27 17:58:14","2026-06-03 17:15:28.854","7342","11. G.R.S. (Allegro di molto)","London Symphony Orchestra","Pierre Monteux - Recordings 1956-1964",55,19121987,11343,19121891,"WABE 90.1 HD2 Classical",,"states/US-NAT","US Partner Digital"
"9495_1779904690","2026-05-27 17:58:10","2026-06-03 17:16:05.509","9495","Fruta y Té","Gepe","GP",173,319218068,239888,319218066,"ADN","SPANISH","states/US-NAT","Spanish"
"7099_1779904684","2026-05-27 17:58:04","2026-06-03 17:15:26.647","7099","Hurts For You","Stephen Stanley","Hurts For You",247,137599824,30039743,137599823,"WAY LOUD","OTHER","states/US-NAT","US Partner Digital"
"8888_1779904684","2026-05-27 17:58:04","2026-06-03 17:15:55.728","8888","The Barber of Seville - Comic opera in two acts [first half]: Overture","James Levine/London Symphony Orchestra","Rossini: The Barber of Seville - Comic opera in two acts",446,5329108,30009186,5329107,"YourClassical Children","OTHER","states/US-NAT","US Partner Digital"
"8163_1779904675","2026-05-27 17:57:55","2026-06-03 17:15:47.552","8163","One More Night","Punch Brothers","Hell on Church Street",108,156277625,58560,156277621,"Folk Alley Holiday","OTHER","states/US-NAT","US Partner Digital"
"9806_1779904667","2026-05-27 17:57:47","2026-06-03 17:14:49.453","9806","Why'd You Only Call Me When You're High?","Arctic Monkeys","AM",160,45036580,60731,45036571,"AlternativeRadio.us","ROCKALTERNATIVE","states/US-NAT","US Partner Digital"
"6295_1779904665","2026-05-27 17:57:45","2026-06-03 17:15:20.840","6295","Popcorn","Hot Butter","Popcorn And Other Great Instrumentals",152,351295924,31079819,351295923,"Rock the Cradle","Prov_American Public Media","states/US-NAT","US Partner Digital"
"11314_1779904662","2026-05-27 17:57:42","2026-06-03 17:17:02.336","11314","Here I Am","The Hellp","Riviera",226,361697709,44173261,361697700,"Alt Rock Variety MEGASHUFFLE",,"states/US-NAT","US Partner Digital"
"7680_1779904660","2026-05-27 17:57:40","2026-06-03 17:15:42.155","7680","Hurts So Good","John Mellencamp","American Fool",221,689708,40082,689703,"Mad Rock Nation","ROCKACTIVE","states/US-NAT","US Partner Digital"
"8989_1779904653","2026-05-27 17:57:33","2026-06-03 17:15:57.454","8989","2. Largo","Avi Avital","Vivaldi",240,30827633,30577049,30827628,"K-Mozart","OTHER","states/US-NAT","US Partner Digital"
"10418_1779904652","2026-05-27 17:57:32","2026-06-03 17:15:03.134","10418","New Creation","Mac Powell","New Creation",182,147641781,781584,147641779,"Christian Hits FM","OTHER","states/US-NAT","US Partner Digital"
"11299_1779904651","2026-05-27 17:57:31","2026-06-03 17:17:01.114","11299","Right Beside Me","Timber Choir","Right Beside Me",228,-1,-1,-1,"LA NUEVA, RADIO",,"states/US-NAT","US Partner Digital"
"9772_1779904636","2026-05-27 17:57:16","2026-06-03 17:16:08.007","9772","Hoisin","Michael Klein","Hoisin",386,313123148,31028748,313123147,"Traklife Radio","ACHOTMODERN","states/US-NAT","US Partner Digital"
"11240_1779904631","2026-05-27 17:57:11","2026-06-03 17:16:59.881","11240","Don't Mess With Bill","The Marvelettes","Deliver: The Singles 1961-1971",167,21103612,41055,21103606,"Soul Radio Coast2coast",,"states/US-NAT","US Partner Digital"
"11260_1779904629","2026-05-27 17:57:09","2026-06-03 17:17:00.240","11260","Elizabeth Taylor","Taylor Swift","The Life of a Showgirl",207,353381095,33221,353381093,"The Juice",,"states/US-NAT","US Partner Digital"
"10775_1779904622","2026-05-27 17:57:02","2026-06-03 17:16:56.420","10775","Jordans","Blessing Offor","Jordans",246,288001465,335148,288001464,"The Light DFW",,"states/US-NAT","US Partner Digital"
"11236_1779904621","2026-05-27 17:57:01","2026-06-03 17:17:00.251","11236","Rock 'n' Roll Fantasy","Bad Company","Desolation Angels",199,1573156,40534,1573155,"DC Sugar95",,"states/US-NAT","US Partner Digital"
"11302_1779904617","2026-05-27 17:56:57","2026-06-03 17:17:00.817","11302","Sorry... I Meant Tonight","Megan Moroney","Cloud 9",213,383134737,35764910,383134721,"County Line",,"states/US-NAT","US Partner Digital"
"11178_1779904616","2026-05-27 17:56:56","2026-06-03 17:16:59.645","11178","Eye In The Sky","The Alan Parsons Project","Eye In The Sky",276,54102804,43693,54102802,"Power Hits",,"states/US-NAT","US Partner Digital"
"8983_1779904608","2026-05-27 17:56:48","2026-06-03 17:14:42.191","8983","Folded","Kehlani","Folded",237,344806810,30808392,344806809,"The Morning Hustle",,"states/US-NAT","US Partner Digital"
"8136_1779904602","2026-05-27 17:56:42","2026-06-03 17:14:40.506","8136","Haven","We Banjo 3","Haven",212,140680806,894395,140680805,"Folk Alley Irish Stream",,"states/US-NAT","US Partner Digital"
"8889_1779904590","2026-05-27 17:56:30","2026-06-03 17:15:56.246","8889","Vivaldi: The Four Seasons, Violin Concerto in G Minor, Op. 8 No. 2, RV 315 ""Summer"": II. Adagio - Presto","Renaud Capuçon","Vivaldi: Les 4 Saisons - Chevalier de Saint-George: Concertos",123,306932452,30418089,306932447,"YourClassical Essentials","OTHER","states/US-NAT","Classical"
"9339_1779904587","2026-05-27 17:56:27","2026-06-03 17:16:04.436","9339","It's Like That","Mariah Carey feat. Jermaine Dupri, Fatman Scoop","The Emancipation of Mimi",202,708483,31885,708475,"DJ KIDNU RADIO","HIPHOPRNB","states/US-NAT","US Partner Digital"
"9493_1779904586","2026-05-27 17:56:26","2026-06-03 17:16:06.143","9493","球鞋，麦克风，和爱","梁维嘉","STONE HEART",214,323922015,46505810,323922004,"Cadena SER","SPANISH","states/US-NAT","Spanish"
"8889_1779904585","2026-05-27 17:56:25","2026-06-03 17:15:56.246","8889","II. Adagio from Concerto No. 2 in G minor, Op. 8, No. 2, RV 315 ?Summer? from The Four Seasons","Andrea Marcon;Giuliano Carmignola","Simply Summer",137,44072689,140595,44072686,"YourClassical Essentials","OTHER","states/US-NAT","Classical"
"10419_1779904582","2026-05-27 17:56:22","2026-06-03 17:15:03.150","10419","Word Up","Cameo","Word Up",260,570131,39409,570126,"THAT 80's CHANNEL",,"states/US-NAT","US Partner Digital"
"11297_1779904577","2026-05-27 17:56:17","2026-06-03 17:17:00.829","11297","Can't Get Enough!","Soulsearcher","Can't Get Enough",409,304855426,99121,304855425,"iPartyRadio: Dance Anthems",,"states/US-NAT","US Partner Digital"
"11392_1779904576","2026-05-27 17:56:16","2026-06-03 17:17:03.457","11392","Hymn To Freedom","Oscar Peterson Trio","Night Train",330,5090380,39083,5090365,"Easy Jazz FM",,"states/US-NAT","US Partner Digital"
"11244_1779904576","2026-05-27 17:56:16","2026-06-03 17:16:59.983","11244","If The Lord Builds The House","Hope Darst","If The Lord Builds The House",235,-1,-1,-1,"Total Worship Radio",,"states/US-NAT","US Partner Digital"
"8713_1779904574","2026-05-27 17:56:14","2026-06-03 17:14:40.914","8713","I'm a Train","Albert Hammond","Albert Hammond",203,10365190,89364,10365189,"Smooth 70s",,"states/US-NAT","US Partner Digital"
"9925_1779904572","2026-05-27 17:56:12","2026-06-03 17:16:36.484","9925","Self Control","Laura Branigan","Self Control",246,1119992,58565,1119990,"M2D2 RADIO WERP","ACHOTMODERN","states/US-NAT","US Partner Digital"
"6227_1779904570","2026-05-27 17:56:10","2026-06-03 17:14:47.455","6227","Boo'd Up","Ella Mai","Ella Mai",238,62835814,31392361,62835806,"Hot 106.5","RNB","FL","R&B"
"11318_1779904569","2026-05-27 17:56:09","2026-06-03 17:17:01.579","11318","All Falls Down","Kanye West feat. Syleena Johnson","The College Dropout",223,59388609,34743,59388605,"DMX Radio",,"states/US-NAT","US Partner Digital"
"11461_1779904568","2026-05-27 17:56:08","2026-06-03 17:17:05.861","11461","Body On Me","Skales Feat. Joshua Baraka","Martina's Son",210,-1,-1,-1,"DogSled African Radio",,"states/US-NAT","US Partner Digital"
"9657_1779904563","2026-05-27 17:56:03","2026-06-03 17:14:47.457","9657","Without You","Social Club Misfits & Riley Clemmons","Without You",226,137045046,31198149,137045045,"NGEN Radio","HIPHOPRNB","states/US-NAT","US Partner Digital"
"9727_1779904561","2026-05-27 17:56:01","2026-06-03 17:16:07.084","9727","All Night","Cell7","Is Anybody Listening?",213,344666343,30008888,344666338,"FreeAgentSoul","RNB","states/US-NAT","US Partner Digital"
"8136_1779904555","2026-05-27 17:55:55","2026-06-03 17:14:40.506","8136","Electric Counterpoint: I. Fast","Steve Reich & Pat Metheny","Phases",410,4378891,58487,4378852,"Folk Alley Irish Stream",,"states/US-NAT","US Partner Digital"
"8135_1779904554","2026-05-27 17:55:54","2026-06-03 17:14:41.075","8135","Bitter Ender","Mary Chapin Carpenter","Personal History",208,321647329,98269,321647322,"Folk Alley Fresh Cuts",,"states/US-NAT","US Partner Digital"
"9570_1779904551","2026-05-27 17:55:51","2026-06-03 17:14:49.137","9570","Baby Hold On","Eddie Money","Eddie Money",212,8999407,35975,8999406,"Oldies.Gold","CLASSICHITS","states/US-NAT","US Partner Digital"
"8757_1779904536","2026-05-27 17:55:36","2026-06-03 17:16:10.993","8757","Dance of Doom","Louis Cole and Genevieve Artadi","The Lego Ninjago Movie (Original Motion Picture Soundtrack)",203,70460684,443724,70460679,"LEGOLAND Radio","OTHER","states/US-NAT","Kids & Family"
"11241_1779904515","2026-05-27 17:55:15","2026-06-03 17:17:00.546","11241","I Want You to Want Me","Cheap Trick","At Budokan",224,2527334,35148,2524888,"93QFM",,"states/US-NAT","US Partner Digital"
"6464_1779904514","2026-05-27 17:55:14","2026-06-03 17:15:21.877","6464","Jeremy","Pearl Jam","Ten",318,9738328,6765,9738322,"The Loop",,"IL","Classic Rock"
"9319_1779904504","2026-05-27 17:55:04","2026-06-03 17:14:47.276","9319","Too Young to Fall in Love","Mötley Crüe","Shout At The Devil",211,376060231,119694,376060223,"KBACK Rock Radio","ROCKACTIVE","states/US-NAT","US Partner Digital"
"7548_1779904495","2026-05-27 17:54:55","2026-06-03 17:15:29.684","7548","Wonderwall","Oasis","(What's The Story) Morning Glory?",258,104161191,1759,104161188,"DARE FM","ROCKALTERNATIVE","states/US-NAT","US Partner Digital"
"8892_1779904491","2026-05-27 17:54:51","2026-06-03 17:15:55.986","8892","Elgar: Serenade In E Minor, Op. 20 - 3. Allegretto, Come Prima","Metamorphosen Berlin","Elgar-Britten-Warlock-Jenkins: Very British",157,-1,-1,-1,"YourClassical Radio","OTHER","states/US-NAT","Classical"
"1713_1779904489","2026-05-27 17:54:49","2026-06-03 11:46:45.323","1713","Afternoon Delight","Starland Vocal Band","Starland Vocal Band",193,338765965,1397,338765957,"NewsRadio 700 WLW","NEWSTALK","OH","News & Talk"
"5254_1779904489","2026-05-27 17:54:49","2026-06-03 17:15:19.004","5254","Is It The Way","Saweetie","Is It The Way",152,290388813,31917520,290388812,"WHIP Radio",,"PA","Public Radio"
"8984_1779904481","2026-05-27 17:54:41","2026-06-03 17:14:42.371","8984","Joy","Vashawn Mitchell","Secret Place (Live In South Africa)",317,214573905,305811,214573899,"Get Up! Mornings","OTHER","states/US-NAT","US Partner Digital"
"8989_1779904478","2026-05-27 17:54:38","2026-06-03 17:15:57.454","8989","1. Allegro","Avi Avital","Vivaldi",195,30827632,30577049,30827628,"K-Mozart","OTHER","states/US-NAT","US Partner Digital"
"8987_1779904478","2026-05-27 17:54:38","2026-06-03 17:14:42.198","8987","Make Room","Jonathan McReynolds","Make More Room",340,60032524,394955,60032512,"Willie Moore Jr. Show","OTHER","states/US-NAT","US Partner Digital"
"8984_1779904477","2026-05-27 17:54:37","2026-06-03 17:14:42.371","8984","Make Room","Jonathan McReynolds","Make More Room",340,60032524,394955,60032512,"Get Up! Mornings","OTHER","states/US-NAT","US Partner Digital"
"9251_1779904477","2026-05-27 17:54:37","2026-06-03 17:14:42.540","9251","You Give Good Love","Whitney Houston","Whitney Houston",275,2539696,87166,2538852,"Hype 1 Radio",,"states/US-NAT","US Partner Digital"
"8987_1779904475","2026-05-27 17:54:35","2026-06-03 17:14:42.198","8987","Joy","Vashawn Mitchell","Secret Place (Live In South Africa)",317,214573905,305811,214573899,"Willie Moore Jr. Show","OTHER","states/US-NAT","US Partner Digital"
"9806_1779904473","2026-05-27 17:54:33","2026-06-03 17:14:49.453","9806","Come Out and Play","The Offspring","Smash",197,82837210,80925,82837203,"AlternativeRadio.us","ROCKALTERNATIVE","states/US-NAT","US Partner Digital"
"10629_1779904471","2026-05-27 17:54:31","2026-06-03 17:16:52.586","10629","Happy Holiday / The Holiday Season","Andy Williams","The Andy Williams Christmas Album",159,2020285,16425,2020274,"That Christmas Channel",,"states/US-NAT","US Partner Digital"
"11240_1779904456","2026-05-27 17:54:16","2026-06-03 17:16:59.881","11240","Stoned out of My Mind","The Chi-Lites","The Chi-Lites",181,375921197,5229,375921188,"Soul Radio Coast2coast",,"states/US-NAT","US Partner Digital"
"6295_1779904455","2026-05-27 17:54:15","2026-06-03 17:15:20.840","6295","Mirror in the Bathroom","The English Beat","I Just Can’t Stop It",188,240492662,58043,240492661,"Rock the Cradle","Prov_American Public Media","states/US-NAT","US Partner Digital"
"6466_1779904452","2026-05-27 17:54:12","2026-06-03 17:15:21.080","6466","Rigoletto: Gualtier Maldè - Caro nome","New Philharmonia Orchestra, Ileana Cotrubas & John Pritchard","Verdi: Arias",312,4493099,30455856,4492407,"Operavore",,"states/US-NAT","US Partner Digital"
"6297_1779904451","2026-05-27 17:54:11","2026-06-03 17:14:47.842","6297","Light Rail","Lena Raine","Oneknowing",317,69417298,31996616,69417294,"Local Current","ROCKALTERNATIVE","states/US-NAT","US Partner Digital"
"10465_1779904448","2026-05-27 17:54:08","2026-06-03 17:15:03.540","10465","Leave Me Alone","Michael Jackson","Scream",278,50521995,6739,50521989,"CJ's Awesome 80s",,"states/US-NAT","US Partner Digital"
"9739_1779904448","2026-05-27 17:54:08","2026-06-03 17:16:07.322","9739","Bad Man","Disturbed","Divisive",201,192375051,58304,192375049,"The Rock Vault","ROCKCLASSIC","states/US-NAT","US Partner Digital"
"10344_1779904447","2026-05-27 17:54:07","2026-06-03 17:15:03.329","10344","Ain't No Mountain High Enough","Diana Ross","Diana Ross",379,30958289,38932,30958284,"Real Oldies Music Radio",,"states/US-NAT","US Partner Digital"
"10775_1779904447","2026-05-27 17:54:07","2026-06-03 17:16:56.420","10775","Dusty Bibles","Josiah Queen","Dusty Bibles",189,334065686,34036085,334065685,"The Light DFW",,"states/US-NAT","US Partner Digital"
"7680_1779904444","2026-05-27 17:54:04","2026-06-03 17:15:42.155","7680","Loser","Beck","Mellow Gold",234,700399,11447,700389,"Mad Rock Nation","ROCKACTIVE","states/US-NAT","US Partner Digital"
"9339_1779904438","2026-05-27 17:53:58","2026-06-03 17:16:04.436","9339","WHATCHU KNO ABOUT ME","GloRilla & Sexyy Red","GLORIOUS",149,293059004,32797623,293058999,"DJ KIDNU RADIO","HIPHOPRNB","states/US-NAT","US Partner Digital"
"9889_1779904435","2026-05-27 17:53:55","2026-06-03 17:16:13.580","9889","Que Te Quieran Bonito","Grupo Firme feat. Luis Alfonso Partida El Yaki","Que Te Quieran Bonito",161,356460360,31145616,356460359,"La Invasora 94.7","SPANISH","states/US-NAT","US Partner Digital"
"9772_1779904430","2026-05-27 17:53:50","2026-06-03 17:16:08.007","9772","Time","Several Definitions","Time E.P.",505,49019953,30690360,49019948,"Traklife Radio","ACHOTMODERN","states/US-NAT","US Partner Digital"
"11301_1779904428","2026-05-27 17:53:48","2026-06-03 17:17:01.250","11301","I Want It All","Skip Ewing","I Want It All",202,357696164,42337,357696163,"99.5 THE STAR",,"states/US-NAT","US Partner Digital"
"9889_1779904421","2026-05-27 17:53:41","2026-06-03 17:16:13.580","9889","Everyone Needs Love","Paul Van Dyk & Ronald Van Gelderen Feat. Gaelan & Eric Lumiere","From Then On",349,-1,-1,-1,"La Invasora 94.7","SPANISH","states/US-NAT","US Partner Digital"
"2277_1779904420","2026-05-27 17:53:40","2026-06-03 17:13:21.876","2277","Free Fallin'","Tom Petty","Full Moon Fever",254,607283,1805,607279,"KPRC AM 950","NEWSTALK","TX","News & Talk"
"11297_1779904419","2026-05-27 17:53:39","2026-06-03 17:17:00.829","11297","Timber","Pitbull, Kesha","Global Warming: Meltdown (Deluxe Version)",203,24103402,42201,24103341,"iPartyRadio: Dance Anthems",,"states/US-NAT","US Partner Digital"
"8984_1779904416","2026-05-27 17:53:36","2026-06-03 17:14:42.371","8984","If You Don’t Mind","Ledisi","Let Love Rule",243,50707821,25006,50707806,"Get Up! Mornings","OTHER","states/US-NAT","US Partner Digital"
"7863_1779904407","2026-05-27 17:53:27","2026-06-03 17:15:49.032","7863","Just Hangin' Out","Main Source","Breaking Atoms",249,714737,42504,714732,"RnR Radio","Prov_Other","states/US-NAT","US Partner Digital"
"8987_1779904405","2026-05-27 17:53:25","2026-06-03 17:14:42.198","8987","If You Don’t Mind","Ledisi","Let Love Rule",243,50707821,25006,50707806,"Willie Moore Jr. Show","OTHER","states/US-NAT","US Partner Digital"
"11236_1779904392","2026-05-27 17:53:12","2026-06-03 17:17:00.251","11236","Human Nature","Michael Jackson","Thriller",245,2485877,6739,2485841,"DC Sugar95",,"states/US-NAT","US Partner Digital"
"8757_1779904381","2026-05-27 17:53:01","2026-06-03 17:16:10.993","8757","Prologue","Mark Mothersbaugh","The Lego® Movie (Original Motion Picture Soundtrack)",147,70463610,32270,70463608,"LEGOLAND Radio","OTHER","states/US-NAT","Kids & Family"
"11299_1779904379","2026-05-27 17:52:59","2026-06-03 17:17:01.114","11299","Caraluna","Bacilos","Caraluna",266,163965827,30628793,163965825,"LA NUEVA, RADIO",,"states/US-NAT","US Partner Digital"
"11314_1779904368","2026-05-27 17:52:48","2026-06-03 17:17:02.336","11314","Terrible Lie","Nine Inch Nails","Head Like a Hole",278,27409666,40022,27409663,"Alt Rock Variety MEGASHUFFLE",,"states/US-NAT","US Partner Digital"
"8984_1779904364","2026-05-27 17:52:44","2026-06-03 17:14:42.371","8984","Even Me","Darlene McCoy","Even Me [Single]",175,-1,-1,-1,"Get Up! Mornings","OTHER","states/US-NAT","US Partner Digital"
"5254_1779904362","2026-05-27 17:52:42","2026-06-03 17:15:19.004","5254","That Ass!","Sofia Gobbi","Bigger Man",137,356883440,34115071,356883434,"WHIP Radio",,"PA","Public Radio"
"10419_1779904361","2026-05-27 17:52:41","2026-06-03 17:15:03.150","10419","Don't Dream It's Over","Crowded House","Crowded House",236,42739247,4256,42739243,"THAT 80's CHANNEL",,"states/US-NAT","US Partner Digital"
"11244_1779904360","2026-05-27 17:52:40","2026-06-03 17:16:59.983","11244","I've Got Joy","CeCe Winans","Believe For It",217,163472819,28638,163472801,"Total Worship Radio",,"states/US-NAT","US Partner Digital"
"6227_1779904353","2026-05-27 17:52:33","2026-06-03 17:14:47.455","6227","All Falls Down","Kanye West feat. Syleena Johnson","The College Dropout",223,59388609,34743,59388605,"Hot 106.5","RNB","FL","R&B"
"10344_1779904342","2026-05-27 17:52:22","2026-06-03 17:15:03.329","10344","Hitchin' A Ride","Vanity Fare","Hitchin' A Ride (Re-Recorded - Sped Up)",177,217215297,6993,217215295,"Real Oldies Music Radio",,"states/US-NAT","US Partner Digital"
"8987_1779904334","2026-05-27 17:52:14","2026-06-03 17:14:42.198","8987","Even Me","Darlene McCoy","Even Me [Single]",175,-1,-1,-1,"Willie Moore Jr. Show","OTHER","states/US-NAT","US Partner Digital"
"10179_1779904332","2026-05-27 17:52:12","2026-06-03 17:15:03.247","10179","Solitude No. 4","Mestrinho","Solitude",323,132342573,116779,132342567,"Gospel Road from Family Life","OTHER","states/US-NAT","US Partner Digital"
"9493_1779904325","2026-05-27 17:52:05","2026-06-03 17:16:06.143","9493","¿Qué Demonios Hago Yo Aquí?","Los Zigarros","A Todo Que Sí",240,45387956,31500697,45387952,"Cadena SER","SPANISH","states/US-NAT","Spanish"
"11178_1779904322","2026-05-27 17:52:02","2026-06-03 17:16:59.645","11178","Ordinary World","Duran Duran","Duran Duran",339,541968,2152,541966,"Power Hits",,"states/US-NAT","US Partner Digital"
"8135_1779904321","2026-05-27 17:52:01","2026-06-03 17:14:41.075","8135","Oh What A Beautiful World","Willie Nelson, Rodney Crowell","Oh What A Beautiful World",239,324917776,631,324917769,"Folk Alley Fresh Cuts",,"states/US-NAT","US Partner Digital"
"8886_1779904317","2026-05-27 17:51:57","2026-06-03 17:14:41.191","8886","Caramel","Capo Plaza","Hustle Mixtape Vol. 2",180,358304758,31075953,358304749,"YourClassical Chamber Music","OTHER","states/US-NAT","US Partner Digital"
"7548_1779904313","2026-05-27 17:51:53","2026-06-03 17:15:29.684","7548","Fantastic Day","Haircut 100","Pelican West - 40th Anniversary",192,205616226,106897,205616219,"DARE FM","ROCKALTERNATIVE","states/US-NAT","US Partner Digital"
"8892_1779904311","2026-05-27 17:51:51","2026-06-03 17:15:55.986","8892","1812 Overture","US Air Force Band & Singing Sergeants","I Am An American",940,-1,-1,-1,"YourClassical Radio","OTHER","states/US-NAT","Classical"
"11378_1779904302","2026-05-27 17:51:42","2026-06-03 17:17:03.030","11378","Un Hombre Busca a Una Mujer","Luis Miguel","Busca Una Mujer",214,1104944,29696,1104940,"GROOVY FM",,"states/US-NAT","US Partner Digital"
"11318_1779904298","2026-05-27 17:51:38","2026-06-03 17:17:01.579","11318","Ambitionz Az A Ridah","2Pac","All Eyez On Me",278,155451487,39257,155451486,"DMX Radio",,"states/US-NAT","US Partner Digital"
"9727_1779904295","2026-05-27 17:51:35","2026-06-03 17:16:07.084","9727","Never Gonna Let You Go","Sérgio Mendes","Sergio Mendes",258,823278,959672,823269,"FreeAgentSoul","RNB","states/US-NAT","US Partner Digital"
"6296_1779904293","2026-05-27 17:51:33","2026-06-03 17:15:20.788","6296","Different Rocks, Different Hills","I’m With Her feat. Sarah Jarosz, Aoife O'Donovan, Sara Watkins","Wild and Clear and Blue",220,327000400,924054,327000396,"Radio Heartland","ROCKALTERNATIVE","states/US-NAT","US Partner Digital"
"6464_1779904283","2026-05-27 17:51:23","2026-06-03 17:15:21.877","6464","Panama","Van Halen","1984",212,31286907,58813,31286904,"The Loop",,"IL","Classic Rock"
"8713_1779904278","2026-05-27 17:51:18","2026-06-03 17:14:40.914","8713","Bridge Over Troubled Water","Simon & Garfunkel","Bridge Over Troubled Water",290,29333261,59455,29333260,"Smooth 70s",,"states/US-NAT","US Partner Digital"
"8887_1779904278","2026-05-27 17:51:18","2026-06-03 17:15:56.014","8887","就是愛","楊文忻","你是一首美麗的歌",277,-1,-1,-1,"YourClassical Sleep","OTHER","states/US-NAT","Classical"
"8889_1779904276","2026-05-27 17:51:16","2026-06-03 17:15:56.246","8889","The 4 Seasons: Violin Concerto in G minor, Op. 8, No. 2, RV 315, ""L'estate"" (Summer) | I. Allegro non molto [Vivaldi]","Takako Nishizaki","Vivaldi: The 4 Seasons / Concerto Alla Rustica",323,20863156,30275156,20863152,"YourClassical Essentials","OTHER","states/US-NAT","Classical"
"11260_1779904275","2026-05-27 17:51:15","2026-06-03 17:17:00.240","11260","FEVER DREAM","Alex Warren","FEVER DREAM",153,382938573,31733685,382938572,"The Juice",,"states/US-NAT","US Partner Digital"
"8889_1779904273","2026-05-27 17:51:13","2026-06-03 17:15:56.246","8889","The Four Seasons, Violin Concerto in G Minor, Op. 8 No. 2, RV 315 ""Summer"", I. Danza pastorale: Allegro non molto","Jindrich Pazdera","Vivaldi: The Four Seasons / Violin Concertos, Op. 3, Nos. 6 and 8",329,48296030,110549,48296026,"YourClassical Essentials","OTHER","states/US-NAT","Classical"
"8984_1779904261","2026-05-27 17:51:01","2026-06-03 17:14:42.371","8984","10 Bands","Drake","If You're Reading This It's Too Late",178,30840513,44512,30840510,"Get Up! Mornings","OTHER","states/US-NAT","US Partner Digital"
"9319_1779904259","2026-05-27 17:50:59","2026-06-03 17:14:47.276","9319","Beat the Bullet","VAIN","No Respect",240,47820273,30777313,47820271,"KBACK Rock Radio","ROCKACTIVE","states/US-NAT","US Partner Digital"
"9251_1779904257","2026-05-27 17:50:57","2026-06-03 17:14:42.540","9251","Let's Stay Together","Al Green","Let's Stay Together",198,32501761,13337,32501760,"Hype 1 Radio",,"states/US-NAT","US Partner Digital"
"8889_1779904252","2026-05-27 17:50:52","2026-06-03 17:15:56.246","8889","Vivaldi: Violin Concerto In G Minor, Op. 8/2, RV 315, ""The Four Seasons (Summer)"" - 1. Allegro Non Molto","Anne-Sophie Mutter: Trondheim Soloists","Vivaldi: Le Quattro Stagioni",370,-1,-1,-1,"YourClassical Essentials","OTHER","states/US-NAT","Classical"
"7259_1779904250","2026-05-27 17:50:50","2026-06-03 17:14:39.725","7259","Diva","Model/Actriz","Pirouette",256,311345118,44370169,311345114,"Capital Public Radio",,"states/US-NAT","US Partner Digital"
"11241_1779904247","2026-05-27 17:50:47","2026-06-03 17:17:00.546","11241","All She Wants To Do Is Dance","Don Henley","Building The Perfect Beast",269,298182195,40218,298182188,"93QFM",,"states/US-NAT","US Partner Digital"
"10775_1779904234","2026-05-27 17:50:34","2026-06-03 17:16:56.420","10775","Raised By Wolves","Franni Cash","Raised By Wolves",185,388836113,45053443,388836112,"The Light DFW",,"states/US-NAT","US Partner Digital"
"11382_1779904231","2026-05-27 17:50:31","2026-06-03 17:17:02.492","11382","Get Up (Everybody)","Byron Stingily","Get Up (Everybody)",391,109858255,59327,109858254,"Weston World One",,"states/US-NAT","US Partner Digital"
"8887_1779904231","2026-05-27 17:50:31","2026-06-03 17:15:56.014","8887","Taken (part 4)","Todd Anderson-Kunert","You Promised",420,126809115,33090314,126809111,"YourClassical Sleep","OTHER","states/US-NAT","Classical"
"7869_1779904227","2026-05-27 17:50:27","2026-06-03 17:15:45.552","7869","No Survivors","Jeremy Camp","Deeper Waters",140,269415014,27692,269415011,"Family Life Radio","OTHER","states/US-NAT","US Partner Digital"
"8984_1779904225","2026-05-27 17:50:25","2026-06-03 17:14:42.371","8984","There's Hope","India.Arie","Testimony: Vol. 1 Life & Relationship",236,744660,672004,744645,"Get Up! Mornings","OTHER","states/US-NAT","US Partner Digital"
"11302_1779904221","2026-05-27 17:50:21","2026-06-03 17:17:00.817","11302","Favorite Country Song","HARDY","COUNTRY! COUNTRY! COUNTRY!",192,352080441,33479016,352080439,"County Line",,"states/US-NAT","US Partner Digital"
"7099_1779904219","2026-05-27 17:50:19","2026-06-03 17:15:26.647","7099","Wake Up, Mr. Crow","Switchfoot","Wake Up, Mr. Crow",244,388834056,28813,388834055,"WAY LOUD","OTHER","states/US-NAT","US Partner Digital"
"8987_1779904216","2026-05-27 17:50:16","2026-06-03 17:14:42.198","8987","Hang On","GEI Feat. Kierra Sheard","GEI Live",412,-1,-1,-1,"Willie Moore Jr. Show","OTHER","states/US-NAT","US Partner Digital"
"6296_1779904215","2026-05-27 17:50:15","2026-06-03 17:15:20.788","6296","Lazy Bird","GanonDarkness","gallic (soundtrack)",70,-1,-1,-1,"Radio Heartland","ROCKALTERNATIVE","states/US-NAT","US Partner Digital"
"10179_1779904214","2026-05-27 17:50:14","2026-06-03 17:15:03.247","10179","Eastern Incident","Sonny Clark","My Conception",494,369655,27715,369647,"Gospel Road from Family Life","OTHER","states/US-NAT","US Partner Digital"
"9657_1779904214","2026-05-27 17:50:14","2026-06-03 17:14:47.457","9657","WE STILL BELIEVE (HLY FOREVER)","KB, Ryan Ofei feat. One Church Music","WE STILL BELIEVE (HLY FOREVER)",171,310949142,191427,310949141,"NGEN Radio","HIPHOPRNB","states/US-NAT","US Partner Digital"
"11314_1779904212","2026-05-27 17:50:12","2026-06-03 17:17:02.336","11314","ALL IN MY HEAD","blink-182","ALL IN MY HEAD / NO FUN",162,284743379,6573,284743378,"Alt Rock Variety MEGASHUFFLE",,"states/US-NAT","US Partner Digital"
"9339_1779904204","2026-05-27 17:50:04","2026-06-03 17:16:04.436","9339","Mo Money Mo Problems (feat. Puff Daddy & Mase)","The Notorious B.I.G.","Life After Death",256,27796808,58654,27796802,"DJ KIDNU RADIO","HIPHOPRNB","states/US-NAT","US Partner Digital"
"7810_1779904197","2026-05-27 17:49:57","2026-06-03 17:14:39.338","7810","Hold","Teen Daze","All of Us, Together",178,245388550,640342,245388541,"88.5 WVPB",,"states/US-NAT","US Partner Digital"
"8987_1779904196","2026-05-27 17:49:56","2026-06-03 17:14:42.198","8987","There's Hope","India.Arie","Testimony: Vol. 1 Life & Relationship",236,744660,672004,744645,"Willie Moore Jr. Show","OTHER","states/US-NAT","US Partner Digital"
"10465_1779904194","2026-05-27 17:49:54","2026-06-03 17:15:03.540","10465","Cherish","Madonna","Like a Prayer",303,1021956,35393,1021950,"CJ's Awesome 80s",,"states/US-NAT","US Partner Digital"
"11244_1779904192","2026-05-27 17:49:52","2026-06-03 17:16:59.983","11244","Exile","Brother Blake","Absolute",193,-1,-1,-1,"Total Worship Radio",,"states/US-NAT","US Partner Digital"
"11301_1779904189","2026-05-27 17:49:49","2026-06-03 17:17:01.250","11301","McArthur","HARDY, Eric Church, Morgan Wallen & Tim McGraw","McArthur",231,375907161,33479016,375907160,"99.5 THE STAR",,"states/US-NAT","US Partner Digital"
"8892_1779904183","2026-05-27 17:49:43","2026-06-03 17:15:55.986","8892","Serenade for Strings - II. Larghetto","Philharmonia Orchestra with Sir Andrew Davis","Enigma Variations, In the South, Serenade For Strings",339,18045734,745862,18045716,"YourClassical Radio","OTHER","states/US-NAT","Classical"
"8136_1779904180","2026-05-27 17:49:40","2026-06-03 17:14:40.506","8136","An Ocean and a Rock","Lisa Hannigan","Sea Sew",260,7623165,369681,7623164,"Folk Alley Irish Stream",,"states/US-NAT","US Partner Digital"
"8984_1779904179","2026-05-27 17:49:39","2026-06-03 17:14:42.371","8984","Hang On","GEI Feat. Kierra Sheard","GEI Live",412,-1,-1,-1,"Get Up! Mornings","OTHER","states/US-NAT","US Partner Digital"
"7863_1779904177","2026-05-27 17:49:37","2026-06-03 17:15:49.032","7863","Hand On the Pump","Cypress Hill","Cypress Hill",243,2532675,56559,2532666,"RnR Radio","Prov_Other","states/US-NAT","US Partner Digital"
"11462_1779904166","2026-05-27 17:49:26","2026-06-03 17:17:04.947","11462","HEAVY","SiR","HEAVY",225,258569019,30961007,258569015,"Carolina smoke radio",,"states/US-NAT","US Partner Digital"
"8984_1779904159","2026-05-27 17:49:19","2026-06-03 17:14:42.371","8984","Pray & Don't Worry","GI","Winning",233,132133421,307623,132133419,"Get Up! Mornings","OTHER","states/US-NAT","US Partner Digital"
"10419_1779904152","2026-05-27 17:49:12","2026-06-03 17:15:03.150","10419","Panama","Van Halen","1984",212,31286907,58813,31286904,"THAT 80's CHANNEL",,"states/US-NAT","US Partner Digital"
"11236_1779904152","2026-05-27 17:49:12","2026-06-03 17:17:00.251","11236","I Only Want to Be with You","Bay City Rollers","Love Songs",216,2253343,285,2252856,"DC Sugar95",,"states/US-NAT","US Partner Digital"
"8887_1779904145","2026-05-27 17:49:05","2026-06-03 17:15:56.014","8887","Vaughan Williams: Tuba Concerto - 1. Prelude. Allegro Moderato","David Childs; Ben Gernon: BBC Philharmonic Orchestra","The Symphonic Euphonium, Vol.2",270,-1,-1,-1,"YourClassical Sleep","OTHER","states/US-NAT","Classical"
"11178_1779904138","2026-05-27 17:48:58","2026-06-03 17:16:59.645","11178","Make A Move On Me (Remastered 2021)","Olivia Newton-John","Physical (Deluxe Edition) (Remastered 2021)",195,383725181,3124,383725178,"Power Hits",,"states/US-NAT","US Partner Digital"
"8989_1779904132","2026-05-27 17:48:52","2026-06-03 17:15:57.454","8989","Fear Tango","Yo-Yo Ma, Leonardo Marconi, Hector Console & Néstor Marconi","Classic Yo-Yo",324,5896926,44145,5896212,"K-Mozart","OTHER","states/US-NAT","US Partner Digital"
"6600_1779904131","2026-05-27 17:48:51","2026-06-03 17:15:24.680","6600","Tchaikovsky: Andante cantabile (From String Quartet No. 1 in D Major, Op. 11)","Gautier Capuçon","Intuition",449,52115006,30418084,52114996,"Calm by Classical KING","OTHER","states/US-NAT","US Partner Digital"
"8987_1779904131","2026-05-27 17:48:51","2026-06-03 17:14:42.198","8987","Pray & Don't Worry","GI","Winning",233,132133421,307623,132133419,"Willie Moore Jr. Show","OTHER","states/US-NAT","US Partner Digital"
"10419_1779904119","2026-05-27 17:48:39","2026-06-03 17:15:03.150","10419","Hey Mickey","Toni Basil","Hey Mickey",254,89881486,84527,89881485,"THAT 80's CHANNEL",,"states/US-NAT","US Partner Digital"
"5254_1779904119","2026-05-27 17:48:39","2026-06-03 17:15:19.004","5254","Hardy (feat. Clairo)","Rostam","American Stories",232,401855003,854161,401854999,"WHIP Radio",,"PA","Public Radio"
"7548_1779904119","2026-05-27 17:48:39","2026-06-03 17:15:29.684","7548","Sweet Hallelujah","Royel Otis","Sweet Hallelujah",181,392161537,35263184,392161536,"DARE FM","ROCKALTERNATIVE","states/US-NAT","US Partner Digital"
"6600_1779904118","2026-05-27 17:48:38","2026-06-03 17:15:24.680","6600","Tchaikovsky: Andante cantabile (From String Quartet No. 1 in D Major, Op. 11)","Gautier Capuçon","Intuition",449,52115006,30418084,52114996,"Calm by Classical KING","OTHER","states/US-NAT","US Partner Digital"
"9481_1779904118","2026-05-27 17:48:38","2026-06-03 17:16:05.533","9481","Jessie's Girl","Rick Springfield","Working Class Dog",193,2569392,42667,2568918,"That Throwback Channel!","RNB","states/US-NAT","US Partner Digital"
"8135_1779904116","2026-05-27 17:48:36","2026-06-03 17:14:41.075","8135","This One Don't","Eric Bibb","One Mississippi",206,350817501,6726,350817498,"Folk Alley Fresh Cuts",,"states/US-NAT","US Partner Digital"
"6600_1779904115","2026-05-27 17:48:35","2026-06-03 17:15:24.680","6600","Tchaikovsky: Andante cantabile (From String Quartet No. 1 in D Major, Op. 11)","Gautier Capuçon","Intuition",449,52115006,30418084,52114996,"Calm by Classical KING","OTHER","states/US-NAT","US Partner Digital"
"11318_1779904113","2026-05-27 17:48:33","2026-06-03 17:17:01.579","11318","What's Your Fantasy","Ludacris","Back For The First Time",275,8715625,39336,8715621,"DMX Radio",,"states/US-NAT","US Partner Digital"
"7742_1779904108","2026-05-27 17:48:28","2026-06-03 17:15:41.316","7742","A Formidable Challenge","Steven Price","Deserts And Grasslands",344,71439223,30274957,71439215,"Christmas by Classical KING","OTHER","states/US-NAT","US Partner Digital"
"6464_1779904099","2026-05-27 17:48:19","2026-06-03 17:15:21.877","6464","No More Mr. Nice Guy","Alice Cooper","Billion Dollar Babies",186,1046350,24190,1046344,"The Loop",,"IL","Classic Rock"
"6600_1779904092","2026-05-27 17:48:12","2026-06-03 17:15:24.680","6600","Tchaikovsky: Andante cantabile (From String Quartet No. 1 in D Major, Op. 11)","Gautier Capuçon","Intuition",449,52115006,30418084,52114996,"Calm by Classical KING","OTHER","states/US-NAT","US Partner Digital"
"6600_1779904088","2026-05-27 17:48:08","2026-06-03 17:15:24.680","6600","Andante Cantabile for Cello Solo and String Orchestra, Op. posth.","Yo-Yo Ma, Lorin Maazel & Pittsburgh Symphony Orchestra","Appassionato [International Version]",502,58624171,44145,58624155,"Calm by Classical KING","OTHER","states/US-NAT","US Partner Digital"
"6600_1779904087","2026-05-27 17:48:07","2026-06-03 17:15:24.680","6600","Tchaikovsky: Andante Cantabile for Cello and Orchestra (After String Quartet No. 1, Op. 11)","Alexander Kniazev","Tchaikovsky : Rococo Variations, Andante Cantabile, Romances",482,45664448,30308859,45664439,"Calm by Classical KING","OTHER","states/US-NAT","US Partner Digital"
"10418_1779904086","2026-05-27 17:48:06","2026-06-03 17:15:03.134","10418","In The Name of Jesus (feat. Chandler Moore)","JWLKRS Worship, Maverick City Music & Chandler Moore","Here I Am",298,303362328,39463542,303362327,"Christian Hits FM","OTHER","states/US-NAT","US Partner Digital"
"11240_1779904082","2026-05-27 17:48:02","2026-06-03 17:16:59.881","11240","The Closer I Get to You","Donny Hathaway & Roberta Flack","Blue Lights in the Basement",280,5220735,923920,5220733,"Soul Radio Coast2coast",,"states/US-NAT","US Partner Digital"
"6295_1779904080","2026-05-27 17:48:00","2026-06-03 17:15:20.840","6295","Dry the Rain","The Beta Band","The Regal Years (1997-2004)",364,53447856,27785,53447855,"Rock the Cradle","Prov_American Public Media","states/US-NAT","US Partner Digital"
"9494_1779904076","2026-05-27 17:47:56","2026-06-03 17:16:06.448","9494","Civilisation","Richard & Linda Thompson","Sunnyvista [Extended Edition]",300,-1,-1,-1,"Caracol Radio","SPANISH","states/US-NAT","Spanish"
"9493_1779904069","2026-05-27 17:47:49","2026-06-03 17:16:06.143","9493","¿Qué Estoy Haciendo Aquí?","Joaquín Sabina","Lo Niego Todo",341,45201030,30009359,45201020,"Cadena SER","SPANISH","states/US-NAT","Spanish"
"11260_1779904043","2026-05-27 17:47:23","2026-06-03 17:17:00.240","11260","Heat Waves","Glass Animals","Dreamland",238,108149136,749327,108149122,"The Juice",,"states/US-NAT","US Partner Digital"
"6296_1779904040","2026-05-27 17:47:20","2026-06-03 17:15:20.788","6296","Marlene on the Wall","Suzanne Vega","An Evening of New York Songs and Stories",258,104471683,16229,104471682,"Radio Heartland","ROCKALTERNATIVE","states/US-NAT","US Partner Digital"
"9739_1779904032","2026-05-27 17:47:12","2026-06-03 17:16:07.322","9739","Manic Mechanic","ZZ Top","Deguello",155,375064255,43268,375064250,"The Rock Vault","ROCKCLASSIC","states/US-NAT","US Partner Digital"
"7869_1779904017","2026-05-27 17:46:57","2026-06-03 17:15:45.552","7869","Trust in You","Lauren Daigle","How Can It Be",211,129988405,30480349,129988402,"Family Life Radio","OTHER","states/US-NAT","US Partner Digital"
"10775_1779904015","2026-05-27 17:46:55","2026-06-03 17:16:56.420","10775","Stronger","Mandisa","What If We Were Real",213,12808755,30766,12808753,"The Light DFW",,"states/US-NAT","US Partner Digital"
"7099_1779904015","2026-05-27 17:46:55","2026-06-03 17:15:26.647","7099","Hero","Skillet","Awake",186,1018297,31216,1018296,"WAY LOUD","OTHER","states/US-NAT","US Partner Digital"
"9251_1779904012","2026-05-27 17:46:52","2026-06-03 17:14:42.540","9251","Monique's Room (feat. Fred The Godson)","DJ Drama","Quality Street Music",246,19371514,5468,19371473,"Hype 1 Radio",,"states/US-NAT","US Partner Digital"
"7226_1779904009","2026-05-27 17:46:49","2026-06-03 17:14:38.855","7226","Memento Mori","The Waters","Ghost",126,-1,-1,-1,"CPR Classical",,"states/US-NAT","US Partner Digital"
"9319_1779903992","2026-05-27 17:46:32","2026-06-03 17:14:47.276","9319","Swallowed","Bush","Razorblade Suitcase",290,277527765,41653,277527762,"KBACK Rock Radio","ROCKACTIVE","states/US-NAT","US Partner Digital"
"9925_1779903982","2026-05-27 17:46:22","2026-06-03 17:16:36.484","9925","Borderline","Madonna","Madonna",321,1055704,35393,1055702,"M2D2 RADIO WERP","ACHOTMODERN","states/US-NAT","US Partner Digital"
"9727_1779903970","2026-05-27 17:46:10","2026-06-03 17:16:07.084","9727","Don't Look Any Further","Dennis Edwards feat. Siedah Garrett","Don't Look Any Further",242,85334214,759904,85334212,"FreeAgentSoul","RNB","states/US-NAT","US Partner Digital"
"10344_1779903966","2026-05-27 17:46:06","2026-06-03 17:15:03.329","10344","Lay Down (Candles In the Rain)","Melanie & The Edwin Hawkins Singers","Candles In The Rain",229,151204966,30705205,151204964,"Real Oldies Music Radio",,"states/US-NAT","US Partner Digital"
"7867_1779903963","2026-05-27 17:46:03","2026-06-03 17:15:45.335","7867","Cut the Cake","The Average White Band","Cut the Cake",245,69538549,37938,69538548,"Purple Current","Prov_American Public Media","states/US-NAT","US Partner Digital"
"7548_1779903958","2026-05-27 17:45:58","2026-06-03 17:15:29.684","7548","Celebrity Skin","Hole","Celebrity Skin",162,648983,30148,648978,"DARE FM","ROCKALTERNATIVE","states/US-NAT","US Partner Digital"
"11300_1779903957","2026-05-27 17:45:57","2026-06-03 17:17:00.954","11300","Drive All Night","Wyatt Flores","Drive All Night",170,397495589,36098840,397495588,"99.5 THE GULF",,"states/US-NAT","US Partner Digital"
"9889_1779903952","2026-05-27 17:45:52","2026-06-03 17:16:13.580","9889","Starcollector","Stardelay","A New High Fidelity Tripout",266,94657319,241900,94657309,"La Invasora 94.7","SPANISH","states/US-NAT","US Partner Digital"
"7863_1779903951","2026-05-27 17:45:51","2026-06-03 17:15:49.032","7863","Family Affair","Mary J. Blige","No More Drama",265,793551,39258,793538,"RnR Radio","Prov_Other","states/US-NAT","US Partner Digital"
"11301_1779903947","2026-05-27 17:45:47","2026-06-03 17:17:01.250","11301","Back In The Bottle","Randy Houser","Back In The Bottle",217,355308807,40987,355308806,"99.5 THE STAR",,"states/US-NAT","US Partner Digital"
"7342_1779903945","2026-05-27 17:45:45","2026-06-03 17:15:28.854","7342","Elgar: Serenade In E Minor, Op. 20 - 1. Allegro Piacevole","Metamorphosen Berlin","Elgar-Britten-Warlock-Jenkins: Very British",196,-1,-1,-1,"WABE 90.1 HD2 Classical",,"states/US-NAT","US Partner Digital"
"9493_1779903937","2026-05-27 17:45:37","2026-06-03 17:16:06.143","9493","Lady (Hear Me Tonight)","Modjo","Modjo",305,-1,-1,-1,"Cadena SER","SPANISH","states/US-NAT","Spanish"
"6155_1779903935","2026-05-27 17:45:35","2026-06-03 17:15:20.802","6155","Luna","Poppy Ackroyd","Resolve",280,51410974,30892486,51410966,"New Sounds",,"states/US-NAT","US Partner Digital"
"10465_1779903930","2026-05-27 17:45:30","2026-06-03 17:15:03.540","10465","Just Can't Get Enough","Depeche Mode","Speak & Spell",224,263028350,2151,263028339,"CJ's Awesome 80s",,"states/US-NAT","US Partner Digital"
"8887_1779903925","2026-05-27 17:45:25","2026-06-03 17:15:56.014","8887","Flamenco Sketches","Miles Davis feat. John Coltrane, Cannonball Adderley & Bill Evans","Kind Of Blue (Legacy Edition)",571,2580164,2261,2580120,"YourClassical Sleep","OTHER","states/US-NAT","Classical"
"11314_1779903923","2026-05-27 17:45:23","2026-06-03 17:17:02.336","11314","This Isn't Everything You Are","Snow Patrol","Fallen Empires",297,19037608,40171,19037604,"Alt Rock Variety MEGASHUFFLE",,"states/US-NAT","US Partner Digital"
"11244_1779903923","2026-05-27 17:45:23","2026-06-03 17:16:59.983","11244","King of Kings","Chandler Moore & Essential Worship","Part One",282,133956878,30478822,133956876,"Total Worship Radio",,"states/US-NAT","US Partner Digital"
"6297_1779903923","2026-05-27 17:45:23","2026-06-03 17:14:47.842","6297","The Chase (feat. Kadhja Bonet)","Anderson .Paak","Oxnard",203,64796033,30612488,64796032,"Local Current","ROCKALTERNATIVE","states/US-NAT","US Partner Digital"
"8713_1779903920","2026-05-27 17:45:20","2026-06-03 17:14:40.914","8713","SOS","ABBA","Abba",203,121788878,1390,121788874,"Smooth 70s",,"states/US-NAT","US Partner Digital"
"7869_1779903919","2026-05-27 17:45:19","2026-06-03 17:15:45.552","7869","Hold On To Me","Lauren Daigle","The Ballads",184,225230901,30480349,225230896,"Family Life Radio","OTHER","states/US-NAT","US Partner Digital"
"11302_1779903914","2026-05-27 17:45:14","2026-06-03 17:17:00.817","11302","I Know What I Want","Lily Rose","I Know What I Want",145,312214829,31113394,312214828,"County Line",,"states/US-NAT","US Partner Digital"
"10636_1779903911","2026-05-27 17:45:11","2026-06-03 17:15:02.956","10636","Don't You Know That?","Luther Vandross","Never Too Much",241,2529891,3402,2525222,"98.3 BPME ""The Sound""",,"states/US-NAT","US Partner Digital"
"11298_1779903907","2026-05-27 17:45:07","2026-06-03 17:17:01.221","11298","A Ray Of Sunshine","Wham!","Fantastic",284,-1,-1,-1,"102 The Cube",,"states/US-NAT","US Partner Digital"
"8135_1779903896","2026-05-27 17:44:56","2026-06-03 17:14:41.075","8135","Hold On To The Light","Jack Johnson & Hermanos Gutiérrez","Hold On To The Light",231,358791340,6951,358791339,"Folk Alley Fresh Cuts",,"states/US-NAT","US Partner Digital"
"8886_1779903896","2026-05-27 17:44:56","2026-06-03 17:14:41.191","8886","5. Allegro appassionato","Emerson String Quartet","Beethoven: The Late String Quartets",368,19238127,1020,19238104,"YourClassical Chamber Music","OTHER","states/US-NAT","US Partner Digital"
"5254_1779903882","2026-05-27 17:44:42","2026-06-03 17:15:19.004","5254","MadDog","Man/Woman/Chainsaw","MadDog",242,321604199,30808957,321604198,"WHIP Radio",,"PA","Public Radio"
"11178_1779903876","2026-05-27 17:44:36","2026-06-03 17:16:59.645","11178","Love Me Again","John Newman","Love Me Again",239,25678106,317293,25678105,"Power Hits",,"states/US-NAT","US Partner Digital"
"6600_1779903872","2026-05-27 17:44:32","2026-06-03 17:15:24.680","6600","Fauré: Berceuse, Op. 16","Augustin Dumay/Jean-Philippe Collard","Fauré: Piano Works, Chamber Music, Orchestral Works & Requiem",203,61023406,35487,61023329,"Calm by Classical KING","OTHER","states/US-NAT","US Partner Digital"
"11248_1779903868","2026-05-27 17:44:28","2026-06-03 17:17:00.135","11248","I Love the Bloody Beetroots","The Bloody Beetroots","ROMBORAMA",327,62462636,3458,62462617,"KPOP 24.7 NuWaaV RADIO",,"states/US-NAT","US Partner Digital"
"6600_1779903864","2026-05-27 17:44:24","2026-06-03 17:15:24.680","6600","Fauré: Berceuse, Op. 16","Itzhak Perlman","Bits and Pieces",201,36795606,33355,36795594,"Calm by Classical KING","OTHER","states/US-NAT","US Partner Digital"
"8757_1779903861","2026-05-27 17:44:21","2026-06-03 17:16:10.993","8757","Strobe","Mario Ochoa","Spacewalk [Single]",429,-1,-1,-1,"LEGOLAND Radio","OTHER","states/US-NAT","Kids & Family"
"6600_1779903860","2026-05-27 17:44:20","2026-06-03 17:15:24.680","6600","Fauré: Berceuse in D Major, Op. 16","Yehudi Menuhin","Yehudi! - The Art of Menuhin",227,38930385,30088242,38930362,"Calm by Classical KING","OTHER","states/US-NAT","US Partner Digital"
"11240_1779903853","2026-05-27 17:44:13","2026-06-03 17:16:59.881","11240","Rock with You","Michael Jackson","Off the Wall",220,8443314,6739,8443285,"Soul Radio Coast2coast",,"states/US-NAT","US Partner Digital"
"11248_1779903844","2026-05-27 17:44:04","2026-06-03 17:17:00.135","11248","Kinships (Midas 104 Remix)","Dance Spirit & Adisyn","Kinships",453,-1,-1,-1,"KPOP 24.7 NuWaaV RADIO",,"states/US-NAT","US Partner Digital"
"9802_1779903834","2026-05-27 17:43:54","2026-06-03 17:16:08.899","9802","Symphony No. 7 In E Minor: IV. Nachtmusik. Andante Amoroso (Live)","Kirill Petrenko: Bavarian State Orchestra","Mahler: Symphony No. 7 In E Minor (Live)",704,-1,-1,-1,"99.5 HD3 WCRB","OTHER","states/US-NAT","US Partner Digital"
"11241_1779903829","2026-05-27 17:43:49","2026-06-03 17:17:00.546","11241","Hammer To Fall","Queen","The Works",268,235509592,4258,235509584,"93QFM",,"states/US-NAT","US Partner Digital"
"9925_1779903795","2026-05-27 17:43:15","2026-06-03 17:16:36.484","9925","Private Eyes","Daryl Hall & John Oates","Private Eyes (Expanded Edition)",218,2607830,645736,2604055,"M2D2 RADIO WERP","ACHOTMODERN","states/US-NAT","US Partner Digital"
"8885_1779903781","2026-05-27 17:43:01","2026-06-03 17:15:55.325","8885","Todo Wara","bohemianvoodoo","SCENES",292,-1,-1,-1,"YourClassical Relax","OTHER","states/US-NAT","Classical"
"9802_1779903777","2026-05-27 17:42:57","2026-06-03 17:16:08.899","9802","Mahler: Symphony #7 In E Minor, ""Lied Der Nacht"" - 4. Nachtmusik: Andante Amoroso","Iván Fischer: Budapest Festival Orchestra","Mahler: Symphony #7",754,-1,-1,-1,"99.5 HD3 WCRB","OTHER","states/US-NAT","US Partner Digital"
"9251_1779903777","2026-05-27 17:42:57","2026-06-03 17:14:42.540","9251","Tainted","Slum Village Feat. Dwele","Trinity (Past, Present And Future)",267,5393793,28371,5393788,"Hype 1 Radio",,"states/US-NAT","US Partner Digital"
"8886_1779903768","2026-05-27 17:42:48","2026-06-03 17:14:41.191","8886","4. Alla marcia, assai vivace - Più allegro - Presto","Emerson String Quartet","Beethoven: The Late String Quartets",128,19238121,1020,19238104,"YourClassical Chamber Music","OTHER","states/US-NAT","US Partner Digital"
"10419_1779903764","2026-05-27 17:42:44","2026-06-03 17:15:03.150","10419","Out of Touch","Daryl Hall & John Oates","Big Bam Boom",262,2628328,645736,2620180,"THAT 80's CHANNEL",,"states/US-NAT","US Partner Digital"
"9727_1779903763","2026-05-27 17:42:43","2026-06-03 17:16:07.084","9727","Whatcha See Is Whatcha Get","The Dramatics","Whatcha See Is Whatcha Get [Stax Remasters]",237,64133036,40794,64133032,"FreeAgentSoul","RNB","states/US-NAT","US Partner Digital"
"11300_1779903761","2026-05-27 17:42:41","2026-06-03 17:17:00.954","11300","Nobody Likes Your Girlfriend","Nate Smith & HARDY","Nobody Likes Your Girlfriend",59,313776049,49783,313776048,"99.5 THE GULF",,"states/US-NAT","US Partner Digital"
"8757_1779903759","2026-05-27 17:42:39","2026-06-03 17:16:10.993","8757","Aerys","Heatbeat","Global Monster",214,44395119,71389,44395115,"LEGOLAND Radio","OTHER","states/US-NAT","Kids & Family"
"11236_1779903755","2026-05-27 17:42:35","2026-06-03 17:17:00.251","11236","More Than This","Roxy Music","Avalon",269,438364,27678,438363,"DC Sugar95",,"states/US-NAT","US Partner Digital"
"9481_1779903747","2026-05-27 17:42:27","2026-06-03 17:16:05.533","9481","Whistle","Jonn Hart & Too $hort","Whistle",162,60499578,32364855,60499577,"That Throwback Channel!","RNB","states/US-NAT","US Partner Digital"
"10418_1779903737","2026-05-27 17:42:17","2026-06-03 17:15:03.134","10418","Another In The Fire","Hillsong UNITED & TAYA","People",265,374994524,37767,374994504,"Christian Hits FM","OTHER","states/US-NAT","US Partner Digital"
"10344_1779903726","2026-05-27 17:42:06","2026-06-03 17:15:03.329","10344","Everything Is Beautiful","Ray Stevens","Everything Is Beautiful",210,239846085,15941,239846084,"Real Oldies Music Radio",,"states/US-NAT","US Partner Digital"
"6227_1779903726","2026-05-27 17:42:06","2026-06-03 17:14:47.455","6227","Motownphilly","Boyz II Men","CooleyHighHarmony",234,689652,40100,689651,"Hot 106.5","RNB","FL","R&B"
"8282_1779903723","2026-05-27 17:42:03","2026-06-03 17:15:50.743","8282","Maradona","Andrés Calamaro","Honestidad Extra Brut",109,188411458,106052,188411448,"TUDN Radio","SPANISH","states/US-NAT","US Partner Digital"
"9772_1779903720","2026-05-27 17:42:00","2026-06-03 17:16:08.007","9772","Dalan Liyane","Marina, Sia, Spoon, ハロウィン","魔法の絨毯",140,-1,-1,-1,"Traklife Radio","ACHOTMODERN","states/US-NAT","US Partner Digital"
"6155_1779903718","2026-05-27 17:41:58","2026-06-03 17:15:20.802","6155","Matsuri","Drunken Kong","Matsuri EP",275,-1,-1,-1,"New Sounds",,"states/US-NAT","US Partner Digital"
"8887_1779903713","2026-05-27 17:41:53","2026-06-03 17:15:56.014","8887","Grieg Solveig's Song from Peer Gynt Suite n2","Johann Pachelbel","Canon Pachelbel - Johann Pachelbel Canon in D and Many Other Classical Piano Favorites, Cannon in D, Fur Elise, Moonlight Sonata, Canon in D Major",213,-1,-1,-1,"YourClassical Sleep","OTHER","states/US-NAT","Classical"
"11301_1779903711","2026-05-27 17:41:51","2026-06-03 17:17:01.250","11301","We Go Back","Keith Urban feat. Michael McDonald","We Go Back",209,397249463,28475,397249462,"99.5 THE STAR",,"states/US-NAT","US Partner Digital"
"6464_1779903693","2026-05-27 17:41:33","2026-06-03 17:15:21.877","6464","Paradise City","Guns N' Roses","Appetite For Destruction",405,58560990,39143,58560984,"The Loop",,"IL","Classic Rock"
"8984_1779903684","2026-05-27 17:41:24","2026-06-03 17:14:42.371","8984","Make A Way","Vashawn Mitchell","Soundcheck",249,355243235,305811,355243228,"Get Up! Mornings","OTHER","states/US-NAT","US Partner Digital"
"8987_1779903682","2026-05-27 17:41:22","2026-06-03 17:14:42.198","8987","Make A Way","Vashawn Mitchell","Soundcheck",249,355243235,305811,355243228,"Willie Moore Jr. Show","OTHER","states/US-NAT","US Partner Digital"
"11298_1779903681","2026-05-27 17:41:21","2026-06-03 17:17:01.221","11298","Insane in the Brain","Cypress Hill","Black Sunday",208,8735905,56559,8735902,"102 The Cube",,"states/US-NAT","US Partner Digital"
"10465_1779903673","2026-05-27 17:41:13","2026-06-03 17:15:03.540","10465","Push It","Salt-N-Pepa","Hot Tub Time Machine [Music From The Motion Picture]",271,5892025,42705,5892018,"CJ's Awesome 80s",,"states/US-NAT","US Partner Digital"
"6297_1779903670","2026-05-27 17:41:10","2026-06-03 17:14:47.842","6297","Tatuajes","Reik","De México",197,110010374,90279,110010372,"Local Current","ROCKALTERNATIVE","states/US-NAT","US Partner Digital"
"11178_1779903664","2026-05-27 17:41:04","2026-06-03 17:16:59.645","11178","Again","Lenny Kravitz","Greatest Hits",228,1347189,7072,1347185,"Power Hits",,"states/US-NAT","US Partner Digital"
"11318_1779903651","2026-05-27 17:40:51","2026-06-03 17:17:01.579","11318","B.M.F. (Blowin' Money Fast)","Rick Ross feat. Styles P","Teflon Don",249,8099059,2272,8099050,"DMX Radio",,"states/US-NAT","US Partner Digital"
"9889_1779903649","2026-05-27 17:40:49","2026-06-03 17:16:13.580","9889","Santo","Banda Canal","Razão da Vida",264,107965629,34847130,107965621,"La Invasora 94.7","SPANISH","states/US-NAT","US Partner Digital"
"11382_1779903643","2026-05-27 17:40:43","2026-06-03 17:17:02.492","11382","Everybody Come On","Joeskie","Elrow Vol. 4",358,-1,-1,-1,"Weston World One",,"states/US-NAT","US Partner Digital"
"11244_1779903643","2026-05-27 17:40:43","2026-06-03 17:16:59.983","11244","Now Here","Red Rocks Worship","Things of Heaven",324,343293077,30738219,343293075,"Total Worship Radio",,"states/US-NAT","US Partner Digital"
"11314_1779903638","2026-05-27 17:40:38","2026-06-03 17:17:02.336","11314","All In Now","DOGSTAR","All In Now",165,384429280,832946,384429279,"Alt Rock Variety MEGASHUFFLE",,"states/US-NAT","US Partner Digital"
"5254_1779903631","2026-05-27 17:40:31","2026-06-03 17:15:19.004","5254","Sympathy Magic","Florence + the Machine","Sympathy Magic",268,357503268,44174,357503267,"WHIP Radio",,"PA","Public Radio"
"6295_1779903616","2026-05-27 17:40:16","2026-06-03 17:15:20.840","6295","Watching The Detectives","Elvis Costello","My Aim Is True",236,673436,7669,673434,"Rock the Cradle","Prov_American Public Media","states/US-NAT","US Partner Digital"
"8713_1779903609","2026-05-27 17:40:09","2026-06-03 17:14:40.914","8713","Running on Empty","Jackson Browne","Running on Empty",330,76275046,16225,76275045,"Smooth 70s",,"states/US-NAT","US Partner Digital"
"11382_1779903604","2026-05-27 17:40:04","2026-06-03 17:17:02.492","11382","Let's Go Loco (Jack Mazzoni Extended Remix)","Adrian Cervera","Let's Go Loco",251,55008454,30641472,55008451,"Weston World One",,"states/US-NAT","US Partner Digital"
"11241_1779903601","2026-05-27 17:40:01","2026-06-03 17:17:00.546","11241","Young Lust","Pink Floyd","The Wall",210,37495387,165,37495378,"93QFM",,"states/US-NAT","US Partner Digital"
"10419_1779903598","2026-05-27 17:39:58","2026-06-03 17:15:03.150","10419","Desire","U2","Rattle And Hum",178,825955,970,825941,"THAT 80's CHANNEL",,"states/US-NAT","US Partner Digital"
"8983_1779903597","2026-05-27 17:39:57","2026-06-03 17:14:42.191","8983","Is It a Crime","Mariah the Scientist & Kali Uchis","Is It a Crime",180,342669640,33233764,342669639,"The Morning Hustle",,"states/US-NAT","US Partner Digital"
"7342_1779903587","2026-05-27 17:39:47","2026-06-03 17:15:28.854","7342","Gluck: Iphigénie En Tauride - Ballet","Patricia Neway, Léopold Simoneau, Etc.; Carlo Maria Giulini: Orchestre De La Société Des Concerts Du Conservatoire, Ensemble Vocal De Paris","Gluck: Iphigénie En Tauride [Disc 1]",192,-1,-1,-1,"WABE 90.1 HD2 Classical",,"states/US-NAT","US Partner Digital"
"8135_1779903586","2026-05-27 17:39:46","2026-06-03 17:14:41.075","8135","The Charmer","William Prince","Further From the Country",324,338047393,30990122,338047385,"Folk Alley Fresh Cuts",,"states/US-NAT","US Partner Digital"
"7742_1779903582","2026-05-27 17:39:42","2026-06-03 17:15:41.316","7742","Hörst du, wie die Gläser klingen","Reinhard Mey","Mr. Lee",417,86279742,28393,86279733,"Christmas by Classical KING","OTHER","states/US-NAT","US Partner Digital"
"10636_1779903572","2026-05-27 17:39:32","2026-06-03 17:15:02.956","10636","Shadow Burn","RYKEYDADDY.X","FREEDOM or JAIL",164,-1,-1,-1,"98.3 BPME ""The Sound""",,"states/US-NAT","US Partner Digital"
"11240_1779903565","2026-05-27 17:39:25","2026-06-03 17:16:59.881","11240","Forget Me Nots","Patrice Rushen","Straight from the Heart (Remastered)",285,164846512,58950,164846511,"Soul Radio Coast2coast",,"states/US-NAT","US Partner Digital"
"7099_1779903561","2026-05-27 17:39:21","2026-06-03 17:15:26.647","7099","Trees","Twenty One Pilots","Vessel",266,20141590,527361,20141579,"WAY LOUD","OTHER","states/US-NAT","US Partner Digital"
"11382_1779903549","2026-05-27 17:39:09","2026-06-03 17:17:02.492","11382","Brighter Days (Todd's Tnt Remix)","Cajmere","Brighter Days",299,-1,-1,-1,"Weston World One",,"states/US-NAT","US Partner Digital"
"9657_1779903548","2026-05-27 17:39:08","2026-06-03 17:14:47.457","9657","All My Blessings","Tommee Profitt, Futuristic & Michael Minelli","Cinematic Songs",163,353760123,462331,353760122,"NGEN Radio","HIPHOPRNB","states/US-NAT","US Partner Digital"
"11236_1779903540","2026-05-27 17:39:00","2026-06-03 17:17:00.251","11236","Lay Down Sally","Eric Clapton","Slowhand 35th Anniversary",234,20075286,39635,20075283,"DC Sugar95",,"states/US-NAT","US Partner Digital"
"8282_1779903536","2026-05-27 17:38:56","2026-06-03 17:15:50.743","8282","Cómo Te Voy A Olvidar","Los Ángeles Azules & Vicentico","De Buenos Aires Para El Mundo",260,319733917,30419757,319733915,"TUDN Radio","SPANISH","states/US-NAT","US Partner Digital"
"8890_1779903536","2026-05-27 17:38:56","2026-06-03 17:14:41.290","8890","Gookin: Dam Mwen Yo","Amanda Gookin","Forward Music Project 1.0",326,-1,-1,-1,"YourClassical Black History","OTHER","states/US-NAT","US Partner Digital"
"7226_1779903526","2026-05-27 17:38:46","2026-06-03 17:14:38.855","7226","Circlesong Four","Bobby McFerrin","Circlesongs",268,2886179,28420,2875554,"CPR Classical",,"states/US-NAT","US Partner Digital"
"10418_1779903522","2026-05-27 17:38:42","2026-06-03 17:15:03.134","10418","Lead Me On","Chandler Moore","Lead Me On",224,273182695,30478822,273182694,"Christian Hits FM","OTHER","states/US-NAT","US Partner Digital"
"6296_1779903519","2026-05-27 17:38:39","2026-06-03 17:15:20.788","6296","Catch my dream","最上静香 (田所あずさ)","THE IDOLM@STER LIVE THE@TER HARMONY 03",270,-1,-1,-1,"Radio Heartland","ROCKALTERNATIVE","states/US-NAT","US Partner Digital"
"8136_1779903496","2026-05-27 17:38:16","2026-06-03 17:14:40.506","8136","Love Story (Acoustic Version)","The Acoustic Guitar Troubadours","Acoustic Pop",238,-1,-1,-1,"Folk Alley Irish Stream",,"states/US-NAT","US Partner Digital"
"5254_1779903492","2026-05-27 17:38:12","2026-06-03 17:15:19.004","5254","Darkerside","David Kushner","The Dichotomy",157,285812418,31266898,285812404,"WHIP Radio",,"PA","Public Radio"
"7863_1779903490","2026-05-27 17:38:10","2026-06-03 17:15:49.032","7863","Touch Me Tease Me","Case feat. Foxy Brown, Mary J. Blige","Best Of",227,26885398,30005142,26885397,"RnR Radio","Prov_Other","states/US-NAT","US Partner Digital"
"9727_1779903486","2026-05-27 17:38:06","2026-06-03 17:16:07.084","9727","Maybe Tomorrow","The Jackson 5","Maybe Tomorrow",282,28132003,35053,28132002,"FreeAgentSoul","RNB","states/US-NAT","US Partner Digital"
"7342_1779903484","2026-05-27 17:38:04","2026-06-03 17:15:28.854","7342","Waltzing Matilda","李德筠","價值觀 Vol.02",223,-1,-1,-1,"WABE 90.1 HD2 Classical",,"states/US-NAT","US Partner Digital"
"11298_1779903482","2026-05-27 17:38:02","2026-06-03 17:17:01.221","11298","Steal My Sunshine","Len","You Can't Stop The Bum Rush",264,2589526,123337,2584258,"102 The Cube",,"states/US-NAT","US Partner Digital"
"9319_1779903481","2026-05-27 17:38:01","2026-06-03 17:14:47.276","9319","Personal Jesus","Def Leppard","The Story So Far: The Best Of Def Leppard",236,65157171,44059,65157154,"KBACK Rock Radio","ROCKACTIVE","states/US-NAT","US Partner Digital"
"7097_1779903479","2026-05-27 17:37:59","2026-06-03 17:14:39.795","7097","Heaven's Hound","Karine Polwart & Dave Milligan","Still As Your Sleeping",223,-1,-1,-1,"EWTN Radio Catolica Mundial","OTHER","states/US-NAT","US Partner Digital"
"7548_1779903479","2026-05-27 17:37:59","2026-06-03 17:15:29.684","7548","Love Song","Simple Minds","Sons And Fascination/Sister Feelings Call",303,435737,26291,435732,"DARE FM","ROCKALTERNATIVE","states/US-NAT","US Partner Digital"
"9251_1779903462","2026-05-27 17:37:42","2026-06-03 17:14:42.540","9251","Partition","Beyoncé","BEYONCÉ [Platinum Edition]",319,29604781,89266,29604775,"Hype 1 Radio",,"states/US-NAT","US Partner Digital"
"8892_1779903453","2026-05-27 17:37:33","2026-06-03 17:15:55.986","8892","Into The Thick Of It!","The Backyardigans","The Backyardigans",160,1797119,89434,1797105,"YourClassical Radio","OTHER","states/US-NAT","Classical"
"7869_1779903446","2026-05-27 17:37:26","2026-06-03 17:15:45.552","7869","Firm Foundation (He Won’t)","Cody Carnes","Firm Foundation",381,230624706,915588,230624691,"Family Life Radio","OTHER","states/US-NAT","US Partner Digital"
"6464_1779903445","2026-05-27 17:37:25","2026-06-03 17:15:21.877","6464","Juke Box Hero","Foreigner","4",259,1087231,35146,1087229,"The Loop",,"IL","Classic Rock"
"11299_1779903444","2026-05-27 17:37:24","2026-06-03 17:17:01.114","11299","Hello","Adele","25",295,120345828,126564,120345827,"LA NUEVA, RADIO",,"states/US-NAT","US Partner Digital"
"9481_1779903440","2026-05-27 17:37:20","2026-06-03 17:16:05.533","9481","Let's Get It On","Marvin Gaye","Let's Get It On",291,19304929,1489,19304928,"That Throwback Channel!","RNB","states/US-NAT","US Partner Digital"
"7867_1779903436","2026-05-27 17:37:16","2026-06-03 17:15:45.335","7867","Hit the Road Jack","Ray Charles","True Genius",119,135396022,1504,135396014,"Purple Current","Prov_American Public Media","states/US-NAT","US Partner Digital"
"11244_1779903434","2026-05-27 17:37:14","2026-06-03 17:16:59.983","11244","All My Praise","Ryan Ellis","Ryan Ellis",207,173932632,30776539,173932630,"Total Worship Radio",,"states/US-NAT","US Partner Digital"
"8163_1779903427","2026-05-27 17:37:07","2026-06-03 17:15:47.552","8163","Señor (Tales of Yankee Power)","Jerry Garcia Band feat. Jerry Garcia","Jerry Garcia Band",462,46388463,31555169,46388453,"Folk Alley Holiday","OTHER","states/US-NAT","US Partner Digital"
"9925_1779903417","2026-05-27 17:36:57","2026-06-03 17:16:36.484","9925","What You Won't Do for Love","Bobby Caldwell","What You Won't Do for Love",286,157113872,728,157113866,"M2D2 RADIO WERP","ACHOTMODERN","states/US-NAT","US Partner Digital"
"11300_1779903414","2026-05-27 17:36:54","2026-06-03 17:17:00.954","11300","My Kinda Saturday Night","Luke Combs","The Prequel",164,352293019,30406307,352293018,"99.5 THE GULF",,"states/US-NAT","US Partner Digital"
"11314_1779903410","2026-05-27 17:36:50","2026-06-03 17:17:02.336","11314","Better Love","Hozier","Better Love",203,40896569,979812,40896568,"Alt Rock Variety MEGASHUFFLE",,"states/US-NAT","US Partner Digital"
"8983_1779903408","2026-05-27 17:36:48","2026-06-03 17:14:42.191","8983","Do it all Again (feat. Evi)","Aradon","Do it all Again (feat. Evi)",174,89006921,33172747,89006920,"The Morning Hustle",,"states/US-NAT","US Partner Digital"
"11178_1779903401","2026-05-27 17:36:41","2026-06-03 17:16:59.645","11178","I Don't Wanna Go On With You Like That","Elton John","Reg Strikes Back",275,748577,5041,748575,"Power Hits",,"states/US-NAT","US Partner Digital"
"10465_1779903398","2026-05-27 17:36:38","2026-06-03 17:15:03.540","10465","Never Surrender","Corey Hart","Boy In The Box",294,39820219,37128,39820216,"CJ's Awesome 80s",,"states/US-NAT","US Partner Digital"
"11241_1779903394","2026-05-27 17:36:34","2026-06-03 17:17:00.546","11241","Unskinny Bop","Poison","Flesh & Blood",227,529519,24746,529514,"93QFM",,"states/US-NAT","US Partner Digital"
"11392_1779903374","2026-05-27 17:36:14","2026-06-03 17:17:03.457","11392","Grace Like Waters","Community Music & Worship Together feat. Shelly Moore","Grace Like Waters",300,163403012,37769020,163403011,"Easy Jazz FM",,"states/US-NAT","US Partner Digital"
"11462_1779903357","2026-05-27 17:35:57","2026-06-03 17:17:04.947","11462","Moth To A Flame","Swedish House Mafia & Adriatique feat. The Weeknd","Moth To A Flame",389,179356065,38605878,179356064,"Carolina smoke radio",,"states/US-NAT","US Partner Digital"
"8713_1779903352","2026-05-27 17:35:52","2026-06-03 17:14:40.914","8713","Let's Get It On","Marvin Gaye","Let's Get It On",291,19304929,1489,19304928,"Smooth 70s",,"states/US-NAT","US Partner Digital"
"10636_1779903350","2026-05-27 17:35:50","2026-06-03 17:15:02.956","10636","Be Your Girl","Teedra Moses","Complex Simplicity",249,-1,-1,-1,"98.3 BPME ""The Sound""",,"states/US-NAT","US Partner Digital"
"11318_1779903346","2026-05-27 17:35:46","2026-06-03 17:17:01.579","11318","It Was A Good Day","Ice Cube","The Predator",259,48163033,28761,48163026,"DMX Radio",,"states/US-NAT","US Partner Digital"
"10344_1779903333","2026-05-27 17:35:33","2026-06-03 17:15:03.329","10344","Shilo","Neil Diamond","50th Anniversary Collection",206,46038766,7052,46038756,"Real Oldies Music Radio",,"states/US-NAT","US Partner Digital"
"5254_1779903329","2026-05-27 17:35:29","2026-06-03 17:15:19.004","5254","Heart Of A Woman","Summer Walker","Heart Of A Woman",170,294908451,32072686,294908450,"WHIP Radio",,"PA","Public Radio"
"8880_1779903315","2026-05-27 17:35:15","2026-06-03 17:15:55.612","8880","Carol Of The Bells","Arturo Delmoni & Friends","A String Quartet Christmas [Disc 3]",75,-1,-1,-1,"YourClassical Holiday","OTHER","states/US-NAT","US Partner Digital"
"8989_1779903310","2026-05-27 17:35:10","2026-06-03 17:15:57.454","8989","나무야","호우 Feat. 찰리 정","Natural",257,-1,-1,-1,"K-Mozart","OTHER","states/US-NAT","US Partner Digital"
"9739_1779903310","2026-05-27 17:35:10","2026-06-03 17:16:07.322","9739","Fighting the Darkness","Primal Fear","Live in the USA",523,296261393,2672,296261384,"The Rock Vault","ROCKCLASSIC","states/US-NAT","US Partner Digital"
"11265_1779903296","2026-05-27 17:34:56","2026-06-03 17:17:00.286","11265","Last Train Home","Davy Mooney & John Pizzarelli","Last Train Home",253,-1,-1,-1,"AF Radio",,"states/US-NAT","US Partner Digital"
"7742_1779903296","2026-05-27 17:34:56","2026-06-03 17:15:41.316","7742","Xácara: Los que fueren de buen gusto","Andrew Lawrence-King & The Harp Consort","Missa Mexicana",294,51680458,166247,51680454,"Christmas by Classical KING","OTHER","states/US-NAT","US Partner Digital"
"8884_1779903293","2026-05-27 17:34:53","2026-06-03 17:14:41.974","8884","Never Look Away (Spontaneous Outro)","People & Songs Feat. Kevin Jones","The Emerging Sound, Vol. 3",741,-1,-1,-1,"YourClassical Concert Band","OTHER","states/US-NAT","US Partner Digital"
"389_1779903286","2026-05-27 17:34:46","2026-06-01 15:25:22.858","389","End Of The Line","The Traveling Wilburys","The Traveling Wilburys, Vol. 1",210,40442196,59989,40442186,"850 AM / 94.1 FM KOA","NEWSTALK","CO","News & Talk"
"8984_1779903281","2026-05-27 17:34:41","2026-06-03 17:14:42.371","8984","Intentional","Travis Greene","The Hill",309,36235129,181098,36235125,"Get Up! Mornings","OTHER","states/US-NAT","US Partner Digital"
"11299_1779903271","2026-05-27 17:34:31","2026-06-03 17:17:01.114","11299","Te Quiero Tanto, Tanto","Onda Vaselina","Entrega Total",190,8202694,44372281,8202681,"LA NUEVA, RADIO",,"states/US-NAT","US Partner Digital"
"7548_1779903270","2026-05-27 17:34:30","2026-06-03 17:15:29.684","7548","Dresden","Orchestral Manoeuvres In The Dark","English Electric",215,-1,-1,-1,"DARE FM","ROCKALTERNATIVE","states/US-NAT","US Partner Digital"
"9319_1779903267","2026-05-27 17:34:27","2026-06-03 17:14:47.276","9319","Been Caught Stealing","Jane's Addiction","Ritual De Lo Habitual",213,1077591,31270,1077586,"KBACK Rock Radio","ROCKACTIVE","states/US-NAT","US Partner Digital"
"11298_1779903264","2026-05-27 17:34:24","2026-06-03 17:17:01.221","11298","Tonight She Comes","The Cars","Heartbeat City",237,54937925,58396,54937908,"102 The Cube",,"states/US-NAT","US Partner Digital"
"8892_1779903260","2026-05-27 17:34:20","2026-06-03 17:15:55.986","8892","Dogstar","Afropeans","No. 1",397,344887811,377576,344887807,"YourClassical Radio","OTHER","states/US-NAT","Classical"
"6464_1779903247","2026-05-27 17:34:07","2026-06-03 17:15:21.877","6464","Hard To Handle","The Black Crowes","Shake Your Money Maker",188,40242349,6946,40242343,"The Loop",,"IL","Classic Rock"
"8136_1779903233","2026-05-27 17:33:53","2026-06-03 17:14:40.506","8136","Recede","Nell","Separation Anxiety",223,191737899,360555,191737895,"Folk Alley Irish Stream",,"states/US-NAT","US Partner Digital"
"7867_1779903231","2026-05-27 17:33:51","2026-06-03 17:15:45.335","7867","untitled 06 | 06.30.2014.","Kendrick Lamar","untitled unmastered.",207,38835378,432004,38835372,"Purple Current","Prov_American Public Media","states/US-NAT","US Partner Digital"
"8983_1779903220","2026-05-27 17:33:40","2026-06-03 17:14:42.191","8983","Soul","Céline Dion","Courage [Bonus Tracks]",193,-1,-1,-1,"The Morning Hustle",,"states/US-NAT","US Partner Digital"
"11318_1779903219","2026-05-27 17:33:39","2026-06-03 17:17:01.579","11318","Heartless","Kanye West","808s & Heartbreak",210,41845223,34743,41845220,"DMX Radio",,"states/US-NAT","US Partner Digital"
"8987_1779903219","2026-05-27 17:33:39","2026-06-03 17:14:42.198","8987","Intentional","Travis Greene","The Hill",309,36235129,181098,36235125,"Willie Moore Jr. Show","OTHER","states/US-NAT","US Partner Digital"
"9925_1779903218","2026-05-27 17:33:38","2026-06-03 17:16:36.484","9925","Day After Day","Badfinger","Straight Up",189,34600117,3507,34600108,"M2D2 RADIO WERP","ACHOTMODERN","states/US-NAT","US Partner Digital"
"9481_1779903218","2026-05-27 17:33:38","2026-06-03 17:16:05.533","9481","On The Beat","The Brooklyn & Bronx And Queens Band","The Brooklyn, Bronx & Queens Band",357,5899400,46342707,5899399,"That Throwback Channel!","RNB","states/US-NAT","US Partner Digital"
"11244_1779903215","2026-05-27 17:33:35","2026-06-03 17:16:59.983","11244","Look At What Grace Can Do","Branan Murphy","Life is Hard. God is Good.",219,402711137,31563825,402711133,"Total Worship Radio",,"states/US-NAT","US Partner Digital"
"11314_1779903210","2026-05-27 17:33:30","2026-06-03 17:17:02.336","11314","Oh My God","Kaiser Chiefs","Employment",214,299161131,41566,299161125,"Alt Rock Variety MEGASHUFFLE",,"states/US-NAT","US Partner Digital"
"7869_1779903203","2026-05-27 17:33:23","2026-06-03 17:15:45.552","7869","Don't Stop Praying","Matthew West","Don't Stop Praying",233,278541618,33420,278541617,"Family Life Radio","OTHER","states/US-NAT","US Partner Digital"
"11378_1779903201","2026-05-27 17:33:21","2026-06-03 17:17:03.030","11378","María","Ricky Martin","Ricky Martin",273,2516109,35545,2516108,"GROOVY FM",,"states/US-NAT","US Partner Digital"
"7742_1779903201","2026-05-27 17:33:21","2026-06-03 17:15:41.316","7742","Byttering: Nesciens Mater","New York Polyphony","Sing Thee Nowell",97,-1,-1,-1,"Christmas by Classical KING","OTHER","states/US-NAT","US Partner Digital"
"11382_1779903198","2026-05-27 17:33:18","2026-06-03 17:17:02.492","11382","Dancing To","Kurd Maverick","Dancing To",311,118733067,32482,118733065,"Weston World One",,"states/US-NAT","US Partner Digital"
"11236_1779903194","2026-05-27 17:33:14","2026-06-03 17:17:00.251","11236","The Living Years","Mike + The Mechanics","Living Years",331,29216826,30655971,29216824,"DC Sugar95",,"states/US-NAT","US Partner Digital"
"9658_1779903188","2026-05-27 17:33:08","2026-06-03 17:16:06.755","9658","Mi Fe Viva Está","Church of the City, Ileia Sharaé & Monique Zackery","Mi Fe Viva Está",246,208633387,33941653,208633386,"Vida Unida, Nationwide","SPANISH","states/US-NAT","US Partner Digital"
"9772_1779903186","2026-05-27 17:33:06","2026-06-03 17:16:08.007","9772","李白的酒蘇軾的柳","老鬍子男孩","李白的酒蘇軾的柳",193,-1,-1,-1,"Traklife Radio","ACHOTMODERN","states/US-NAT","US Partner Digital"
"10775_1779903185","2026-05-27 17:33:05","2026-06-03 17:16:56.420","10775","TOGETHER","for KING & COUNTRY, Kirk Franklin and Tori Kelly","What Are We Waiting For?",204,155412301,649143,155412291,"The Light DFW",,"states/US-NAT","US Partner Digital"
"7863_1779903180","2026-05-27 17:33:00","2026-06-03 17:15:49.032","7863","Parents Just Don't Understand","DJ Jazzy Jeff & the Fresh Prince","He's The DJ, I'm The Rapper",315,5898911,89258,5898892,"RnR Radio","Prov_Other","states/US-NAT","US Partner Digital"
"8880_1779903179","2026-05-27 17:32:59","2026-06-03 17:15:55.612","8880","Messiah, Part One: His yoke is easy, his burthen is light","Sir Andrew Davis","Handel: Messiah",143,12425044,30518310,12425000,"YourClassical Holiday","OTHER","states/US-NAT","US Partner Digital"
"9802_1779903177","2026-05-27 17:32:57","2026-06-03 17:16:08.899","9802","Mahler: Symphony #7 In E Minor, ""Lied Der Nacht"" - 3. Scherzo &Trio","Iván Fischer: Budapest Festival Orchestra","Mahler: Symphony #7",551,-1,-1,-1,"99.5 HD3 WCRB","OTHER","states/US-NAT","US Partner Digital"
"8713_1779903174","2026-05-27 17:32:54","2026-06-03 17:14:40.914","8713","Top Of The World","Carpenters","A Song For You",180,60415790,39303,60415788,"Smooth 70s",,"states/US-NAT","US Partner Digital"
"6227_1779903168","2026-05-27 17:32:48","2026-06-03 17:14:47.455","6227","Whatever You Want","Tony! Toni! Toné!","The Revival",290,572142,39479,572129,"Hot 106.5","RNB","FL","R&B"
"9802_1779903168","2026-05-27 17:32:48","2026-06-03 17:16:08.899","9802","Symphony No. 7 In E Minor: III. Scherzo. Schattenhaft (Live)","Kirill Petrenko: Bavarian State Orchestra","Mahler: Symphony No. 7 In E Minor (Live)",562,-1,-1,-1,"99.5 HD3 WCRB","OTHER","states/US-NAT","US Partner Digital"
"9802_1779903161","2026-05-27 17:32:41","2026-06-03 17:16:08.899","9802","Symphony No. 7 In E Minor: III. Scherzo. Schattenhaft (Live)","Kirill Petrenko: Bavarian State Orchestra","Mahler: Symphony No. 7 In E Minor (Live)",562,-1,-1,-1,"99.5 HD3 WCRB","OTHER","states/US-NAT","US Partner Digital"
"11241_1779903159","2026-05-27 17:32:39","2026-06-03 17:17:00.546","11241","Good Lovin' Gone Bad","Bad Company","Straight Shooter",217,31436965,40534,31436964,"93QFM",,"states/US-NAT","US Partner Digital"
"9657_1779903152","2026-05-27 17:32:32","2026-06-03 17:14:47.457","9657","Heaven On My Mind","tobyMac","Heaven On My Mind",203,316744314,386996,316744313,"NGEN Radio","HIPHOPRNB","states/US-NAT","US Partner Digital"
"7099_1779903148","2026-05-27 17:32:28","2026-06-03 17:15:26.647","7099","AFRAID TO DIE","P.O.D. featuring Tatiana Shmayluk and Jinjer","VERITAS",183,247962050,58631,247962047,"WAY LOUD","OTHER","states/US-NAT","US Partner Digital"
"5254_1779903145","2026-05-27 17:32:25","2026-06-03 17:15:19.004","5254","Fast","Demi Lovato","Fast",181,342016010,42340,342016009,"WHIP Radio",,"PA","Public Radio"
"9727_1779903143","2026-05-27 17:32:23","2026-06-03 17:16:07.084","9727","Can You Feel the Beat","Lisa Lisa & Cult Jam;Full Force","Lisa Lisa and Cult Jam with Full Force (Expanded Edition)",410,54685992,37087,54685982,"FreeAgentSoul","RNB","states/US-NAT","US Partner Digital"
"9251_1779903140","2026-05-27 17:32:20","2026-06-03 17:14:42.540","9251","Stella By Starlight","Chet Baker","Chet Baker Sextet",235,427442,28817,427439,"Hype 1 Radio",,"states/US-NAT","US Partner Digital"
"6600_1779903129","2026-05-27 17:32:09","2026-06-03 17:15:24.680","6600","Slán le Máighe","The Gloaming","2",524,301116092,948508,301116081,"Calm by Classical KING","OTHER","states/US-NAT","US Partner Digital"
"9802_1779903124","2026-05-27 17:32:04","2026-06-03 17:16:08.899","9802","Mahler: Symphony #7 In E Minor, ""Lied Der Nacht"" - 3. Scherzo &Trio","Iván Fischer: Budapest Festival Orchestra","Mahler: Symphony #7",551,-1,-1,-1,"99.5 HD3 WCRB","OTHER","states/US-NAT","US Partner Digital"
"8757_1779903116","2026-05-27 17:31:56","2026-06-03 17:16:10.993","8757","Everything Is AWESOME!!!","Jo Li","The Lego® Movie (Original Motion Picture Soundtrack)",86,70463633,30954418,70463608,"LEGOLAND Radio","OTHER","states/US-NAT","Kids & Family"
"11300_1779903094","2026-05-27 17:31:34","2026-06-03 17:17:00.954","11300","Did It Anyway","ERNEST","Cadillac Sessions",196,326789393,42811395,326789384,"99.5 THE GULF",,"states/US-NAT","US Partner Digital"
"10465_1779903085","2026-05-27 17:31:25","2026-06-03 17:15:03.540","10465","We Built This City","Starship","Knee Deep In The Hoopla",295,66150678,7211,66150677,"CJ's Awesome 80s",,"states/US-NAT","US Partner Digital"
"10418_1779903080","2026-05-27 17:31:20","2026-06-03 17:15:03.134","10418","I Give You My Dreams","Sarai Rivera","Suelto",228,298528259,589872,298528256,"Christian Hits FM","OTHER","states/US-NAT","US Partner Digital"
"7342_1779903076","2026-05-27 17:31:16","2026-06-03 17:15:28.854","7342","4. Rondeau (Allegro ma non troppo)","Michael Laird","Mozart: The Great Serenades",362,19255870,30637061,19255852,"WABE 90.1 HD2 Classical",,"states/US-NAT","US Partner Digital"
"11298_1779903072","2026-05-27 17:31:12","2026-06-03 17:17:01.221","11298","Get Down On It","Kool & the Gang","Something Special",291,30751871,568,30751865,"102 The Cube",,"states/US-NAT","US Partner Digital"
"11382_1779903034","2026-05-27 17:30:34","2026-06-03 17:17:02.492","11382","My Princess","Lexer","Alle Farben 45 - Winterheart Blue",458,385246461,912246,385246453,"Weston World One",,"states/US-NAT","US Partner Digital"
"11314_1779903024","2026-05-27 17:30:24","2026-06-03 17:17:02.336","11314","Waiting for Somebody","Paul Westerberg","Singles - Original Motion Picture Soundtrack",207,2553222,31095,2546898,"Alt Rock Variety MEGASHUFFLE",,"states/US-NAT","US Partner Digital"
"7867_1779903022","2026-05-27 17:30:22","2026-06-03 17:15:45.335","7867","Freedom","Jimi Hendrix","The Cry of Love",206,28087850,2359,28087849,"Purple Current","Prov_American Public Media","states/US-NAT","US Partner Digital"
"11318_1779903012","2026-05-27 17:30:12","2026-06-03 17:17:01.579","11318","Paper Planes","M.I.A.","Kala",204,110822255,40511,110822244,"DMX Radio",,"states/US-NAT","US Partner Digital"
"6464_1779903011","2026-05-27 17:30:11","2026-06-03 17:15:21.877","6464","Lay It On The Line","Triumph","Just A Game",245,276482486,342295,276482484,"The Loop",,"IL","Classic Rock"
"9889_1779903007","2026-05-27 17:30:07","2026-06-03 17:16:13.580","9889","Bendecido","LOS DOS DE TAMAULIPAS","Arriba La Compañia",164,-1,-1,-1,"La Invasora 94.7","SPANISH","states/US-NAT","US Partner Digital"
"9889_1779902990","2026-05-27 17:29:50","2026-06-03 17:16:13.580","9889","Concerto for Solo Keyboard No. 3 in D Minor, BWV 974: II. Adagio","Sergey Bryukhno","Bach: Concerto for Solo Keyboard No. 3 in D Minor, BWV 974: II. Adagio",197,308710503,37867438,308710502,"La Invasora 94.7","SPANISH","states/US-NAT","US Partner Digital"
"9658_1779902988","2026-05-27 17:29:48","2026-06-03 17:16:06.755","9658","Cantaremos (Que Cante La Iglesia)","Tauren Wells, ECCOS & Samu Robles","Breathe On It",195,397504086,31219675,397504075,"Vida Unida, Nationwide","SPANISH","states/US-NAT","US Partner Digital"
"7869_1779902979","2026-05-27 17:29:39","2026-06-03 17:15:45.552","7869","Wait For Me","Zach Williams","Jesus Loves",223,336795094,31203647,336795090,"Family Life Radio","OTHER","states/US-NAT","US Partner Digital"
"8757_1779902975","2026-05-27 17:29:35","2026-06-03 17:16:10.993","8757","Going To Hell","Alla Xul Elu","The Almighty",483,349166858,30805814,349166838,"LEGOLAND Radio","OTHER","states/US-NAT","Kids & Family"
"10636_1779902971","2026-05-27 17:29:31","2026-06-03 17:15:02.956","10636","Si frate","Night Skinny feat. Samuel Heron, TY1","Pezzi",130,384975143,31474191,384975136,"98.3 BPME ""The Sound""",,"states/US-NAT","US Partner Digital"
"5254_1779902968","2026-05-27 17:29:28","2026-06-03 17:15:19.004","5254","Midnight Memories","One Direction","Midnight Memories (Deluxe)",175,24176501,687496,24176431,"WHIP Radio",,"PA","Public Radio"
"11178_1779902965","2026-05-27 17:29:25","2026-06-03 17:16:59.645","11178","Borderline","Madonna","Madonna",321,1055704,35393,1055702,"Power Hits",,"states/US-NAT","US Partner Digital"
"8984_1779902963","2026-05-27 17:29:23","2026-06-03 17:14:42.371","8984","My Testimony","Marvin Sapp","My Testimony",626,16803826,114259,16803825,"Get Up! Mornings","OTHER","states/US-NAT","US Partner Digital"
"8135_1779902956","2026-05-27 17:29:16","2026-06-03 17:14:41.075","8135","Pyramid Scheme","Hurray for the Riff Raff","Pyramid Scheme",195,314156649,899421,314156648,"Folk Alley Fresh Cuts",,"states/US-NAT","US Partner Digital"
"9925_1779902939","2026-05-27 17:28:59","2026-06-03 17:16:36.484","9925","Joanna","Kool & the Gang","Collected",240,142418267,568,142418236,"M2D2 RADIO WERP","ACHOTMODERN","states/US-NAT","US Partner Digital"
"9493_1779902935","2026-05-27 17:28:55","2026-06-03 17:16:06.143","9493","Symphony 94 “Surprise Symphony” G major: I. Adagio-Vivace assai [Arr. for Guitar]","Kossler Duo","Danse Macabre",418,-1,-1,-1,"Cadena SER","SPANISH","states/US-NAT","Spanish"
"11241_1779902934","2026-05-27 17:28:54","2026-06-03 17:17:00.546","11241","Mixed Emotions","The Rolling Stones","Steel Wheels",278,19095178,39467,19095176,"93QFM",,"states/US-NAT","US Partner Digital"
"8987_1779902918","2026-05-27 17:28:38","2026-06-03 17:14:42.198","8987","My Testimony","Marvin Sapp","My Testimony",626,16803826,114259,16803825,"Willie Moore Jr. Show","OTHER","states/US-NAT","US Partner Digital"
"8163_1779902908","2026-05-27 17:28:28","2026-06-03 17:15:47.552","8163","When I Get My Hands On You","The New Basement Tapes","Lost On The River",189,29179825,30611983,29179818,"Folk Alley Holiday","OTHER","states/US-NAT","US Partner Digital"
"11298_1779902906","2026-05-27 17:28:26","2026-06-03 17:17:01.221","11298","Play That Funky Music","Vanilla Ice","To The Extreme",285,495112,3495,495105,"102 The Cube",,"states/US-NAT","US Partner Digital"
"11240_1779902905","2026-05-27 17:28:25","2026-06-03 17:16:59.881","11240","Ooo Baby Baby","Smokey Robinson & the Miracles","Going To A Go-Go",166,65180815,32209,65180812,"Soul Radio Coast2coast",,"states/US-NAT","US Partner Digital"
"9727_1779902893","2026-05-27 17:28:13","2026-06-03 17:16:07.084","9727","Funkin' for Jamaica","Tom Browne","Funkin' For Jamaica",283,4579004,118563,4578994,"FreeAgentSoul","RNB","states/US-NAT","US Partner Digital"
"11244_1779902888","2026-05-27 17:28:08","2026-06-03 17:16:59.983","11244","Be Alright","Evan Craft, Danny Gokey & Redimi2","Desesperado",274,125960123,705765,125960119,"Total Worship Radio",,"states/US-NAT","US Partner Digital"
"8892_1779902884","2026-05-27 17:28:04","2026-06-03 17:15:55.986","8892","2. Adagio - Cadenza By Charles Neidich","Charles Neidich","Mozart, W.A.: The Wind Concertos / Serenades / Divertimenti",516,19127760,110574,19127730,"YourClassical Radio","OTHER","states/US-NAT","Classical"
"11299_1779902873","2026-05-27 17:27:53","2026-06-03 17:17:01.114","11299","Alone Together","Kenny Dorham","Quiet Kenny",190,582715,28528,582709,"LA NUEVA, RADIO",,"states/US-NAT","US Partner Digital"
"8984_1779902867","2026-05-27 17:27:47","2026-06-03 17:14:42.371","8984","All I Need Is You","Lecrae","Anomaly",224,112024469,4046,112024458,"Get Up! Mornings","OTHER","states/US-NAT","US Partner Digital"
"10176_1779902860","2026-05-27 17:27:40","2026-06-03 17:15:02.338","10176","Iron Bar","Lor Tanamo","I'm in the Mood for Ska: The Best of Lord Tanamo",139,374830147,601799,374830137,"Rewind from Family Life","OTHER","states/US-NAT","US Partner Digital"
"11382_1779902860","2026-05-27 17:27:40","2026-06-03 17:17:02.492","11382","Be Sharp Say Nowt","Patrick Topping","Be Sharp Say Nowt",443,63008099,30327658,63008098,"Weston World One",,"states/US-NAT","US Partner Digital"
"10179_1779902858","2026-05-27 17:27:38","2026-06-03 17:15:03.247","10179","Working On A Building","Gaither Vocal Band","Better Together",197,41934374,27199,41934373,"Gospel Road from Family Life","OTHER","states/US-NAT","US Partner Digital"
"8880_1779902848","2026-05-27 17:27:28","2026-06-03 17:15:55.612","8880","Tchaikovsky: The Nutcracker, Op. 71, Act I, Scene 2: No. 9, Waltz of the Snowflakes","Philharmonia Orchestra/John Lanchbery","Tchaikovsky: The Nutcracker, Sleeping Beauty & Swan Lake",372,67617335,34903,67617325,"YourClassical Holiday","OTHER","states/US-NAT","US Partner Digital"
"6297_1779902846","2026-05-27 17:27:26","2026-06-03 17:14:47.842","6297","Can't Stand It (feat. Tory Lanez)","Kierra Luv","Take It Or Leave It",204,237176783,32088666,237176778,"Local Current","ROCKALTERNATIVE","states/US-NAT","US Partner Digital"
"8987_1779902837","2026-05-27 17:27:17","2026-06-03 17:14:42.198","8987","All I Need Is You","Lecrae","Anomaly",224,112024469,4046,112024458,"Willie Moore Jr. Show","OTHER","states/US-NAT","US Partner Digital"
"9251_1779902833","2026-05-27 17:27:13","2026-06-03 17:14:42.540","9251","The Worst","Jhené Aiko","Sail Out",255,24031040,30419774,24031035,"Hype 1 Radio",,"states/US-NAT","US Partner Digital"
"7863_1779902831","2026-05-27 17:27:11","2026-06-03 17:15:49.032","7863","Come Clean","Jeru the Damaja","The Sun Rises In The East",296,61439996,43447,61439985,"RnR Radio","Prov_Other","states/US-NAT","US Partner Digital"
"7259_1779902819","2026-05-27 17:26:59","2026-06-03 17:14:39.725","7259","All The Colours Of You","James","All The Colours Of You",325,135934047,41002,135934045,"Capital Public Radio",,"states/US-NAT","US Partner Digital"
"8984_1779902811","2026-05-27 17:26:51","2026-06-03 17:14:42.371","8984","Happy","Pharrell Williams","G I R L",232,75398635,992340,75398630,"Get Up! Mornings","OTHER","states/US-NAT","US Partner Digital"
"11314_1779902806","2026-05-27 17:26:46","2026-06-03 17:17:02.336","11314","G.O.D. And The Broken Ribs","Jack White","G.O.D. And The Broken Ribs / Derecho Demonico",223,391422097,90158,391422096,"Alt Rock Variety MEGASHUFFLE",,"states/US-NAT","US Partner Digital"
"6464_1779902793","2026-05-27 17:26:33","2026-06-03 17:15:21.877","6464","The Stroke","Billy Squier","Don't Say No",217,7957073,9639,7957071,"The Loop",,"IL","Classic Rock"
"11318_1779902786","2026-05-27 17:26:26","2026-06-03 17:17:01.579","11318","Wanna Be A Baller","Lil' Troy","Sittin' Fat Down South",354,745768,6085,745754,"DMX Radio",,"states/US-NAT","US Partner Digital"
"7742_1779902783","2026-05-27 17:26:23","2026-06-03 17:15:41.316","7742","Bach: Singet Dem Herrn Ein Neues Lied","Canadian Brass, Berlin Philharmonic Brass Ensemble","Brass In Berlin",231,-1,-1,-1,"Christmas by Classical KING","OTHER","states/US-NAT","US Partner Digital"
"8987_1779902778","2026-05-27 17:26:18","2026-06-03 17:14:42.198","8987","Happy","Pharrell Williams","G I R L",232,75398635,992340,75398630,"Willie Moore Jr. Show","OTHER","states/US-NAT","US Partner Digital"
"11178_1779902758","2026-05-27 17:25:58","2026-06-03 17:16:59.645","11178","Xanadu","Olivia Newton-John & Electric Light Orchestra","Xanadu",209,-1,-1,-1,"Power Hits",,"states/US-NAT","US Partner Digital"
"8880_1779902754","2026-05-27 17:25:54","2026-06-03 17:15:55.612","8880","Act I: Waltz of the Snowflakes","George Balanchine's The Nutcracker","George Balanchine's The Nutcracker - Music From The Original Soundtrack",360,1071248,31225375,1071236,"YourClassical Holiday","OTHER","states/US-NAT","US Partner Digital"
"7869_1779902749","2026-05-27 17:25:49","2026-06-03 17:15:45.552","7869","Desperate","Jamie MacDonald","Left It In The River",210,342015860,44664424,342015858,"Family Life Radio","OTHER","states/US-NAT","US Partner Digital"
"9481_1779902749","2026-05-27 17:25:49","2026-06-03 17:16:05.533","9481","Lady (You Bring Me Up)","Commodores","In The Pocket",292,563110,39106,563105,"That Throwback Channel!","RNB","states/US-NAT","US Partner Digital"
"11382_1779902744","2026-05-27 17:25:44","2026-06-03 17:17:02.492","11382","Never Gonna Let You Go","Made In U.S.A.","Never Gonna Let You Go",603,364234097,35198298,364234096,"Weston World One",,"states/US-NAT","US Partner Digital"
"8136_1779902737","2026-05-27 17:25:37","2026-06-03 17:14:40.506","8136","Sunflower","We Banjo 3","Haven",157,140680813,894395,140680805,"Folk Alley Irish Stream",,"states/US-NAT","US Partner Digital"
"10418_1779902729","2026-05-27 17:25:29","2026-06-03 17:15:03.134","10418","Sing Of Your Love","ELEVATION RHYTHM feat. Joe L Barnes","Victory Lap",279,323263930,33119694,323263928,"Christian Hits FM","OTHER","states/US-NAT","US Partner Digital"
"11241_1779902713","2026-05-27 17:25:13","2026-06-03 17:17:00.546","11241","Give A Little Bit","Supertramp","Even In The Quietest Moments...",248,387378181,39262,387378180,"93QFM",,"states/US-NAT","US Partner Digital"
"11382_1779902699","2026-05-27 17:24:59","2026-06-03 17:17:02.492","11382","Earthquake [Live]","키라라","4 Live [Disc 1]",389,-1,-1,-1,"Weston World One",,"states/US-NAT","US Partner Digital"
"11382_1779902693","2026-05-27 17:24:53","2026-06-03 17:17:02.492","11382","The Sun","Parov Stelar, Graham Candy","The Sun",318,363168640,119518,363168637,"Weston World One",,"states/US-NAT","US Partner Digital"
"11240_1779902692","2026-05-27 17:24:52","2026-06-03 17:16:59.881","11240","What's Love Got To Do With It","Tina Turner","Private Dancer",227,32779681,17477,32779679,"Soul Radio Coast2coast",,"states/US-NAT","US Partner Digital"
"8135_1779902692","2026-05-27 17:24:52","2026-06-03 17:14:41.075","8135","爱你爱到赤裸裸","安儿陈","爱你爱到赤裸裸",262,392685367,34617624,392685366,"Folk Alley Fresh Cuts",,"states/US-NAT","US Partner Digital"
"6227_1779902691","2026-05-27 17:24:51","2026-06-03 17:14:47.455","6227","Return of the Mack","Mark Morrison","Return of the Mack",212,69548698,54107,69548692,"Hot 106.5","RNB","FL","R&B"
"7099_1779902685","2026-05-27 17:24:45","2026-06-03 17:15:26.647","7099","All Around Me","Flyleaf","Flyleaf",198,66724481,33215,66724474,"WAY LOUD","OTHER","states/US-NAT","US Partner Digital"
"8995_1779902682","2026-05-27 17:24:42","2026-06-03 17:15:56.844","8995","The Load-Out","Jackson Browne","Running on Empty",335,76275054,16225,76275045,"That 70's Channel","CLASSICHITS","states/US-NAT","US Partner Digital"
"6466_1779902678","2026-05-27 17:24:38","2026-06-03 17:15:21.080","6466","100 Bad Days","AJR","Neotheater",210,375071428,594322,375071425,"Operavore",,"states/US-NAT","US Partner Digital"
"11248_1779902675","2026-05-27 17:24:35","2026-06-03 17:17:00.135","11248","Brand New","Lil Dicky","Penith",78,375048087,30667051,375048086,"KPOP 24.7 NuWaaV RADIO",,"states/US-NAT","US Partner Digital"
"8880_1779902665","2026-05-27 17:24:25","2026-06-03 17:15:55.612","8880","Tchaikovsky: The Nutcracker, Op. 71, Act I, Scene 2: No. 9, Waltz of the Snowflakes","Philharmonia Orchestra/John Lanchbery","Tchaikovsky: The Nutcracker, Sleeping Beauty & Swan Lake",372,67617335,34903,67617325,"YourClassical Holiday","OTHER","states/US-NAT","US Partner Digital"
"9727_1779902664","2026-05-27 17:24:24","2026-06-03 17:16:07.084","9727","Ooh Boy","Rose Royce","In Full Bloom",256,1157903,546,1157898,"FreeAgentSoul","RNB","states/US-NAT","US Partner Digital"
"11314_1779902663","2026-05-27 17:24:23","2026-06-03 17:17:02.336","11314","Up All Night","James Bay feat. The Lumineers, Noah Kahan","Up All Night",203,279133523,881026,279133522,"Alt Rock Variety MEGASHUFFLE",,"states/US-NAT","US Partner Digital"
"8890_1779902655","2026-05-27 17:24:15","2026-06-03 17:14:41.290","8890","Price: Symphony No. 4 in D Minor: III. Juba. Allegro","The Philadelphia Orchestra & Yannick Nézet-Séguin","Price: Symphony No. 4 in D Minor: III. Juba. Allegro",323,366971751,30639506,366971750,"YourClassical Black History","OTHER","states/US-NAT","US Partner Digital"
"9739_1779902651","2026-05-27 17:24:11","2026-06-03 17:16:07.322","9739","Sex Type Thing","Stone Temple Pilots","Core",218,50728982,58584,50728980,"The Rock Vault","ROCKCLASSIC","states/US-NAT","US Partner Digital"
"11300_1779902640","2026-05-27 17:24:00","2026-06-03 17:17:00.954","11300","I Can't Love You Anymore","Ella Langley & Morgan Wallen","I Can't Love You Anymore",228,396492334,32173141,396492333,"99.5 THE GULF",,"states/US-NAT","US Partner Digital"
"9925_1779902640","2026-05-27 17:24:00","2026-06-03 17:16:36.484","9925","Spill The Wine","Eric Burdon & War","Eric Burdon Declares War",294,118195647,60020,118195644,"M2D2 RADIO WERP","ACHOTMODERN","states/US-NAT","US Partner Digital"
"8987_1779902630","2026-05-27 17:23:50","2026-06-03 17:14:42.198","8987","I Feel Good","Fred Hammond","God, Love & Romance",253,16804947,98344,16804770,"Willie Moore Jr. Show","OTHER","states/US-NAT","US Partner Digital"
"8890_1779902628","2026-05-27 17:23:48","2026-06-03 17:14:41.290","8890","Piano Sonata No. 2 in B Minor, Op. 35: III. Funeral March (Lento)","Henrik Måwe","The 50 Greatest Pieces of Classical Piano",504,375460677,32596591,375460655,"YourClassical Black History","OTHER","states/US-NAT","US Partner Digital"
"5254_1779902615","2026-05-27 17:23:35","2026-06-03 17:15:19.004","5254","Get The Message","The Paradox","Get The Message",162,329402361,33407037,329402360,"WHIP Radio",,"PA","Public Radio"
"11298_1779902605","2026-05-27 17:23:25","2026-06-03 17:17:01.221","11298","Sausalito Summernight","Diesel","Watts In A Tank",307,1040396,59097,1040395,"102 The Cube",,"states/US-NAT","US Partner Digital"
"9889_1779902605","2026-05-27 17:23:25","2026-06-03 17:16:13.580","9889","Tributo A Lizandro Meza","Grupo 5","Elmer Vive! [Live]",328,-1,-1,-1,"La Invasora 94.7","SPANISH","states/US-NAT","US Partner Digital"
"11244_1779902596","2026-05-27 17:23:16","2026-06-03 17:16:59.983","11244","Make Room","Casting Crowns feat. Matt Maher","It's Finally Christmas - EP",266,51247965,89484,51247959,"Total Worship Radio",,"states/US-NAT","US Partner Digital"
"7867_1779902590","2026-05-27 17:23:10","2026-06-03 17:15:45.335","7867","Hard Times","Baby Huey & The Baby Sitters","The Baby Huey Story: The Living Legend",202,1072866,961603,1072861,"Purple Current","Prov_American Public Media","states/US-NAT","US Partner Digital"
"9319_1779902581","2026-05-27 17:23:01","2026-06-03 17:14:47.276","9319","You're Going Down","Sick Puppies","Tri-polar",186,10328883,33858,10328879,"KBACK Rock Radio","ROCKACTIVE","states/US-NAT","US Partner Digital"
"7863_1779902568","2026-05-27 17:22:48","2026-06-03 17:15:49.032","7863","You'll Never Find Another Love Like Mine","Lou Rawls","All Things In Time",268,3823017,1882,3822906,"RnR Radio","Prov_Other","states/US-NAT","US Partner Digital"
"6464_1779902566","2026-05-27 17:22:46","2026-06-03 17:15:21.877","6464","Free Fallin'","Tom Petty","Full Moon Fever",255,607283,1805,607279,"The Loop",,"IL","Classic Rock"
"9481_1779902560","2026-05-27 17:22:40","2026-06-03 17:16:05.533","9481","Foolish","Ashanti","Ashanti",226,826874,39123,826867,"That Throwback Channel!","RNB","states/US-NAT","US Partner Digital"
"8880_1779902556","2026-05-27 17:22:36","2026-06-03 17:15:55.612","8880","Tchaikovsky: The Nutcracker, Op. 71 - Act 1: Scene & Waltz Of The Snowflakes","Eugene Ormandy: Philadelphia Orchestra","Tchaikovsky: The Nutcracker (Excerpts)",589,-1,-1,-1,"YourClassical Holiday","OTHER","states/US-NAT","US Partner Digital"
"8757_1779902553","2026-05-27 17:22:33","2026-06-03 17:16:10.993","8757","Everything Is AWESOME!!! (feat. The Lonely Island)","Tegan and Sara","The Lego® Movie (Original Motion Picture Soundtrack)",163,70463609,742157,70463608,"LEGOLAND Radio","OTHER","states/US-NAT","Kids & Family"
"9657_1779902549","2026-05-27 17:22:29","2026-06-03 17:14:47.457","9657","WHO I WAS","NF & mgk","WHO I WAS",180,360088643,958998,360088642,"NGEN Radio","HIPHOPRNB","states/US-NAT","US Partner Digital"
"8995_1779902548","2026-05-27 17:22:28","2026-06-03 17:15:56.844","8995","I'd Like to Teach the World to Sing (In Perfect Harmony)","The New Seekers","The Best Of The New Seekers",145,2025917,10806,2025910,"That 70's Channel","CLASSICHITS","states/US-NAT","US Partner Digital"
"10418_1779902538","2026-05-27 17:22:18","2026-06-03 17:15:03.134","10418","Walk With Jesus","Consumed by Fire","First Things First",210,362858488,463899,362858487,"Christian Hits FM","OTHER","states/US-NAT","US Partner Digital"
"7869_1779902538","2026-05-27 17:22:18","2026-06-03 17:15:45.552","7869","Alleluia","Elevation Worship","Alleluia [Single]",209,-1,-1,-1,"Family Life Radio","OTHER","states/US-NAT","US Partner Digital"
"11384_1779902530","2026-05-27 17:22:10","2026-06-03 17:17:03.698","11384","Follow The Leader","The Soca Boys feat. Van B. King","The Album",253,44932755,31479577,44932754,"DJ Babydoll Radio",,"states/US-NAT","US Partner Digital"
"11299_1779902517","2026-05-27 17:21:57","2026-06-03 17:17:01.114","11299","A Day In The Life","Wes Montgomery","A Day In The Life",348,61429696,5555,61429695,"LA NUEVA, RADIO",,"states/US-NAT","US Partner Digital"
"11462_1779902512","2026-05-27 17:21:52","2026-06-03 17:17:04.947","11462","Gagarin","Light, Trannos, Alitiz","Gagarin",262,328612077,30404842,328612076,"Carolina smoke radio",,"states/US-NAT","US Partner Digital"
"8885_1779902511","2026-05-27 17:21:51","2026-06-03 17:15:55.325","8885","Mozart: Piano Concerto No. 21 in C Major, K. 467: II. Andante","Stephen Hough","Mozart: Piano Concertos Nos. 9 ""Jeunehomme"" & 21 ""Elvira Madigan""",406,105217891,44918,105217889,"YourClassical Relax","OTHER","states/US-NAT","Classical"
"11384_1779902506","2026-05-27 17:21:46","2026-06-03 17:17:03.698","11384","Jump","Rupee","1 On 1",216,45986178,58687,45986164,"DJ Babydoll Radio",,"states/US-NAT","US Partner Digital"
"9772_1779902502","2026-05-27 17:21:42","2026-06-03 17:16:08.007","9772","NAKRé","Laylow","TRINITY",235,94193051,30042638,94193032,"Traklife Radio","ACHOTMODERN","states/US-NAT","US Partner Digital"
"7226_1779902468","2026-05-27 17:21:08","2026-06-03 17:14:38.855","7226","No.2 in A Flat Major: Allegretto","Radu Lupu","Schubert: Impromptus Opp.90 & 142",448,19302716,30640487,19302710,"CPR Classical",,"states/US-NAT","US Partner Digital"
"8984_1779902465","2026-05-27 17:21:05","2026-06-03 17:14:42.371","8984","Steal My Sunshine","Len","You Can't Stop The Bum Rush",264,2589526,123337,2584258,"Get Up! Mornings","OTHER","states/US-NAT","US Partner Digital"
"8890_1779902451","2026-05-27 17:20:51","2026-06-03 17:14:41.290","8890","Ol' Man River from Showboat","Paul Robeson, Lawrence Brown, Columbia Concert Orchestra & Emanuel Balaban","Songs of Free Men",192,4148938,4114,4147622,"YourClassical Black History","OTHER","states/US-NAT","US Partner Digital"
"9889_1779902446","2026-05-27 17:20:46","2026-06-03 17:16:13.580","9889","Cariñito Cariñito","Julión Álvarez Y Su Norteño Banda feat. Julio Preciado","Mis Ídolos, Hoy Mis Amigos!!!",153,172892833,601081,172892830,"La Invasora 94.7","SPANISH","states/US-NAT","US Partner Digital"
"6227_1779902440","2026-05-27 17:20:40","2026-06-03 17:14:47.455","6227","I Remember","Keyshia Cole","Just Like You",259,587805,39414,587797,"Hot 106.5","RNB","FL","R&B"
"6294_1779902428","2026-05-27 17:20:28","2026-06-03 17:15:20.569","6294","Les Chansons Des Roses: V. Dirait-On (Morten Lauridsen, piano)","The Singers - Minnesota Choral Artists","Lauridsen: Mid-Winter Songs",300,-1,-1,-1,"YourClassical Choral","OTHER","states/US-NAT","Classical"
"9772_1779902401","2026-05-27 17:20:01","2026-06-03 17:16:08.007","9772","Silver Lining","Jamila","Silver Lining",202,296636756,196329,296636755,"Traklife Radio","ACHOTMODERN","states/US-NAT","US Partner Digital"
"8983_1779902388","2026-05-27 17:19:48","2026-06-03 17:14:42.191","8983","ErrTime","Cardi B","AM I THE DRAMA?",146,350952547,31246427,350952531,"The Morning Hustle",,"states/US-NAT","US Partner Digital"
"8136_1779902384","2026-05-27 17:19:44","2026-06-03 17:14:40.506","8136","Just to be the One","Glen Hansard","Didn't He Ramble",192,82827934,89420,82827925,"Folk Alley Irish Stream",,"states/US-NAT","US Partner Digital"
"11240_1779902381","2026-05-27 17:19:41","2026-06-03 17:16:59.881","11240","If It Isn't Love","New Edition","Heart Break",309,587087,39196,587082,"Soul Radio Coast2coast",,"states/US-NAT","US Partner Digital"
"7867_1779902372","2026-05-27 17:19:32","2026-06-03 17:15:45.335","7867","Brick House","Commodores","Commodores",208,608538,39106,608529,"Purple Current","Prov_American Public Media","states/US-NAT","US Partner Digital"
"7226_1779902356","2026-05-27 17:19:16","2026-06-03 17:14:38.855","7226","No.2 in A flat: Allegretto","Alfred Brendel","Schubert: The Complete Impromptus/Moments Musicaux",348,19306490,116603,19306478,"CPR Classical",,"states/US-NAT","US Partner Digital"
"9658_1779902354","2026-05-27 17:19:14","2026-06-03 17:16:06.755","9658","Living Hope","Bethel Music & Bethany Wohrle","Living Hope",406,108337939,433205,108337938,"Vida Unida, Nationwide","SPANISH","states/US-NAT","US Partner Digital"
"389_1779902347","2026-05-27 17:19:07","2026-06-01 15:25:22.858","389","Houses of the Holy","Led Zeppelin","Physical Graffiti",242,1093793,1807,1093789,"850 AM / 94.1 FM KOA","NEWSTALK","CO","News & Talk"
"11318_1779902341","2026-05-27 17:19:01","2026-06-03 17:17:01.579","11318","You","Lloyd feat. Lil Wayne","Street Love",272,784599,38890,784585,"DMX Radio",,"states/US-NAT","US Partner Digital"
"9319_1779902340","2026-05-27 17:19:00","2026-06-03 17:14:47.276","9319","Livin' On A Prayer","Bon Jovi","Slippery When Wet",249,60426450,39361,60426447,"KBACK Rock Radio","ROCKACTIVE","states/US-NAT","US Partner Digital"
"8983_1779902339","2026-05-27 17:18:59","2026-06-03 17:14:42.191","8983","ErrTime (feat. Jeezy) [Remix]","Cardi B","AM I THE DRAMA?",195,360722192,31246427,360722165,"The Morning Hustle",,"states/US-NAT","US Partner Digital"
"10418_1779902333","2026-05-27 17:18:53","2026-06-03 17:15:03.134","10418","What Are We Waiting For?","for KING & COUNTRY and CeCe Winans","What Are We Waiting For?",194,239724840,649143,239724839,"Christian Hits FM","OTHER","states/US-NAT","US Partner Digital"
"6464_1779902333","2026-05-27 17:18:53","2026-06-03 17:15:21.877","6464","Heat Of The Moment","Asia","Asia",234,60263164,7784,60263163,"The Loop",,"IL","Classic Rock"
"8757_1779902327","2026-05-27 17:18:47","2026-06-03 17:16:10.993","8757","Batman","Mark Mothersbaugh","The Lego® Movie (Original Motion Picture Soundtrack)",82,70463619,32270,70463608,"LEGOLAND Radio","OTHER","states/US-NAT","Kids & Family"
"11382_1779902322","2026-05-27 17:18:42","2026-06-03 17:17:02.492","11382","Kon F. Jennedy","Hubinek, Sperbel","Kon F. Jennedy EP",356,88513149,30579779,88513147,"Weston World One",,"states/US-NAT","US Partner Digital"
"11462_1779902309","2026-05-27 17:18:29","2026-06-03 17:17:04.947","11462","Love Pannu (Oru Punnagai Poove)","Harris Jayaraj, Prashanthini, KK & Vairamuthu","12 B (Original Motion Picture Soundtrack)",279,229414953,248565,229414952,"Carolina smoke radio",,"states/US-NAT","US Partner Digital"
"7869_1779902308","2026-05-27 17:18:28","2026-06-03 17:15:45.552","7869","To Not Worship You","MercyMe","Always Only Jesus",225,188359474,90180,188359470,"Family Life Radio","OTHER","states/US-NAT","US Partner Digital"
"11378_1779902305","2026-05-27 17:18:25","2026-06-03 17:17:03.030","11378","Nubes","Caifanes","El Silencio",275,9677529,107509,9677519,"GROOVY FM",,"states/US-NAT","US Partner Digital"
"6466_1779902304","2026-05-27 17:18:24","2026-06-03 17:15:21.080","6466","Weber: Der Freischütz, Op. 77, J. 277 / Act 1: ""Nein, länger trag' ich nicht die Quälen... Durch die Wälder, durch die Auen""","Jonas Kaufmann, Prague Philharmonic Orchestra & Marco Armiliato","Romantic Arias",422,19116444,932664,19116438,"Operavore",,"states/US-NAT","US Partner Digital"
"7863_1779902298","2026-05-27 17:18:18","2026-06-03 17:15:49.032","7863","Crooklyn Dodgers [Baseball Mix]","The Crooklyn Dodgers","Crooklyn",271,-1,-1,-1,"RnR Radio","Prov_Other","states/US-NAT","US Partner Digital"
"6296_1779902294","2026-05-27 17:18:14","2026-06-03 17:15:20.788","6296","Copperhead Road","Steve Earle","Alone Again (Live)",270,273035817,39329,273035802,"Radio Heartland","ROCKALTERNATIVE","states/US-NAT","US Partner Digital"
"10636_1779902269","2026-05-27 17:17:49","2026-06-03 17:15:02.956","10636","C.R.E.A.M. (Cash Rules Everything Around Me)","Wu-Tang Clan","Enter The Wu-Tang (36 Chambers) [Expanded Edition]",251,2569470,3887,2569328,"98.3 BPME ""The Sound""",,"states/US-NAT","US Partner Digital"
"7232_1779902267","2026-05-27 17:17:47","2026-05-31 10:58:15.608","7232","The Days Keep Passing Me By","The Lottery Winners","Start Again",199,227925871,548784,227925862,"620 AM Radio Luz","SPANISH","TX","Spanish"
"8995_1779902262","2026-05-27 17:17:42","2026-06-03 17:15:56.844","8995","Somebody To Love","Queen","A Day At The Races",298,14650865,4258,14650859,"That 70's Channel","CLASSICHITS","states/US-NAT","US Partner Digital"
"11240_1779902251","2026-05-27 17:17:31","2026-06-03 17:16:59.881","11240","Get on Up","The Esquires","Get on up and Get Away",143,139450196,30410191,139450195,"Soul Radio Coast2coast",,"states/US-NAT","US Partner Digital"
"8892_1779902245","2026-05-27 17:17:25","2026-06-03 17:15:55.986","8892","Dvořák: Rondo for Cello and Orchestra in G Minor, Op. 94, B. 181","Camille Berthollet","Camille & Julie Berthollet",439,42767172,31042183,42767164,"YourClassical Radio","OTHER","states/US-NAT","Classical"
"7342_1779902243","2026-05-27 17:17:23","2026-06-03 17:15:28.854","7342","Rondo for Cello and Orchestra in G Minor, Op. 94","Lithuanian Chamber Orchestra","Peque Clásicos, Suave Despertar",455,27737926,30225494,27737905,"WABE 90.1 HD2 Classical",,"states/US-NAT","US Partner Digital"
"8135_1779902235","2026-05-27 17:17:15","2026-06-03 17:14:41.075","8135","Childhood Friends","Chatham Rabbits","Be Real With Me",216,-1,-1,-1,"Folk Alley Fresh Cuts",,"states/US-NAT","US Partner Digital"
"11314_1779902193","2026-05-27 17:16:33","2026-06-03 17:17:02.336","11314","Darling It Hurts","Paul Kelly","Gossip",198,25568712,30405088,25568698,"Alt Rock Variety MEGASHUFFLE",,"states/US-NAT","US Partner Digital"
"7226_1779902183","2026-05-27 17:16:23","2026-06-03 17:14:38.855","7226","4 Impromptus, Op. 142, D. 935 | Impromptu No. 2 in A flat major [Schubert]","Jeno Jando","Schubert: Impromptus (Complete)",436,20865871,30257003,20865865,"CPR Classical",,"states/US-NAT","US Partner Digital"
"6296_1779902177","2026-05-27 17:16:17","2026-06-03 17:15:20.788","6296","Hit the Road Jack","Ray Charles","True Genius",119,135396022,1504,135396014,"Radio Heartland","ROCKALTERNATIVE","states/US-NAT","US Partner Digital"
"9802_1779902171","2026-05-27 17:16:11","2026-06-03 17:16:08.899","9802","Mahler: Symphony #7 In E Minor, ""Lied Der Nacht"" - 2. Nachtmusik: Allegro Moderato","Iván Fischer: Budapest Festival Orchestra","Mahler: Symphony #7",875,-1,-1,-1,"99.5 HD3 WCRB","OTHER","states/US-NAT","US Partner Digital"
"6294_1779902167","2026-05-27 17:16:07","2026-06-03 17:15:20.569","6294","Les Chansons Des Roses: IV. La Rose Complète","The Singers - Minnesota Choral Artists","Lauridsen: Mid-Winter Songs",238,-1,-1,-1,"YourClassical Choral","OTHER","states/US-NAT","Classical"
"11299_1779902146","2026-05-27 17:15:46","2026-06-03 16:11:27.351","11299","Bye Bye Macadam","Rone","Tohu Bohu",264,-1,-1,-1,"LA NUEVA, RADIO",,"states/US-NAT","US Partner Digital"
"8886_1779902146","2026-05-27 17:15:46","2026-06-03 17:14:41.191","8886","2. Allegro ma non tanto","Emerson String Quartet","Beethoven: The Late String Quartets",564,19238109,1020,19238104,"YourClassical Chamber Music","OTHER","states/US-NAT","US Partner Digital"
"9889_1779902143","2026-05-27 17:15:43","2026-06-03 17:16:13.580","9889","Te Presumo","Banda El Recodo De Cruz Lizárraga","Lo Más Escuchado De",192,76835257,461025,76835255,"La Invasora 94.7","SPANISH","states/US-NAT","US Partner Digital"
"8135_1779902142","2026-05-27 17:15:42","2026-06-03 17:14:41.075","8135","Climactic Phase No.3","Seefeel","Quique",504,3480978,145313,3480977,"Folk Alley Fresh Cuts",,"states/US-NAT","US Partner Digital"
"9889_1779902140","2026-05-27 17:15:40","2026-06-03 17:16:13.580","9889","Thirty-Two Variations On An Original Theme, Wo0 80 (Live)","Stephen Carlson","Live In Recital",612,-1,-1,-1,"La Invasora 94.7","SPANISH","states/US-NAT","US Partner Digital"
"11248_1779902138","2026-05-27 17:15:38","2026-06-03 17:17:00.135","11248","Let Me Love You","Drew","Brutal",212,81658810,30404819,81658802,"KPOP 24.7 NuWaaV RADIO",,"states/US-NAT","US Partner Digital"
"7867_1779902113","2026-05-27 17:15:13","2026-06-03 17:15:45.335","7867","Psychedelic Shack","The Temptations","Gold",231,65142339,39740,65142319,"Purple Current","Prov_American Public Media","states/US-NAT","US Partner Digital"
"9319_1779902109","2026-05-27 17:15:09","2026-06-03 17:14:47.276","9319","Hypnotize Yourself","The Dead Daisies","Radiance",228,175332722,907685,175332720,"KBACK Rock Radio","ROCKACTIVE","states/US-NAT","US Partner Digital"
"11392_1779902104","2026-05-27 17:15:04","2026-06-03 16:11:29.188","11392","Stranger Things","Molly Tuttle & Golden Highway","City of Gold",240,225227929,37090757,225227920,"Easy Jazz FM",,"states/US-NAT","US Partner Digital"
"8136_1779902098","2026-05-27 17:14:58","2026-06-03 17:14:40.506","8136","MIDI","Anna Meredith","Eighth Grade (Original Motion Picture Soundtrack)",221,85309116,30337767,85309101,"Folk Alley Irish Stream",,"states/US-NAT","US Partner Digital"
"9493_1779902085","2026-05-27 17:14:45","2026-06-03 16:10:41.052","9493","Sex & Drugs & Rock & Roll","Ian Dury","New Boots and Panties!!",194,312159656,125536,312159645,"Cadena SER","SPANISH","states/US-NAT","Spanish"
"8995_1779902083","2026-05-27 17:14:43","2026-06-03 16:10:32.515","8995","Get Down Tonight","KC & the Sunshine Band","KC & the Sunshine Band... and More",316,1031933,2485,1031930,"That 70's Channel","CLASSICHITS","states/US-NAT","US Partner Digital"
"9727_1779902083","2026-05-27 17:14:43","2026-06-03 16:10:42.383","9727","California Soul","Marlena Shaw","The Spice Of Life",179,846736,29735,846726,"FreeAgentSoul","RNB","states/US-NAT","US Partner Digital"
"9658_1779902080","2026-05-27 17:14:40","2026-06-03 16:10:41.422","9658","Agradecido","Danny Gokey & Alex Zurdo","Agradecido",211,172384473,38261005,172384472,"Vida Unida, Nationwide","SPANISH","states/US-NAT","US Partner Digital"
"10418_1779902066","2026-05-27 17:14:26","2026-06-03 17:15:03.134","10418","New Day","Danny Gokey","Haven't Seen It Yet",209,71866818,143568,71866817,"Christian Hits FM","OTHER","states/US-NAT","US Partner Digital"
"7342_1779902058","2026-05-27 17:14:18","2026-06-03 17:15:28.854","7342","Thomas","Laura Gibson","Goners",206,390913704,3329,390913695,"WABE 90.1 HD2 Classical",,"states/US-NAT","US Partner Digital"
"11244_1779902053","2026-05-27 17:14:13","2026-06-03 16:11:29.918","11244","I Know A Name (with Cece Winans)","Brandon Lake & CeCe Winans","King Of Hearts",338,320718695,31186772,320718690,"Total Worship Radio",,"states/US-NAT","US Partner Digital"
"11298_1779902037","2026-05-27 17:13:57","2026-06-03 16:11:27.109","11298","Cry Little Sister - Original Lost Boys Film Version","G. Tom Mac","Thou Shalt Not Fall - Remastered",284,264356459,30050329,264356446,"102 The Cube",,"states/US-NAT","US Partner Digital"
"8884_1779902021","2026-05-27 17:13:41","2026-06-03 16:09:33.547","8884","Andante (with dignity) - Presto barbaro from Symphonic Suite from the Film On The Waterfront","Leonard Bernstein;New York Philharmonic Orchestra","NPR - Milestones of the Millennium - Music in Film",177,2722143,116858,2722142,"YourClassical Concert Band","OTHER","states/US-NAT","US Partner Digital"
"8987_1779902018","2026-05-27 17:13:38","2026-06-03 17:14:42.198","8987","Love Never Fails","The Choir Room & Fred Hammond","Love Never Fails",196,345630719,43803233,345630718,"Willie Moore Jr. Show","OTHER","states/US-NAT","US Partner Digital"
"8890_1779902014","2026-05-27 17:13:34","2026-06-03 16:09:32.009","8890","The River Suite (Arr. R. Collier for Orchestra), VI. The River","Buffalo Philharmonic Orchestra","Ellington: Black, Brown & Beige",199,20865367,30958838,20865355,"YourClassical Black History","OTHER","states/US-NAT","US Partner Digital"
"8984_1779902011","2026-05-27 17:13:31","2026-06-03 16:09:33.122","8984","Love Never Fails","The Choir Room & Fred Hammond","Love Never Fails",196,345630719,43803233,345630718,"Get Up! Mornings","OTHER","states/US-NAT","US Partner Digital"
"6297_1779902009","2026-05-27 17:13:29","2026-06-03 17:14:47.842","6297","East Of The Little Big Horn","Bennie Green","Walking Down",336,19113381,120895,19113378,"Local Current","ROCKALTERNATIVE","states/US-NAT","US Partner Digital"
"6294_1779902001","2026-05-27 17:13:21","2026-06-03 16:10:00.146","6294","Les Chansons Des Roses: III. De Ton Rêve Trop Plein","The Singers - Minnesota Choral Artists","Lauridsen: Mid-Winter Songs",167,-1,-1,-1,"YourClassical Choral","OTHER","states/US-NAT","Classical"
"9657_1779901997","2026-05-27 17:13:17","2026-06-03 16:09:33.918","9657","Broke","Lecrae","Broke",179,327076876,4046,327076875,"NGEN Radio","HIPHOPRNB","states/US-NAT","US Partner Digital"
"6464_1779901961","2026-05-27 17:12:41","2026-06-03 16:10:01.441","6464","Nothing Else Matters","Metallica","Metallica",388,58393790,58269,58393782,"The Loop",,"IL","Classic Rock"
"9922_1779901955","2026-05-27 17:12:35","2026-06-03 16:11:06.514","9922","Little Willy","Sweet","Blockbuster",192,-1,-1,-1,"Groovy 105.7","CLASSICHITS","states/US-NAT","US Partner Digital"
"8880_1779901952","2026-05-27 17:12:32","2026-06-03 17:15:55.612","8880","海月の幽霊","ピコ","柩 -HITSUGI-",259,-1,-1,-1,"YourClassical Holiday","OTHER","states/US-NAT","US Partner Digital"
"9889_1779901944","2026-05-27 17:12:24","2026-06-03 16:10:43.579","9889","Lo Que Nunca Tuvo Que Pasar","The Amateur","Debut!",233,50149773,965628,50149768,"La Invasora 94.7","SPANISH","states/US-NAT","US Partner Digital"
"7226_1779901942","2026-05-27 17:12:22","2026-06-03 16:09:29.771","7226","Banjo Love","Time For Three","Time For Three",234,26992594,30342192,26992590,"CPR Classical",,"states/US-NAT","US Partner Digital"
"7863_1779901939","2026-05-27 17:12:19","2026-06-03 16:10:19.033","7863","Outstanding","The Gap Band","The Gap Band IV",198,2047232,34968,2047228,"RnR Radio","Prov_Other","states/US-NAT","US Partner Digital"
"7867_1779901934","2026-05-27 17:12:14","2026-06-03 16:10:19.964","7867","Digital Witness","St. Vincent","St. Vincent",201,30639525,138745,30639519,"Purple Current","Prov_American Public Media","states/US-NAT","US Partner Digital"
"9481_1779901933","2026-05-27 17:12:13","2026-06-03 16:10:40.253","9481","Back Stabbers","The O'Jays","Back Stabbers",187,2537379,34155,2532041,"That Throwback Channel!","RNB","states/US-NAT","US Partner Digital"
"8880_1779901929","2026-05-27 17:12:09","2026-06-03 17:15:55.612","8880","Everything Happens To Me / Somewhere","Pat Metheny","MoonDial",431,372055922,13318,372055915,"YourClassical Holiday","OTHER","states/US-NAT","US Partner Digital"
"11248_1779901913","2026-05-27 17:11:53","2026-06-03 16:11:25.282","11248","你想娶我嗎","袁詠琳","你想娶我嗎",200,250560174,45964268,250560173,"KPOP 24.7 NuWaaV RADIO",,"states/US-NAT","US Partner Digital"
"6466_1779901885","2026-05-27 17:11:25","2026-06-03 16:10:00.676","6466","Verdi: Aida / Act 3: ""Qui Radames verrà!...O Patria mia""","Angela Gheorghiu, Andrea Tenaglia, Orchestra Sinfonica di Milano Giuseppe Verdi & Riccardo Chailly","Angela Gheorghiu - Verdi Heroines",394,19284749,56229,19284745,"Operavore",,"states/US-NAT","US Partner Digital"
"8136_1779901872","2026-05-27 17:11:12","2026-06-03 17:14:40.506","8136","Zorba's Dance (Sirtaki) (Rico Bernasconi Remix)","Aroma","Zorba's Dance (Sirtaki) [Single]",317,-1,-1,-1,"Folk Alley Irish Stream",,"states/US-NAT","US Partner Digital"
"7226_1779901862","2026-05-27 17:11:02","2026-06-03 17:14:38.855","7226","No.2 in A Flat Major: Allegretto","Radu Lupu","Schubert: Impromptus Opp.90 & 142",448,19302716,30640487,19302710,"CPR Classical",,"states/US-NAT","US Partner Digital"
"8880_1779901862","2026-05-27 17:11:02","2026-06-03 16:10:31.151","8880","Running with the Wolves (Pablo Nouvelle Remix)","Aürora","All My Demons Greeting Me as a Friend (Deluxe)",229,291735984,38763224,291735967,"YourClassical Holiday","OTHER","states/US-NAT","US Partner Digital"
"11314_1779901861","2026-05-27 17:11:01","2026-06-03 16:11:27.817","11314","Homewrecker","sombr","Homewrecker",208,377732675,44186011,377732674,"Alt Rock Variety MEGASHUFFLE",,"states/US-NAT","US Partner Digital"
"11244_1779901853","2026-05-27 17:10:53","2026-06-03 16:11:29.918","11244","Word of God Speak","MercyMe","10",187,120986982,90180,120986977,"Total Worship Radio",,"states/US-NAT","US Partner Digital"
"7099_1779901853","2026-05-27 17:10:53","2026-06-03 16:10:05.236","7099","Hard Fought Hallelujah (Live)","Brandon Lake","Hard Fought Hallelujah: Heavyweight Edition",343,300675758,31186772,300675756,"WAY LOUD","OTHER","states/US-NAT","US Partner Digital"
"8995_1779901849","2026-05-27 17:10:49","2026-06-03 16:10:32.515","8995","Ride Like the Wind","Christopher Cross","Christopher Cross",275,368282760,43589,368282754,"That 70's Channel","CLASSICHITS","states/US-NAT","US Partner Digital"
"10418_1779901842","2026-05-27 17:10:42","2026-06-03 16:09:42.046","10418","Bannisa Koyal Jesi Boli","Prakash Dewasi","Bannisa Koyal Jesi Boli [Single]",367,-1,-1,-1,"Christian Hits FM","OTHER","states/US-NAT","US Partner Digital"
"7342_1779901842","2026-05-27 17:10:42","2026-06-03 16:10:06.282","7342","Rondo for Cello and Orchestra in G Minor, Op. 94","Lithuanian Chamber Orchestra","Peque Clásicos, Suave Despertar",455,27737926,30225494,27737905,"WABE 90.1 HD2 Classical",,"states/US-NAT","US Partner Digital"
"11240_1779901835","2026-05-27 17:10:35","2026-06-03 16:11:25.000","11240","No One Gets The Prize/The Boss","Diana Ross","Diana",580,790957,38932,790950,"Soul Radio Coast2coast",,"states/US-NAT","US Partner Digital"
"9493_1779901817","2026-05-27 17:10:17","2026-06-03 16:10:41.052","9493","Los Perros","Arde Bogotá","COWBOYS DE LA A3",229,214252637,33039733,214252635,"Cadena SER","SPANISH","states/US-NAT","Spanish"
"9727_1779901799","2026-05-27 17:09:59","2026-06-03 16:10:42.383","9727","Ain't Nobody","Rufus","Stompin' At The Savoy",285,1020908,30406664,1020893,"FreeAgentSoul","RNB","states/US-NAT","US Partner Digital"
"7867_1779901794","2026-05-27 17:09:54","2026-06-03 16:10:19.964","7867","Ain't Nothing Like The Real Thing","Marvin Gaye & Tammi Terrell","You're All I Need",139,29568988,1489,29568987,"Purple Current","Prov_American Public Media","states/US-NAT","US Partner Digital"
"6464_1779901789","2026-05-27 17:09:49","2026-06-03 16:10:01.441","6464","I Love Rock 'N Roll","Joan Jett & the Blackhearts","I Love Rock 'N' Roll (Expanded Edition)",176,375648661,135300,375648660,"The Loop",,"IL","Classic Rock"
"9922_1779901782","2026-05-27 17:09:42","2026-06-03 16:11:06.514","9922","Back In My Arms Again","Diana Ross & the Supremes","More Hits By The Supremes",174,19200910,39683,19200904,"Groovy 105.7","CLASSICHITS","states/US-NAT","US Partner Digital"
"6296_1779901760","2026-05-27 17:09:20","2026-06-03 16:10:00.507","6296","If You're Free","Eric Bibb","One Mississippi",195,350817508,6726,350817498,"Radio Heartland","ROCKALTERNATIVE","states/US-NAT","US Partner Digital"
"6294_1779901757","2026-05-27 17:09:17","2026-06-03 16:10:00.146","6294","Les Chansons Des Roses: II. Contre Qui, Rose","The Singers - Minnesota Choral Artists","Lauridsen: Mid-Winter Songs",242,-1,-1,-1,"YourClassical Choral","OTHER","states/US-NAT","Classical"
"7259_1779901738","2026-05-27 17:08:58","2026-06-03 16:09:29.557","7259","Bach: Brandenburg Concerto #6 In B Flat, BWV 1051 - 3. Allegro","Alfredo Bernardini: Zefiro","Bach: The Brandenburg Concertos [Disc 2]",336,-1,-1,-1,"Capital Public Radio",,"states/US-NAT","US Partner Digital"
"11248_1779901702","2026-05-27 17:08:22","2026-06-03 16:11:25.282","11248","Relentless","Argyle","Relentless",196,235511705,669058,235511704,"KPOP 24.7 NuWaaV RADIO",,"states/US-NAT","US Partner Digital"
"11298_1779901695","2026-05-27 17:08:15","2026-06-03 16:11:27.109","11298","Candy","Cameo","Word Up",339,570129,39409,570126,"102 The Cube",,"states/US-NAT","US Partner Digital"
"9481_1779901693","2026-05-27 17:08:13","2026-06-03 16:10:40.253","9481","Don't You Want Me","Jody Watley","Jody Watley",253,718758,14615,718757,"That Throwback Channel!","RNB","states/US-NAT","US Partner Digital"
"11462_1779901692","2026-05-27 17:08:12","2026-06-03 16:11:30.920","11462","Shit I Like (feat. TM88)","Waka Flocka Flame","Lebron Flocka James 2K26",184,381197299,115112,381197298,"Carolina smoke radio",,"states/US-NAT","US Partner Digital"
"8136_1779901681","2026-05-27 17:08:01","2026-06-03 16:09:30.711","8136","Cantigas de Santa Maria, Cantigas de Santa Maria: No. 159. Non sofre Santa Maria","Silke Gwendolyn Schulze","The Medieval Piper",74,52522661,31915267,52522644,"Folk Alley Irish Stream",,"states/US-NAT","US Partner Digital"
"11382_1779901648","2026-05-27 17:07:28","2026-06-03 16:11:29.159","11382","Be Free","Ten City","Judgement",243,238496922,59902,238496921,"Weston World One",,"states/US-NAT","US Partner Digital"
"10636_1779901646","2026-05-27 17:07:26","2026-06-03 16:09:42.977","10636","Twisted","Keith Sweat","Keith Sweat",269,69557740,58434,69557739,"98.3 BPME ""The Sound""",,"states/US-NAT","US Partner Digital"
"6297_1779901644","2026-05-27 17:07:24","2026-06-03 16:09:27.619","6297","Sex Shooter","Prince","Originals",185,74991244,3403,74991243,"Local Current","ROCKALTERNATIVE","states/US-NAT","US Partner Digital"
"8995_1779901635","2026-05-27 17:07:15","2026-06-03 16:10:32.515","8995","Mandy","Barry Manilow","Barry Manilow II",213,2911763,31897,2911753,"That 70's Channel","CLASSICHITS","states/US-NAT","US Partner Digital"
"6294_1779901603","2026-05-27 17:06:43","2026-06-03 16:10:00.146","6294","Les Chansons Des Roses: I. En Une Seule Fleur","The Singers - Minnesota Choral Artists","Lauridsen: Mid-Winter Songs",156,-1,-1,-1,"YourClassical Choral","OTHER","states/US-NAT","Classical"
"9493_1779901603","2026-05-27 17:06:43","2026-06-03 16:10:41.052","9493","Love Theme From ""The Godfather""","Nino Rota & Carlo Savina","The Godfather",161,7887314,32266848,7887307,"Cadena SER","SPANISH","states/US-NAT","Spanish"
"9319_1779901585","2026-05-27 17:06:25","2026-06-03 16:09:32.808","9319","World so Cold","Three Days Grace","Life Starts Now",242,2510804,34751,2506253,"KBACK Rock Radio","ROCKACTIVE","states/US-NAT","US Partner Digital"
"8983_1779901581","2026-05-27 17:06:21","2026-06-03 16:09:31.960","8983","100","Ella Mai","Do You Still Love Me?",234,377543303,31392361,377543301,"The Morning Hustle",,"states/US-NAT","US Partner Digital"
"8886_1779901573","2026-05-27 17:06:13","2026-06-03 16:09:31.439","8886","1. Assai sostenuto - Allegro","Emerson String Quartet","Beethoven: The Late String Quartets",573,19238106,1020,19238104,"YourClassical Chamber Music","OTHER","states/US-NAT","US Partner Digital"
"7259_1779901555","2026-05-27 17:05:55","2026-06-03 16:09:29.557","7259","Bach: Brandenburg Concerto #6 In B Flat, BWV 1051 - 2. Adagio Ma Non Tanto","Richard Egarr: Academy Of Ancient Music","Bach: Brandenburg Concertos [Disc 2]",288,-1,-1,-1,"Capital Public Radio",,"states/US-NAT","US Partner Digital"
"9922_1779901547","2026-05-27 17:05:47","2026-06-03 16:11:06.514","9922","Thunder Island","Jay Ferguson","Thunder Island",240,1042451,21398,1042450,"Groovy 105.7","CLASSICHITS","states/US-NAT","US Partner Digital"
"10636_1779901540","2026-05-27 17:05:40","2026-06-03 16:09:42.977","10636","Sweet Thing","Rufus & Chaka Khan","Rufus Featuring Chaka Khan",201,827674,30406664,827672,"98.3 BPME ""The Sound""",,"states/US-NAT","US Partner Digital"
"9727_1779901536","2026-05-27 17:05:36","2026-06-03 16:10:42.383","9727","You'll Never Find Another Love Like Mine","Lou Rawls","All Things In Time",268,3823017,1882,3822906,"FreeAgentSoul","RNB","states/US-NAT","US Partner Digital"
"11240_1779901530","2026-05-27 17:05:30","2026-06-03 16:11:25.000","11240","Electric Boogie","Marcia Griffiths","Carousel",242,583951,1916,583943,"Soul Radio Coast2coast",,"states/US-NAT","US Partner Digital"
"8885_1779901525","2026-05-27 17:05:25","2026-06-03 16:10:30.810","8885","Rachmaninoff: Concerto for Piano and Orchestra in G Major: II. Adagio assai","Helene Grimaud, Jesus Lopez-Cobos, & Royal Philharmonic Orchestra","Rachmaninov: Piano Concerto No. 2",561,2964930,30306744,2964924,"YourClassical Relax","OTHER","states/US-NAT","Classical"
"9889_1779901519","2026-05-27 17:05:19","2026-06-03 16:10:43.579","9889","Cais","Milton Nascimento","Clube Da Esquina 1",164,15353560,39131,15353558,"La Invasora 94.7","SPANISH","states/US-NAT","US Partner Digital"
"8984_1779901516","2026-05-27 17:05:16","2026-06-03 16:09:33.122","8984","Don't Faint","Jekalyn Carr","Don't Faint",235,314257860,463889,314257859,"Get Up! Mornings","OTHER","states/US-NAT","US Partner Digital"
"8135_1779901503","2026-05-27 17:05:03","2026-06-03 16:09:31.677","8135","Elena & Lila","Max Richter","My Brilliant Friend",293,65627762,34018,65627761,"Folk Alley Fresh Cuts",,"states/US-NAT","US Partner Digital"
"8987_1779901500","2026-05-27 17:05:00","2026-06-03 16:09:32.712","8987","Don't Faint","Jekalyn Carr","Don't Faint",235,314257860,463889,314257859,"Willie Moore Jr. Show","OTHER","states/US-NAT","US Partner Digital"
"8984_1779901500","2026-05-27 17:05:00","2026-06-03 16:09:33.122","8984","Don't Faint","Jekalyn Carr","Don't Faint",235,314257860,463889,314257859,"Get Up! Mornings","OTHER","states/US-NAT","US Partner Digital"
"11298_1779901450","2026-05-27 17:04:10","2026-06-03 16:11:27.109","11298","Life in a Northern Town","The Dream Academy","The Dream Academy",258,45805213,59191,45805212,"102 The Cube",,"states/US-NAT","US Partner Digital"
"7226_1779901437","2026-05-27 17:03:57","2026-06-03 16:09:29.771","7226","La Cenerentola: Overture","Fritz Reiner, Chicago Symphony Orchestra & Gioacchino Rossini","Rossini: Overtures: Classic Library Series",445,4513150,213866,4513091,"CPR Classical",,"states/US-NAT","US Partner Digital"
"8136_1779901428","2026-05-27 17:03:48","2026-06-03 16:09:30.711","8136","Raggle Taggle Gypsy - Tabhair Dom Do Lamh","Planxty","Planxty",267,132734177,2128,132734176,"Folk Alley Irish Stream",,"states/US-NAT","US Partner Digital"
"8136_1779901415","2026-05-27 17:03:35","2026-06-03 16:09:30.711","8136","Fugitives","Pan-Pot","The Other Remixes",528,313123408,156741,313123406,"Folk Alley Irish Stream",,"states/US-NAT","US Partner Digital"
"7099_1779901407","2026-05-27 17:03:27","2026-06-03 16:10:05.236","7099","This Is Mongol [Warrior Souls] (feat. William DuVall and Trevor McNevan)","The HU, William DuVall and Thousand Foot Krutch featuring Trevor McNevan","Echos of Thunder",235,329493560,37877389,329493559,"WAY LOUD","OTHER","states/US-NAT","US Partner Digital"
"7742_1779901393","2026-05-27 17:03:13","2026-06-03 16:10:19.586","7742","Piano Sonata No. 14 in C-Sharp Minor, Op. 27 No. 2 ""Moonlight"": I. Adagio sostenuto","Henrik Måwe","The 50 Greatest Pieces of Classical Piano",326,375460666,32596591,375460655,"Christmas by Classical KING","OTHER","states/US-NAT","US Partner Digital"
"8885_1779901368","2026-05-27 17:02:48","2026-06-03 16:10:30.810","8885","Fauré: Sicilienne, Op. 78","Steven C. Anderson","Classics For The Heart",242,-1,-1,-1,"YourClassical Relax","OTHER","states/US-NAT","Classical"
"9481_1779901367","2026-05-27 17:02:47","2026-06-03 16:10:40.253","9481","Nasty Girl","Vanity 6","Vanity 6",315,-1,-1,-1,"That Throwback Channel!","RNB","states/US-NAT","US Partner Digital"
"11240_1779901355","2026-05-27 17:02:35","2026-06-03 16:11:25.000","11240","(Shake, Shake, Shake) Shake Your Booty","KC & the Sunshine Band","KC & the Sunshine Band, Pt. 3... and More",185,1031951,2485,1031947,"Soul Radio Coast2coast",,"states/US-NAT","US Partner Digital"
"11244_1779901344","2026-05-27 17:02:24","2026-06-03 16:11:29.918","11244","A Thousand Hallelujahs","Brooke Ligertwood","SEVEN",308,160685055,35899850,160685052,"Total Worship Radio",,"states/US-NAT","US Partner Digital"
"7810_1779901340","2026-05-27 17:02:20","2026-06-03 16:09:30.101","7810","3. Feierlich und gemessen, ohne zu schleppen","The Cleveland Orchestra & Pierre Boulez","Mahler: Symphony No.1",638,8645345,30639537,8645342,"88.5 WVPB",,"states/US-NAT","US Partner Digital"
"7810_1779901329","2026-05-27 17:02:09","2026-06-03 16:09:30.101","7810","Mahler: Symphony #1 In D Minor, ""Titan"" - 3. Feierlich Und Gemessen, Ohne Zu Schleppen","Michael Tilson Thomas: San Francisco Symphony Orchestra","Mahler: Symphony #1",690,-1,-1,-1,"88.5 WVPB",,"states/US-NAT","US Partner Digital"
"9922_1779901316","2026-05-27 17:01:56","2026-06-03 16:11:06.514","9922","Saturday in the Park","Chicago","Chicago V",235,1037948,5663,1037941,"Groovy 105.7","CLASSICHITS","states/US-NAT","US Partner Digital"
"8885_1779901280","2026-05-27 17:01:20","2026-06-03 16:10:30.810","8885","Pelleas Et Melisande Suite, Op. 80 (Arr. For Flute And Harp) - Pelleas Et Melisande, Op. 80: III. Sicilienne (Arr. For Flute And Harp)","Andrea Vigh & Eszter Horgas","Flute And Harp",234,-1,-1,-1,"YourClassical Relax","OTHER","states/US-NAT","Classical"
"11298_1779901273","2026-05-27 17:01:13","2026-06-03 16:11:27.109","11298","That's the Way (I Like It)","Dead or Alive","Evolution: The Hits",184,126541251,63656,126541249,"102 The Cube",,"states/US-NAT","US Partner Digital"
"6296_1779901273","2026-05-27 17:01:13","2026-06-03 16:10:00.507","6296","I Belong To The Band","Mavis Staples","You Are Not Alone",210,82867646,37379,82867639,"Radio Heartland","ROCKALTERNATIVE","states/US-NAT","US Partner Digital"
"7342_1779901272","2026-05-27 17:01:12","2026-06-03 16:10:06.282","7342","I Drew My Ship Into The Harbour","Megson","Contradicshun",254,-1,-1,-1,"WABE 90.1 HD2 Classical",,"states/US-NAT","US Partner Digital"
"10636_1779901266","2026-05-27 17:01:06","2026-06-03 16:09:42.977","10636","Footsteps in the Dark, Pts. 1 & 2","The Isley Brothers","Go for Your Guns",306,34731649,25235,34731647,"98.3 BPME ""The Sound""",,"states/US-NAT","US Partner Digital"
"7742_1779901261","2026-05-27 17:01:01","2026-06-03 16:10:19.586","7742","The Nutcracker Suite, Op. 71a: III. Chocolate (Spanish Dance)","Royal Philharmonic Orchestra","Tchaikovsky: the Nutcracker & Swan Lake Suites",75,268881545,30037688,268881542,"Christmas by Classical KING","OTHER","states/US-NAT","US Partner Digital"
"7742_1779901260","2026-05-27 17:01:00","2026-06-03 16:10:19.586","7742","Tchaikovsky: The Nutcracker - Chocolate (Spanish Dance)","Valery Gergiev","Tchaikovsky: The Nutcracker",68,19206172,30176605,19206159,"Christmas by Classical KING","OTHER","states/US-NAT","US Partner Digital"
"9727_1779901251","2026-05-27 17:00:51","2026-06-03 16:10:42.383","9727","Let's Do It Again","The Staple Singers","Let's Do It Again Original Sound Track",291,23882266,7793,23882265,"FreeAgentSoul","RNB","states/US-NAT","US Partner Digital"
"8757_1779901241","2026-05-27 17:00:41","2026-06-03 16:10:45.340","8757","Escape","Mark Mothersbaugh","The Lego® Movie (Original Motion Picture Soundtrack)",206,70463613,32270,70463608,"LEGOLAND Radio","OTHER","states/US-NAT","Kids & Family"
"11378_1779901223","2026-05-27 17:00:23","2026-06-03 16:11:28.674","11378","La Fiesta","Pedro Capó","La Neta",200,193999968,116098,193999959,"GROOVY FM",,"states/US-NAT","US Partner Digital"
"8995_1779901209","2026-05-27 17:00:09","2026-06-03 16:10:32.515","8995","Summer in the City","The Lovin' Spoonful","Hums Of The Lovin' Spoonful",159,2562971,89563,2549203,"That 70's Channel","CLASSICHITS","states/US-NAT","US Partner Digital"
"11240_1779901139","2026-05-27 16:58:59","2026-06-03 16:11:25.000","11240","Back In My Arms Again","Diana Ross & the Supremes","More Hits By The Supremes",174,19200910,39683,19200904,"Soul Radio Coast2coast",,"states/US-NAT","US Partner Digital"
"6294_1779901120","2026-05-27 16:58:40","2026-06-03 16:10:00.146","6294","Gjeilo: Prelude, ""Exsultate, Jubilate""","Charles Bruffy: Phoenix Chorale","Gjeilo: Northern Lights",180,-1,-1,-1,"YourClassical Choral","OTHER","states/US-NAT","Classical"
"7226_1779901114","2026-05-27 16:58:34","2026-06-03 16:09:29.771","7226","Azmeh: ""Sahra Be Wyckoff"", For Violin","Johnny Gandelsman","This Is America: An Anthology 2020-2021 [Disc 1]",499,-1,-1,-1,"CPR Classical",,"states/US-NAT","US Partner Digital"
"8983_1779901111","2026-05-27 16:58:31","2026-06-03 16:09:31.960","8983","Folded","Kehlani","Folded",237,344806810,30808392,344806809,"The Morning Hustle",,"states/US-NAT","US Partner Digital"
"10636_1779901106","2026-05-27 16:58:26","2026-06-03 16:09:42.977","10636","Brown Sugar","D'Angelo","Brown Sugar",262,44113733,30321,44113732,"98.3 BPME ""The Sound""",,"states/US-NAT","US Partner Digital"
"9772_1779901104","2026-05-27 16:58:24","2026-06-03 16:10:42.808","9772","I Can't Get Enough","Rooney","Eureka",185,7632406,40478,7632403,"Traklife Radio","ACHOTMODERN","states/US-NAT","US Partner Digital"
"9481_1779901104","2026-05-27 16:58:24","2026-06-03 16:10:40.253","9481","O.P.P","Naughty by Nature","Naughty By Nature",270,50848587,58133,50848584,"That Throwback Channel!","RNB","states/US-NAT","US Partner Digital"
"8884_1779901095","2026-05-27 16:58:15","2026-06-03 16:09:33.547","8884","76 Trombones","Naohiro Iwai: Tokyo Kosei Wind Orchestra","Brass Band High School",193,-1,-1,-1,"YourClassical Concert Band","OTHER","states/US-NAT","US Partner Digital"
"11298_1779901090","2026-05-27 16:58:10","2026-06-03 16:11:27.109","11298","All Right Now","Free","Fire And Water",330,42310229,39871,42310222,"102 The Cube",,"states/US-NAT","US Partner Digital"
"6466_1779901089","2026-05-27 16:58:09","2026-06-03 16:10:00.676","6466","Act I: Notte e giorno faticar / Non sperar, se non m'uccidi / Lasciala (Jose Van Dam, Edda Moser, Ruggero Raimondi, John Macurdy) (Voice)","Lorin Maazel","Wright: Listening To Music, 6/E - 5 Disc Set",317,-1,-1,-1,"Operavore",,"states/US-NAT","US Partner Digital"
"8884_1779901089","2026-05-27 16:58:09","2026-06-03 16:09:33.547","8884","76 Trombones","Naohiro Iwai: Tokyo Kosei Wind Orchestra","Brass Band High School",193,-1,-1,-1,"YourClassical Concert Band","OTHER","states/US-NAT","US Partner Digital"
"7810_1779901082","2026-05-27 16:58:02","2026-06-03 16:09:30.101","7810","Mahler: Symphony #1 In D, ""Titan"" - Mvt. 2: Kräftig Bewegt","Leonard Bernstein: New York Philharmonic Orchestra","Mahler: Symphony #1, Adagio From Symphony #10",228,-1,-1,-1,"88.5 WVPB",,"states/US-NAT","US Partner Digital"
"8989_1779901071","2026-05-27 16:57:51","2026-06-03 16:10:33.159","8989","Smetana: The Bartered Bride - Dance Of The Comedians","Christoph Eschenbach: Vienna Philharmonic Orchestra","Sommernachtskonzert 2017",262,-1,-1,-1,"K-Mozart","OTHER","states/US-NAT","US Partner Digital"
"11248_1779901064","2026-05-27 16:57:44","2026-06-03 16:11:25.282","11248","Sloe Gin","Bellowhead","Reassembled",357,-1,-1,-1,"KPOP 24.7 NuWaaV RADIO",,"states/US-NAT","US Partner Digital"
"8989_1779901054","2026-05-27 16:57:34","2026-06-03 16:10:33.159","8989","The Bartered Bride: Part VI","Libor Pesek","Smetana: The Bartered Bride",288,17822543,267435,17822537,"K-Mozart","OTHER","states/US-NAT","US Partner Digital"
"8890_1779901022","2026-05-27 16:57:02","2026-06-03 16:09:32.009","8890","The River Suite (Arr. R. Collier for Orchestra), II. The Meander","Buffalo Philharmonic Orchestra","Ellington: Black, Brown & Beige",235,20865364,30958838,20865355,"YourClassical Black History","OTHER","states/US-NAT","US Partner Digital"
"8995_1779901004","2026-05-27 16:56:44","2026-06-03 16:10:32.515","8995","Instant Karma! (We All Shine On)","John Lennon/Yoko Ono","Plastic Ono Band",204,131656445,972,131656431,"That 70's Channel","CLASSICHITS","states/US-NAT","US Partner Digital"
"9727_1779901003","2026-05-27 16:56:43","2026-06-03 16:10:42.383","9727","Don't You Want Me","Jody Watley","Jody Watley",253,718758,14615,718757,"FreeAgentSoul","RNB","states/US-NAT","US Partner Digital"
"6296_1779900985","2026-05-27 16:56:25","2026-06-03 16:10:00.507","6296","Uber Eat Netflix","Jok'air","VI République",285,-1,-1,-1,"Radio Heartland","ROCKALTERNATIVE","states/US-NAT","US Partner Digital"
"10418_1779900957","2026-05-27 16:55:57","2026-06-03 16:09:42.046","10418","New Thing Coming","Elevation Worship feat. Tiffany Hudson & Steven Furtick","When Wind Meets Fire",473,273163182,303847,273163181,"Christian Hits FM","OTHER","states/US-NAT","US Partner Digital"
"9739_1779900949","2026-05-27 16:55:49","2026-06-03 16:10:42.383","9739","(Oh) Pretty Woman","Van Halen","Diver Down",174,31324864,58813,31324858,"The Rock Vault","ROCKCLASSIC","states/US-NAT","US Partner Digital"
"8886_1779900932","2026-05-27 16:55:32","2026-06-03 16:09:31.439","8886","New York (I'm Coming Home)","Gunshot Straight","New York (I'm Coming Home)",303,19869153,608560,19869152,"YourClassical Chamber Music","OTHER","states/US-NAT","US Partner Digital"
"9922_1779900921","2026-05-27 16:55:21","2026-06-03 16:11:06.514","9922","Shake Your Body (Down To The Ground)","The Jacksons","Destiny",481,16682246,31802991,16682241,"Groovy 105.7","CLASSICHITS","states/US-NAT","US Partner Digital"
"11244_1779900916","2026-05-27 16:55:16","2026-06-03 16:11:29.918","11244","Jesus Does","We The Kingdom","Live From The Ryman",372,225704972,34217934,225704967,"Total Worship Radio",,"states/US-NAT","US Partner Digital"
"11378_1779900906","2026-05-27 16:55:06","2026-06-03 16:11:28.674","11378","Vida Loca","ca7riel / Paco Amoroso","FREE SPIRITS",154,388283667,32047715,388283662,"GROOVY FM",,"states/US-NAT","US Partner Digital"
"9658_1779900902","2026-05-27 16:55:02","2026-06-03 16:10:41.422","9658","小時候真傻","ZQS","小時候真傻",213,-1,-1,-1,"Vida Unida, Nationwide","SPANISH","states/US-NAT","US Partner Digital"
"6155_1779900896","2026-05-27 16:54:56","2026-06-03 16:09:59.642","6155","Sounds for Steady Mind","Barclay Wyatt & Vedam","Sounds for Steady Mind",338,375852741,45148932,375852740,"New Sounds",,"states/US-NAT","US Partner Digital"
"10179_1779900892","2026-05-27 16:54:52","2026-06-03 16:09:41.179","10179","Ten Green Bottles","The Rainbow Collections","Early Learning",208,313261949,431656,313261946,"Gospel Road from Family Life","OTHER","states/US-NAT","US Partner Digital"
"7810_1779900872","2026-05-27 16:54:32","2026-06-03 16:09:30.101","7810","Mahler: Symphony #1 In D Minor, ""Titan"" - 2. Kraftig Bewegt","Michael Tilson Thomas: San Francisco Symphony Orchestra","Mahler: Symphony #1",464,-1,-1,-1,"88.5 WVPB",,"states/US-NAT","US Partner Digital"
"7810_1779900866","2026-05-27 16:54:26","2026-06-03 16:09:30.101","7810","Mahler: Symphony #1 In D, ""Titan"" - Mvt. 2: Kräftig Bewegt","Leonard Bernstein: New York Philharmonic Orchestra","Mahler: Symphony #1, Adagio From Symphony #10",228,-1,-1,-1,"88.5 WVPB",,"states/US-NAT","US Partner Digital"
"8983_1779900862","2026-05-27 16:54:22","2026-06-03 16:09:31.960","8983","Thumbs","Sabrina Carpenter","EVOLution",216,42876825,553828,42876822,"The Morning Hustle",,"states/US-NAT","US Partner Digital"
"8995_1779900860","2026-05-27 16:54:20","2026-06-03 16:10:32.515","8995","Your Smiling Face","James Taylor","JT",167,2532849,5709,2531883,"That 70's Channel","CLASSICHITS","states/US-NAT","US Partner Digital"
"11392_1779900848","2026-05-27 16:54:08","2026-06-03 16:11:29.188","11392","S hät Schnee, juhee!","Andrew Bond","Zimetschtern han i gern",216,91828510,476184,91828495,"Easy Jazz FM",,"states/US-NAT","US Partner Digital"
"8282_1779900846","2026-05-27 16:54:06","2026-06-03 16:10:23.772","8282","La Playa","La Oreja de Van Gogh","París",247,2573241,90282,2573232,"TUDN Radio","SPANISH","states/US-NAT","US Partner Digital"
"10636_1779900843","2026-05-27 16:54:03","2026-06-03 16:09:42.977","10636","Tomorrow (A Better You, Better Me)","Quincy Jones feat. Tevin Campbell","Back On The Block",286,617844,3918,617836,"98.3 BPME ""The Sound""",,"states/US-NAT","US Partner Digital"
"7863_1779900837","2026-05-27 16:53:57","2026-06-03 16:10:19.033","7863","When Will I See You Smile Again?","Bell Biv DeVoe","Poison",310,690896,41536,690893,"RnR Radio","Prov_Other","states/US-NAT","US Partner Digital"
"7810_1779900833","2026-05-27 16:53:53","2026-06-03 16:09:30.101","7810","Symphony No. 1 in D Major, ''Titan'': 2 Kraftig Bewegt, Doch Nicht Zu Schnell","Eliahu Inbal: Tokyo Metropolitan Symphony Orchestra","Mahler: Symphony No. 1 ''Titan''",468,-1,-1,-1,"88.5 WVPB",,"states/US-NAT","US Partner Digital"
"8163_1779900831","2026-05-27 16:53:51","2026-06-03 16:10:21.726","8163","Maggie's Farm","Mountain Heart","Blue Skies",215,101317381,33017,101317378,"Folk Alley Holiday","OTHER","states/US-NAT","US Partner Digital"
"11462_1779900763","2026-05-27 16:52:43","2026-06-03 16:11:30.920","11462","Young G","Jerry","Young G",156,403077938,97301,403077937,"Carolina smoke radio",,"states/US-NAT","US Partner Digital"
"11299_1779900753","2026-05-27 16:52:33","2026-06-03 16:11:27.351","11299","Personal Jesus","Depeche Mode","Violator",295,263029206,2151,263029203,"LA NUEVA, RADIO",,"states/US-NAT","US Partner Digital"
"8885_1779900746","2026-05-27 16:52:26","2026-06-03 16:10:30.810","8885","Romance No. 2 In F Major, Op. 50","Midori","Beethoven: Violin Concerto & Romances Nos 1 & 2 - Romance No. 2 In F Major, Op. 50",472,-1,-1,-1,"YourClassical Relax","OTHER","states/US-NAT","Classical"
"6155_1779900745","2026-05-27 16:52:25","2026-06-03 16:09:59.642","6155","Hawk Punished","Alva Noto & Bryce Dessner","The Revenant (Original Motion Picture Soundtrack)",134,103624872,3084,103624870,"New Sounds",,"states/US-NAT","US Partner Digital"
"8885_1779900740","2026-05-27 16:52:20","2026-06-03 16:10:30.810","8885","Beethoven: Romance for Violin and Orchestra No. 2 in F Major, Op. 50","Sir Neville Marriner","Beethoven: Romances for Violin and Orchestra - Schubert: Rondo, D. 438 - Mozart: Adagio, K. 261 & Rondo, K. 373",511,307495433,35174,307495430,"YourClassical Relax","OTHER","states/US-NAT","Classical"
"10418_1779900734","2026-05-27 16:52:14","2026-06-03 16:09:42.046","10418","Somebody Prayed","Crowder","The EXILE",225,271605636,30040185,271605629,"Christian Hits FM","OTHER","states/US-NAT","US Partner Digital"
"8983_1779900733","2026-05-27 16:52:13","2026-06-03 16:09:31.960","8983","Be Alright","Justin Bieber","Believe",189,36854683,44368,36854671,"The Morning Hustle",,"states/US-NAT","US Partner Digital"
"8885_1779900732","2026-05-27 16:52:12","2026-06-03 16:10:30.810","8885","Violin Romance No.2 In F Major, Op.50","Anne-Sophie Mutter","Beethoven: Violin Concerto; Romances",502,19224674,238312,19224669,"YourClassical Relax","OTHER","states/US-NAT","Classical"
"11248_1779900731","2026-05-27 16:52:11","2026-06-03 16:11:25.282","11248","Derezzed","Daft Punk","TRON: Legacy - The Complete Edition",103,120276026,28605,120276013,"KPOP 24.7 NuWaaV RADIO",,"states/US-NAT","US Partner Digital"
"6155_1779900726","2026-05-27 16:52:06","2026-06-03 16:09:59.642","6155","Hawk Punished","Alva Noto & Bryce Dessner","The Revenant (Original Motion Picture Soundtrack)",134,103624872,3084,103624870,"New Sounds",,"states/US-NAT","US Partner Digital"
"7259_1779900723","2026-05-27 16:52:03","2026-06-03 16:09:29.557","7259","Verdi: Nabucco - Overture (Arr. For Brass Ensemble By Matthias Höfs)","Riccardo Muti: The Philharmonic Brass","Italiana!",440,-1,-1,-1,"Capital Public Radio",,"states/US-NAT","US Partner Digital"
"9481_1779900706","2026-05-27 16:51:46","2026-06-03 16:10:40.253","9481","Control","Janet Jackson","Control: The Remixes",364,73202695,29436,73202694,"That Throwback Channel!","RNB","states/US-NAT","US Partner Digital"
"9739_1779900694","2026-05-27 16:51:34","2026-06-03 16:10:42.383","9739","Crazy Babies","Ozzy Osbourne","The Essential Ozzy Osbourne",255,85402395,71921,85402382,"The Rock Vault","ROCKCLASSIC","states/US-NAT","US Partner Digital"
"8890_1779900656","2026-05-27 16:50:56","2026-06-03 16:09:32.009","8890","Coleridge-Taylor: Deep River (Arr. The Kanneh-Masons For Ensemble)","The Kanneh-Masons","River Of Music",164,-1,-1,-1,"YourClassical Black History","OTHER","states/US-NAT","US Partner Digital"
"6296_1779900641","2026-05-27 16:50:41","2026-06-03 16:10:00.507","6296","Man","Lilly Hiatt","Forever",194,289515038,30697947,289515031,"Radio Heartland","ROCKALTERNATIVE","states/US-NAT","US Partner Digital"
"11244_1779900632","2026-05-27 16:50:32","2026-06-03 16:11:29.918","11244","The Blessing","Kari Jobe Carnes feat. Cody Carnes","The Blessing",272,102095517,50396283,102095514,"Total Worship Radio",,"states/US-NAT","US Partner Digital"
"11378_1779900612","2026-05-27 16:50:12","2026-06-03 16:11:28.674","11378","Ni Tan Novios, Ni Tan Amigos","Pedro Capó","La Neta",201,193999964,116098,193999959,"GROOVY FM",,"states/US-NAT","US Partner Digital"
"7742_1779900607","2026-05-27 16:50:07","2026-06-03 16:10:19.586","7742","Traditional: El nino querido","The King's Singers","A Little Christmas Music",169,5394994,1658,5394978,"Christmas by Classical KING","OTHER","states/US-NAT","US Partner Digital"
"8891_1779900596","2026-05-27 16:49:56","2026-06-03 16:09:32.777","8891","시간이 흘러도 변하지 않는","브라더스","화려한 날들, Part 16 [Single]",214,-1,-1,-1,"YourClassical Women's History","OTHER","states/US-NAT","US Partner Digital"
"11392_1779900587","2026-05-27 16:49:47","2026-06-03 16:11:29.188","11392","Photographs Can Lie","Elvis Costello & The Imposters feat. Burt Bacharach","Look Now",217,62836700,7669,62836692,"Easy Jazz FM",,"states/US-NAT","US Partner Digital"
"8995_1779900584","2026-05-27 16:49:44","2026-06-03 16:10:32.515","8995","Shadow Dancing","Andy Gibb","Shadow Dancing",275,49074216,120615,49074215,"That 70's Channel","CLASSICHITS","states/US-NAT","US Partner Digital"
"8135_1779900583","2026-05-27 16:49:43","2026-06-03 16:09:31.677","8135","The Great Caucasian God","Jesse Welles","Devil’s Den",229,344362688,42675048,344362687,"Folk Alley Fresh Cuts",,"states/US-NAT","US Partner Digital"
"11392_1779900576","2026-05-27 16:49:36","2026-06-03 16:11:29.188","11392","Mencintaimu","Mahalini","Koma,",293,-1,-1,-1,"Easy Jazz FM",,"states/US-NAT","US Partner Digital"
"6155_1779900569","2026-05-27 16:49:29","2026-06-03 16:09:59.642","6155","Move With Me (Extended Mix)","Date Night & Aaron K. Gray","Move With Me",375,276022378,35043550,276022376,"New Sounds",,"states/US-NAT","US Partner Digital"
"11298_1779900538","2026-05-27 16:48:58","2026-06-03 16:11:27.109","11298","Suddenly Last Summer","The Motels","Little Robbers",225,84015894,3310,84015892,"102 The Cube",,"states/US-NAT","US Partner Digital"
"10418_1779900530","2026-05-27 16:48:50","2026-06-03 16:09:42.046","10418","What A Good God","Mack Brock","What A Good God",190,156626929,31996861,156626928,"Christian Hits FM","OTHER","states/US-NAT","US Partner Digital"
"9922_1779900524","2026-05-27 16:48:44","2026-06-03 16:11:06.514","9922","Afternoon Delight","Starland Vocal Band","Starland Vocal Band",192,338765965,1397,338765957,"Groovy 105.7","CLASSICHITS","states/US-NAT","US Partner Digital"
"8891_1779900519","2026-05-27 16:48:39","2026-06-03 16:09:32.777","8891","I Heard the Bells on Christmas Day","Peggy Still Johnson","Sacred Winter Nights: Holiday Piano",187,345726998,32903460,345726997,"YourClassical Women's History","OTHER","states/US-NAT","US Partner Digital"
"7226_1779900506","2026-05-27 16:48:26","2026-06-03 16:09:29.771","7226","Purcell: Dido And Aeneas, Z 626 - Act 3: When I Am Laid In Earth","Camille Thomas; Stéphane Denève: BRT Philharmonic Orchestra Brussels","Voice Of Hope (Extended Edition)",227,-1,-1,-1,"CPR Classical",,"states/US-NAT","US Partner Digital"
"11299_1779900501","2026-05-27 16:48:21","2026-06-03 16:11:27.351","11299","Don't Talk Just Kiss","Right Said Fred","Up",241,554250,4948,554242,"LA NUEVA, RADIO",,"states/US-NAT","US Partner Digital"
"7342_1779900489","2026-05-27 16:48:09","2026-06-03 16:10:06.282","7342","Jane","Jefferson Starship","Freedom At Point Zero",250,66150753,39868,66150752,"WABE 90.1 HD2 Classical",,"states/US-NAT","US Partner Digital"
"9739_1779900455","2026-05-27 16:47:35","2026-06-03 16:10:42.383","9739","Emerald","Thin Lizzy","Jailbreak",243,66561627,40064,66561618,"The Rock Vault","ROCKCLASSIC","states/US-NAT","US Partner Digital"
"8282_1779900453","2026-05-27 16:47:33","2026-06-03 16:10:23.772","8282","Cuídate","La Oreja de Van Gogh","El Viaje De Copperpot",169,2881334,90282,2867351,"TUDN Radio","SPANISH","states/US-NAT","US Partner Digital"
"9727_1779900421","2026-05-27 16:47:01","2026-06-03 16:10:42.383","9727","You Know How to Make Me Feel so Good","Harold Melvin & The Blue Notes featuring Sharon Paige","Wake Up Everybody",317,2642324,9349,2642279,"FreeAgentSoul","RNB","states/US-NAT","US Partner Digital"
"8983_1779900411","2026-05-27 16:46:51","2026-06-03 16:09:31.960","8983","TGIF","GloRilla","GLORIOUS",164,293059003,32797623,293058999,"The Morning Hustle",,"states/US-NAT","US Partner Digital"
"11378_1779900406","2026-05-27 16:46:46","2026-06-03 16:11:28.674","11378","Me Está Doliendo","Carin Leon, Alejandro Fernández","Me Está Doliendo",202,325302765,32091936,325302764,"GROOVY FM",,"states/US-NAT","US Partner Digital"
"9481_1779900395","2026-05-27 16:46:35","2026-06-03 16:10:40.253","9481","Make You Sweat","Keith Sweat","I'll Give All My Love to You",318,1030672,58434,1030670,"That Throwback Channel!","RNB","states/US-NAT","US Partner Digital"
"8885_1779900382","2026-05-27 16:46:22","2026-06-03 16:10:30.810","8885","the summer day","Rachel Portman","ask the river",361,-1,-1,-1,"YourClassical Relax","OTHER","states/US-NAT","Classical"
"8984_1779900380","2026-05-27 16:46:20","2026-06-03 16:09:33.122","8984","Steal My Sunshine","Len","You Can't Stop The Bum Rush",264,2589526,123337,2584258,"Get Up! Mornings","OTHER","states/US-NAT","US Partner Digital"
"9922_1779900377","2026-05-27 16:46:17","2026-06-03 16:11:06.514","9922","Mighty Quinn","Manfred Mann","Mighty Garvey!",169,180918086,28697,180918079,"Groovy 105.7","CLASSICHITS","states/US-NAT","US Partner Digital"
"7863_1779900374","2026-05-27 16:46:14","2026-06-03 16:10:19.033","7863","Slam","Onyx","Bacdafucup",217,643441,41351,643426,"RnR Radio","Prov_Other","states/US-NAT","US Partner Digital"
"8282_1779900315","2026-05-27 16:45:15","2026-06-03 16:10:23.772","8282","Cuéntame al Oido","La Oreja de Van Gogh","Dile al Sol",192,71298596,90282,9952471,"TUDN Radio","SPANISH","states/US-NAT","US Partner Digital"
"8892_1779900304","2026-05-27 16:45:04","2026-06-03 16:10:32.436","8892","Prokofiev: Cinderella, Op. 87, Act 1: No. 19, Cinderella's Departure for the Ball","André Previn & London Symphony Orchestra","Prokofiev: Cinderella, Op. 87 & ""Classical Symphony"", Op. 25",138,5338870,30702529,5338831,"YourClassical Radio","OTHER","states/US-NAT","Classical"
"7342_1779900297","2026-05-27 16:44:57","2026-06-03 16:10:06.282","7342","Prokofiev: Cinderella, Op. 87, Act 2: No. 37, Waltz-Coda","André Previn & London Symphony Orchestra","Prokofiev: Cinderella, Op. 87 & ""Classical Symphony"", Op. 25",168,5338846,30702529,5338831,"WABE 90.1 HD2 Classical",,"states/US-NAT","US Partner Digital"
"6296_1779900296","2026-05-27 16:44:56","2026-06-03 16:10:00.507","6296","Protection","Colin James","Chasing The Sun",292,272280585,31298,272280584,"Radio Heartland","ROCKALTERNATIVE","states/US-NAT","US Partner Digital"
"8995_1779900295","2026-05-27 16:44:55","2026-06-03 16:10:32.515","8995","25 or 6 to 4","Chicago","Chicago II",299,1037905,5663,1037891,"That 70's Channel","CLASSICHITS","states/US-NAT","US Partner Digital"
"7342_1779900293","2026-05-27 16:44:53","2026-06-03 16:10:06.282","7342","Prokofiev: Cinderella, Op. 87 - Cinderella's Departure For The Ball","Miguel Harth-Bedoya: Fort Worth Symphony Orchestra","Mussorgsky/Gorchakov: Pictures At An Exhibition; Prokofiev: Cinderella",131,-1,-1,-1,"WABE 90.1 HD2 Classical",,"states/US-NAT","US Partner Digital"
"7342_1779900282","2026-05-27 16:44:42","2026-06-03 16:10:06.282","7342","Prokofiev: Cinderella, Op. 87, Act 1: No. 19, Cinderella's Departure for the Ball","André Previn & London Symphony Orchestra","Prokofiev: Cinderella, Op. 87 & ""Classical Symphony"", Op. 25",138,5338870,30702529,5338831,"WABE 90.1 HD2 Classical",,"states/US-NAT","US Partner Digital"
"9802_1779900268","2026-05-27 16:44:28","2026-06-03 16:10:42.815","9802","Prélude à l'après-midi d'un faune, L. 86","Daniele Gatti","The 50 Greatest Classical Masterpieces",560,44091921,31430277,44091872,"99.5 HD3 WCRB","OTHER","states/US-NAT","US Partner Digital"
"9658_1779900264","2026-05-27 16:44:24","2026-06-03 16:10:41.422","9658","Si Estoy Contigo","Alex Campos","Derroche de Amor",250,388273458,455420,388273450,"Vida Unida, Nationwide","SPANISH","states/US-NAT","US Partner Digital"
"8983_1779900249","2026-05-27 16:44:09","2026-06-03 16:09:31.960","8983","Is It a Crime","Mariah the Scientist & Kali Uchis","Is It a Crime",180,342669640,33233764,342669639,"The Morning Hustle",,"states/US-NAT","US Partner Digital"
"8987_1779900234","2026-05-27 16:43:54","2026-06-03 16:09:32.712","8987","Say Yes (feat. Beyoncé & Kelly Rowland)","Michelle Williams","Journey To Freedom",251,27935912,39984,27935900,"Willie Moore Jr. Show","OTHER","states/US-NAT","US Partner Digital"
"9481_1779900214","2026-05-27 16:43:34","2026-06-03 16:10:40.253","9481","Tired of Being Alone","Al Green","Gets Next to You",171,43629864,13337,43629860,"That Throwback Channel!","RNB","states/US-NAT","US Partner Digital"
"6294_1779900213","2026-05-27 16:43:33","2026-06-03 16:10:00.146","6294","Beethoven: Christ on the Mount of Olives, Op. 85: Hallelujah","Robert Shaw, Atlanta Symphony Orchestra & Atlanta Symphony Orchestra Chorus","Choral Masterpieces",243,121090742,86207,121090741,"YourClassical Choral","OTHER","states/US-NAT","Classical"
"9739_1779900209","2026-05-27 16:43:29","2026-06-03 16:10:42.383","9739","Don't Put Out The Fire","Dirty Honey","Can't Find The Brakes",303,225185885,32549840,225185884,"The Rock Vault","ROCKCLASSIC","states/US-NAT","US Partner Digital"
"11244_1779900191","2026-05-27 16:43:11","2026-06-03 16:11:29.918","11244","Brighter Days","Blessing Offor","Brighter Days / Tin Roof",208,147595557,335148,147595556,"Total Worship Radio",,"states/US-NAT","US Partner Digital"
"11462_1779900185","2026-05-27 16:43:05","2026-06-03 16:11:30.920","11462","Midnight","Boys Noize","Midnight",277,42726354,42785,42726353,"Carolina smoke radio",,"states/US-NAT","US Partner Digital"
"11378_1779900175","2026-05-27 16:42:55","2026-06-03 16:11:28.674","11378","Para Mí","Alejandra Guzmán","La Guzmán en Primera Fila",226,24112095,33542,24111625,"GROOVY FM",,"states/US-NAT","US Partner Digital"
"8757_1779900141","2026-05-27 16:42:21","2026-06-03 16:10:45.340","8757","Gesceap","Tortoise","The Catastrophist",456,97699024,30382049,97699017,"LEGOLAND Radio","OTHER","states/US-NAT","Kids & Family"
"6296_1779900120","2026-05-27 16:42:00","2026-06-03 16:10:00.507","6296","I Feel the Earth Move","Carole King","Tapestry",178,38651466,59225,38651465,"Radio Heartland","ROCKALTERNATIVE","states/US-NAT","US Partner Digital"
"7742_1779900113","2026-05-27 16:41:53","2026-06-03 16:10:19.586","7742","Canon in D (Pachelbel)","Lee Galloway","Soothing the Soul",362,8563626,404970,8563623,"Christmas by Classical KING","OTHER","states/US-NAT","US Partner Digital"
"11248_1779900083","2026-05-27 16:41:23","2026-06-03 16:11:25.282","11248","Bills","ENHYPEN","DARK BLOOD",175,217877370,35354573,217877365,"KPOP 24.7 NuWaaV RADIO",,"states/US-NAT","US Partner Digital"
"8891_1779900079","2026-05-27 16:41:19","2026-06-03 16:09:32.777","8891","Brian Jones Projection","Drew Mulholland","Three Antennas In A Quarry",359,-1,-1,-1,"YourClassical Women's History","OTHER","states/US-NAT","US Partner Digital"
"8885_1779900078","2026-05-27 16:41:18","2026-06-03 16:10:30.810","8885","Glazunov: Novelettes, Op. 15 - 3. Interludium In Modo Antico","Casal Quartett","Russian Treasures",264,-1,-1,-1,"YourClassical Relax","OTHER","states/US-NAT","Classical"
"7863_1779900052","2026-05-27 16:40:52","2026-06-03 16:10:19.033","7863","Fool's Paradise","Meli'sa Morgan","Do Me Baby",300,467776,33370,467775,"RnR Radio","Prov_Other","states/US-NAT","US Partner Digital"
"8163_1779900050","2026-05-27 16:40:50","2026-06-03 16:10:21.726","8163","Sweet Amarillo","Old Crow Medicine Show","Remedy",202,76496886,188251,76496883,"Folk Alley Holiday","OTHER","states/US-NAT","US Partner Digital"
"7742_1779900037","2026-05-27 16:40:37","2026-06-03 16:10:19.586","7742","This Old Man","Matthew Mayer","Piano Lullabies",137,186201527,359149,186201523,"Christmas by Classical KING","OTHER","states/US-NAT","US Partner Digital"
"9739_1779900033","2026-05-27 16:40:33","2026-06-03 16:10:42.383","9739","Visions","Savatage","The Dungeons Are Calling",182,124276002,670,124275999,"The Rock Vault","ROCKCLASSIC","states/US-NAT","US Partner Digital"
"11298_1779900022","2026-05-27 16:40:22","2026-06-03 16:11:27.109","11298","Caught Up In You",".38 Special","Special Forces",278,802034,40020,802025,"102 The Cube",,"states/US-NAT","US Partner Digital"
"7099_1779900006","2026-05-27 16:40:06","2026-06-03 16:10:05.236","7099","Show Up To The Showdown","The Protest","Show Up To The Showdown",199,139919416,215865,139919415,"WAY LOUD","OTHER","states/US-NAT","US Partner Digital"
"7226_1779900004","2026-05-27 16:40:04","2026-06-03 16:09:29.771","7226","Puccini: Tosca, Act 2: ""Vissi d'arte, vissi d'amore"" (Tosca, Scarpia)","Antonio Pappano","Puccini: Tosca",210,269627890,33421,269627851,"CPR Classical",,"states/US-NAT","US Partner Digital"
"11462_1779899969","2026-05-27 16:39:29","2026-06-03 16:11:30.920","11462","Evolving Doors","Death On The Balcony","Tonic for the Soul",491,-1,-1,-1,"Carolina smoke radio",,"states/US-NAT","US Partner Digital"
"9658_1779899961","2026-05-27 16:39:21","2026-06-03 16:10:41.422","9658","泥潭","王子健","泥潭",179,-1,-1,-1,"Vida Unida, Nationwide","SPANISH","states/US-NAT","US Partner Digital"
"7810_1779899930","2026-05-27 16:38:50","2026-06-03 16:09:30.101","7810","Symphony No. 1 in D Major, ''Titan'': 1 Langsam. Schleppend. Wie Ein Naturlaut","Eliahu Inbal: Tokyo Metropolitan Symphony Orchestra","Mahler: Symphony No. 1 ''Titan''",898,-1,-1,-1,"88.5 WVPB",,"states/US-NAT","US Partner Digital"
"10418_1779899920","2026-05-27 16:38:40","2026-06-03 16:09:42.046","10418","No Impossible with You","I AM THEY","Trial & Triumph",217,53554376,30118847,53554371,"Christian Hits FM","OTHER","states/US-NAT","US Partner Digital"
"6155_1779899919","2026-05-27 16:38:39","2026-06-03 16:09:59.642","6155","Fantas Variation For Voices","Caterina Barbieri Feat. Evelyn Saylor, Lyra Pramuk, Annie Garlid & Stine Janvin","Fantas Variations",460,-1,-1,-1,"New Sounds",,"states/US-NAT","US Partner Digital"
"9481_1779899918","2026-05-27 16:38:38","2026-06-03 16:10:40.253","9481","Before I Let Go","Maze feat. Frankie Beverly","Live In New Orleans",308,27442915,255562,27442904,"That Throwback Channel!","RNB","states/US-NAT","US Partner Digital"
"9727_1779899913","2026-05-27 16:38:33","2026-06-03 16:10:42.383","9727","One More Shot","C-Bank feat. Jenny Burton","One More Shot",498,331635826,32931,331635825,"FreeAgentSoul","RNB","states/US-NAT","US Partner Digital"
"8757_1779899912","2026-05-27 16:38:32","2026-06-03 16:10:45.340","8757","迷幻純電","7妹","皇家禮炮",266,-1,-1,-1,"LEGOLAND Radio","OTHER","states/US-NAT","Kids & Family"
"8890_1779899909","2026-05-27 16:38:29","2026-06-03 16:09:32.009","8890","Singleton: Time Past, Time Future","Awadagin Pratt: A Far Cry","Stillpoint",749,-1,-1,-1,"YourClassical Black History","OTHER","states/US-NAT","US Partner Digital"
"11265_1779899893","2026-05-27 16:38:13","2026-06-03 16:11:30.955","11265","Nuevo Día (Bulerías)","Jeremy García","Nuevo Día",224,-1,-1,-1,"AF Radio",,"states/US-NAT","US Partner Digital"
"11378_1779899837","2026-05-27 16:37:17","2026-06-03 16:11:28.674","11378","Let's Groove","Earth, Wind & Fire","Raise!",337,17790251,29638,17790250,"GROOVY FM",,"states/US-NAT","US Partner Digital"
"9922_1779899812","2026-05-27 16:36:52","2026-06-03 16:11:06.514","9922","Running on Empty","Jackson Browne","Running on Empty",330,76275046,16225,76275045,"Groovy 105.7","CLASSICHITS","states/US-NAT","US Partner Digital"
"9739_1779899808","2026-05-27 16:36:48","2026-06-03 16:10:42.383","9739","Higher Power","Scott Stapp","Higher Power",227,235416139,204487,235416138,"The Rock Vault","ROCKCLASSIC","states/US-NAT","US Partner Digital"
"8995_1779899801","2026-05-27 16:36:41","2026-06-03 16:10:32.515","8995","You're The One That I Want","John Travolta & Olivia Newton-John","Grease",169,82559164,7270,82559160,"That 70's Channel","CLASSICHITS","states/US-NAT","US Partner Digital"
"11378_1779899788","2026-05-27 16:36:28","2026-06-03 16:11:28.674","11378","Back To The Future","The Outatime Orchestra","Back To The Future",202,31691360,45711538,31691357,"GROOVY FM",,"states/US-NAT","US Partner Digital"
"11299_1779899741","2026-05-27 16:35:41","2026-06-03 16:11:27.351","11299","BOLERo LIBRA","Gepe feat. Mon Laferte","UNDESASTRE",171,313906895,239888,313906887,"LA NUEVA, RADIO",,"states/US-NAT","US Partner Digital"
"9727_1779899712","2026-05-27 16:35:12","2026-06-03 16:10:42.383","9727","How Long","Ace","Five-A-Side",200,374788134,50245292,374788131,"FreeAgentSoul","RNB","states/US-NAT","US Partner Digital"
"11378_1779899711","2026-05-27 16:35:11","2026-06-03 16:11:28.674","11378","Para Mí","Alejandra Guzmán","La Guzmán en Primera Fila",226,24112095,33542,24111625,"GROOVY FM",,"states/US-NAT","US Partner Digital"
"9658_1779899709","2026-05-27 16:35:09","2026-06-03 16:10:41.422","9658","Never Lost","Elevation Worship","Never Lost",315,81833345,303847,81833344,"Vida Unida, Nationwide","SPANISH","states/US-NAT","US Partner Digital"
"6466_1779899703","2026-05-27 16:35:03","2026-06-03 16:10:00.676","6466","Dance of the Hours","Vienna Operatic Orchestra","Worlds Greatest Opera - The only Opera album you'll ever need",525,26418128,559730,26418053,"Operavore",,"states/US-NAT","US Partner Digital"
"9922_1779899701","2026-05-27 16:35:01","2026-06-03 16:11:06.514","9922","Georgy Girl","The Seekers","Come The Day",144,371114,22371,371107,"Groovy 105.7","CLASSICHITS","states/US-NAT","US Partner Digital"
"7342_1779899700","2026-05-27 16:35:00","2026-06-03 16:10:06.282","7342","Prokofiev: Cinderella, Op. 87 - Slow Waltz","Miguel Harth-Bedoya: Fort Worth Symphony Orchestra","Mussorgsky/Gorchakov: Pictures At An Exhibition; Prokofiev: Cinderella",301,-1,-1,-1,"WABE 90.1 HD2 Classical",,"states/US-NAT","US Partner Digital"
"8886_1779899683","2026-05-27 16:34:43","2026-06-03 16:09:31.439","8886","魯凱的姑娘","梁文音","漫情歌",281,-1,-1,-1,"YourClassical Chamber Music","OTHER","states/US-NAT","US Partner Digital"
"7863_1779899672","2026-05-27 16:34:32","2026-06-03 16:10:19.033","7863","Surreal","Julian Wassermann","Elysion",494,229474675,614873,229474674,"RnR Radio","Prov_Other","states/US-NAT","US Partner Digital"
"9481_1779899665","2026-05-27 16:34:25","2026-06-03 16:10:40.253","9481","Kiss of Life","Sade","Love Deluxe",350,107555675,89229,107555670,"That Throwback Channel!","RNB","states/US-NAT","US Partner Digital"
"8892_1779899664","2026-05-27 16:34:24","2026-06-03 16:10:32.436","8892","Prokofiev: Cinderella, Op. 87 - Slow Waltz","Miguel Harth-Bedoya: Fort Worth Symphony Orchestra","Mussorgsky/Gorchakov: Pictures At An Exhibition; Prokofiev: Cinderella",301,-1,-1,-1,"YourClassical Radio","OTHER","states/US-NAT","Classical"
"8892_1779899658","2026-05-27 16:34:18","2026-06-03 16:10:32.436","8892","Cinderella, Op. 87: Act III: No. 49. Waltz - Adagio","Moscow RTV Large Symphony Orchestra & Gennady Rozhdestvensky","Prokofiev: Cinderella (Complete Ballet)",295,-1,-1,-1,"YourClassical Radio","OTHER","states/US-NAT","Classical"
"6466_1779899646","2026-05-27 16:34:06","2026-06-03 16:10:00.676","6466","Dance of the Hours","Vienna Operatic Orchestra","Worlds Greatest Opera - The only Opera album you'll ever need",525,26418128,559730,26418053,"Operavore",,"states/US-NAT","US Partner Digital"
"6466_1779899645","2026-05-27 16:34:05","2026-06-03 16:10:00.676","6466","Dance of the Hours","Vienna Operatic Orchestra","Worlds Greatest Opera - The only Opera album you'll ever need",525,26418128,559730,26418053,"Operavore",,"states/US-NAT","US Partner Digital"
"6466_1779899641","2026-05-27 16:34:01","2026-06-03 16:10:00.676","6466","Dance of the Hours","Vienna Operatic Orchestra","Worlds Greatest Opera - The only Opera album you'll ever need",525,26418128,559730,26418053,"Operavore",,"states/US-NAT","US Partner Digital"
"6466_1779899627","2026-05-27 16:33:47","2026-06-03 16:10:00.676","6466","Dance of the Hours","Vienna Operatic Orchestra","Worlds Greatest Opera - The only Opera album you'll ever need",525,26418128,559730,26418053,"Operavore",,"states/US-NAT","US Partner Digital"
"8885_1779899614","2026-05-27 16:33:34","2026-06-03 16:10:30.810","8885","Bach, CPE: Flute Concerto in D Minor: II. Un poco andante (After Harpsichord Concerto, Wq. 22)","Emmanuel Pahud","Bach, CPE: Flute Concertos",473,42779536,56230,42779528,"YourClassical Relax","OTHER","states/US-NAT","Classical"
"6466_1779899610","2026-05-27 16:33:30","2026-06-03 16:10:00.676","6466","Dance of the Hours from the opera ""La Gioconda""","Leopold Stokowski, The Philadelphia Orchestra","Walt Disney Records The Legacy Collection: Fantasia",734,59300508,30145148,59300495,"Operavore",,"states/US-NAT","US Partner Digital"
"6466_1779899604","2026-05-27 16:33:24","2026-06-03 16:10:00.676","6466","La Giococnda: Dance of the Hours","Various Artists","Sabre Dance",575,5912561,6,5912559,"Operavore",,"states/US-NAT","US Partner Digital"
"6466_1779899590","2026-05-27 16:33:10","2026-06-03 16:10:00.676","6466","Dance of the Hours from Act III of ""La Gioconda""","Philadelphia Orchestra","Bizet: L'Arlesienne Suite/Carmen Suite",620,-1,-1,-1,"Operavore",,"states/US-NAT","US Partner Digital"
"7226_1779899576","2026-05-27 16:32:56","2026-06-03 16:09:29.771","7226","Elgar: Variations on an Original Theme, Op. 36 ""Enigma"": Variation IX. Nimrod","London Symphony Orchestra/Sir Adrian Boult","Elgar: Enigma Variations & Pomp & Circumstance Marches Nos 1-5",233,5328205,11343,5328194,"CPR Classical",,"states/US-NAT","US Partner Digital"
"9802_1779899563","2026-05-27 16:32:43","2026-06-03 16:10:42.815","9802","Beethoven: Symphony #3 In E Flat, Op. 55, ""Eroica"" - 4. Finale: Allegro Molto","Manfred Honeck: Pittsburgh Symphony Orchestra","Beethoven: Symphony #3; Strauss (R): Horn Concerto #1",710,-1,-1,-1,"99.5 HD3 WCRB","OTHER","states/US-NAT","US Partner Digital"
"9802_1779899538","2026-05-27 16:32:18","2026-06-03 16:10:42.815","9802","Beethoven: Symphony #3 In E Flat, Op. 55, ""Eroica"" - 4. Finale: Allegro Molto","Iván Fischer: Budapest Festival Orchestra","Beethoven: Symphony #3 ""Eroica"", Coriolan Overture",732,-1,-1,-1,"99.5 HD3 WCRB","OTHER","states/US-NAT","US Partner Digital"
"9802_1779899531","2026-05-27 16:32:11","2026-06-03 16:10:42.815","9802","4. Finale (Allegro molto)","Berliner Philharmoniker","Beethoven: 9 Symphonies; Overtures",745,19320559,30088519,19320538,"99.5 HD3 WCRB","OTHER","states/US-NAT","US Partner Digital"
"8757_1779899530","2026-05-27 16:32:10","2026-06-03 16:10:45.340","8757","Turbulence","Laidback Luke & Steve Aoki feat. Lil Jon","Turbulence",387,334937223,139310,334937221,"LEGOLAND Radio","OTHER","states/US-NAT","Kids & Family"
"9802_1779899522","2026-05-27 16:32:02","2026-06-03 16:10:42.815","9802","Beethoven: Symphony No. 3 in E-Flat Major, Op. 55 ""Eroica"": IV. Finale. Allegro molto","Daniel Barenboim","Beethoven: Symphony No. 3 'Eroica'",771,15475030,30311908,15475026,"99.5 HD3 WCRB","OTHER","states/US-NAT","US Partner Digital"
"9922_1779899511","2026-05-27 16:31:51","2026-06-03 16:11:06.514","9922","I Can Help","Billy Swan","I Can Help",241,51729127,119240,51729125,"Groovy 105.7","CLASSICHITS","states/US-NAT","US Partner Digital"
"6294_1779899502","2026-05-27 16:31:42","2026-06-03 16:10:00.146","6294","Are You Serious","Pink Guy","Pink Season",149,-1,-1,-1,"YourClassical Choral","OTHER","states/US-NAT","Classical"
"8282_1779899495","2026-05-27 16:31:35","2026-06-03 16:10:23.772","8282","The Man Who Sold The World","Nirvana","MTV Unplugged In New York",260,7748939,40473,619521,"TUDN Radio","SPANISH","states/US-NAT","US Partner Digital"
"6294_1779899490","2026-05-27 16:31:30","2026-06-03 16:10:00.146","6294","Runestad: Let my Love be heard","Voces8","Enchanted Isle",287,67871844,202632,67871832,"YourClassical Choral","OTHER","states/US-NAT","Classical"
"8995_1779899486","2026-05-27 16:31:26","2026-06-03 16:10:32.515","8995","American Woman","The Guess Who","American Woman (Expanded Edition)",309,102661680,118315,102661679,"That 70's Channel","CLASSICHITS","states/US-NAT","US Partner Digital"
"9493_1779899485","2026-05-27 16:31:25","2026-06-03 16:10:41.052","9493","Los Trenes De Tozeur","Franco Battiato","Ecos De Danzas Sufi",197,106614652,28722,106614648,"Cadena SER","SPANISH","states/US-NAT","Spanish"
"8892_1779899448","2026-05-27 16:30:48","2026-06-03 16:10:32.436","8892","With You","DeWayne Woods Feat. B.Reith","Life Lessons",293,-1,-1,-1,"YourClassical Radio","OTHER","states/US-NAT","Classical"
"8135_1779899411","2026-05-27 16:30:11","2026-06-03 16:09:31.677","8135","Só Pro Meu Prazer / A Lenda / Fim De Tarde","Léo Santana","paGGodin2",297,351393291,30386375,351393289,"Folk Alley Fresh Cuts",,"states/US-NAT","US Partner Digital"
"8885_1779899409","2026-05-27 16:30:09","2026-06-03 16:10:30.810","8885","10 Preludes, Op. 23: No. 6. Andante in E-Flat Major","Nikolai Lugansky","Rachmaninov: 24 Preludes",182,53320058,30308861,53320051,"YourClassical Relax","OTHER","states/US-NAT","Classical"
"9319_1779899405","2026-05-27 16:30:05","2026-06-03 16:09:32.808","9319","Fell On Black Days","Soundgarden","Superunknown",282,26911599,2136,26911596,"KBACK Rock Radio","ROCKACTIVE","states/US-NAT","US Partner Digital"
"6466_1779899401","2026-05-27 16:30:01","2026-06-03 16:10:00.676","6466","Wagner: Parsifal - Act 3: Höchsten Heiles Wunder! ... Erlösung Dem Erlöser!","Orchester Der Bayreuther Festspiele, Hans Knappertsbusch & Chor Der Bayreuther Festspiele","Wagner: Parsifal",245,-1,-1,-1,"Operavore",,"states/US-NAT","US Partner Digital"
"8995_1779899387","2026-05-27 16:29:47","2026-06-03 16:10:32.515","8995","Cecilia","Simon & Garfunkel","Bridge Over Troubled Water",174,29333263,59455,29333260,"That 70's Channel","CLASSICHITS","states/US-NAT","US Partner Digital"
"9727_1779899381","2026-05-27 16:29:41","2026-06-03 16:10:42.383","9727","I'm Coming Out","Diana Ross","Diana",325,790959,38932,790950,"FreeAgentSoul","RNB","states/US-NAT","US Partner Digital"
"6296_1779899369","2026-05-27 16:29:29","2026-06-03 16:10:00.507","6296","Matches","Melissa Etheridge","Rise",294,359426790,39455,359426788,"Radio Heartland","ROCKALTERNATIVE","states/US-NAT","US Partner Digital"
"11378_1779899357","2026-05-27 16:29:17","2026-06-03 16:11:28.674","11378","Hysteria","Def Leppard","Hysteria",354,52809706,44059,52809696,"GROOVY FM",,"states/US-NAT","US Partner Digital"
"9922_1779899311","2026-05-27 16:28:31","2026-06-03 16:11:06.514","9922","Sweet Home Alabama","Lynyrd Skynyrd","Second Helping",283,608985,35147,608984,"Groovy 105.7","CLASSICHITS","states/US-NAT","US Partner Digital"
"9739_1779899290","2026-05-27 16:28:10","2026-06-03 16:10:42.383","9739","More Than a Feeling","Boston","Boston",284,28227473,35143,28227472,"The Rock Vault","ROCKCLASSIC","states/US-NAT","US Partner Digital"
"7742_1779899229","2026-05-27 16:27:09","2026-06-03 16:10:19.586","7742","""All we like sheep have gone astray""","Gabrieli Players","Handel: Messiah HWV56",200,19295440,30639829,19295395,"Christmas by Classical KING","OTHER","states/US-NAT","US Partner Digital"
"8995_1779899219","2026-05-27 16:26:59","2026-06-03 16:10:32.515","8995","Turn Back The Hands Of Time","Tyrone Davis","Turn Back The Hands Of Time",177,237458807,1556,237458806,"That 70's Channel","CLASSICHITS","states/US-NAT","US Partner Digital"
"8135_1779899194","2026-05-27 16:26:34","2026-06-03 16:09:31.677","8135","Gas Money","Chatham Rabbits","Be Real With Me",184,-1,-1,-1,"Folk Alley Fresh Cuts",,"states/US-NAT","US Partner Digital"
"8885_1779899184","2026-05-27 16:26:24","2026-06-03 16:10:30.810","8885","Piano Sonata No. 11 in B-Flat Major, Op. 22, Piano Sonata No. 11 in B-Flat Major, Op. 22: II. Adagio con molto espressione","Alfred Brendel","Beethoven: Piano Sonatas, Vol. 4",401,53752679,116603,53752662,"YourClassical Relax","OTHER","states/US-NAT","Classical"
"6296_1779899149","2026-05-27 16:25:49","2026-06-03 16:10:00.507","6296","It Wasn't Easy To Be Happy For You","The Lumineers","III",213,276562624,420938,276562620,"Radio Heartland","ROCKALTERNATIVE","states/US-NAT","US Partner Digital"
"8892_1779899134","2026-05-27 16:25:34","2026-06-03 16:10:32.436","8892","Prokofiev: Grand Waltz","Lisa Batiashvili; Yannick Nézet-Séguin: Chamber Orchestra Of Europe","Visions Of Prokofiev",318,-1,-1,-1,"YourClassical Radio","OTHER","states/US-NAT","Classical"
"8892_1779899127","2026-05-27 16:25:27","2026-06-03 16:10:32.436","8892","Prokofiev: Cinderella, Op. 87, Act 2: No. 30, Grand Waltz","André Previn & London Symphony Orchestra","Prokofiev: Cinderella & Symphony No. 1, Op. 25 ""Classical""",318,5352589,30702529,5352422,"YourClassical Radio","OTHER","states/US-NAT","Classical"
"8892_1779899125","2026-05-27 16:25:25","2026-06-03 16:10:32.436","8892","Prokofiev: Cinderella, Op. 87, Act 2: No. 30, Grand Waltz","André Previn & London Symphony Orchestra","Prokofiev: Cinderella & Symphony No. 1, Op. 25 ""Classical""",318,5352589,30702529,5352422,"YourClassical Radio","OTHER","states/US-NAT","Classical"
"9922_1779899124","2026-05-27 16:25:24","2026-06-03 16:11:06.514","9922","Working My Way Back to You","Frankie Valli & the Four Seasons","Working My Way Back to You",185,8799713,39284,8799712,"Groovy 105.7","CLASSICHITS","states/US-NAT","US Partner Digital"
"7342_1779899115","2026-05-27 16:25:15","2026-06-03 16:10:06.282","7342","Cinderella, Op. 87, Act II: The Grand Waltz","Moscow RTV Symphony Orchestra, Guennadi Rosdhestvenski","Prokofiev: Cinderella, Op. 87, Act II (Digitally Remastered)",311,30016794,46783,30016783,"WABE 90.1 HD2 Classical",,"states/US-NAT","US Partner Digital"
"7342_1779899113","2026-05-27 16:25:13","2026-06-03 16:10:06.282","7342","Prokofiev: Cinderella, Op. 87, Act 2: No. 30, Grand Waltz","André Previn & London Symphony Orchestra","Prokofiev: Cinderella & Symphony No. 1, Op. 25 ""Classical""",318,5352589,30702529,5352422,"WABE 90.1 HD2 Classical",,"states/US-NAT","US Partner Digital"
"7259_1779899101","2026-05-27 16:25:01","2026-06-03 16:09:29.557","7259","Serenade for Strings, Op. 22, B. 52, Serenade for Strings, Op. 22, B. 52: V. Finale. Allegro vivace (Live)","Beethoven Academy Orchestra","Dvořák: Serenade for Strings, Op. 22, B. 52 (Live)",334,52662566,31922225,52662561,"Capital Public Radio",,"states/US-NAT","US Partner Digital"
"7259_1779899079","2026-05-27 16:24:39","2026-06-03 16:09:29.557","7259","Serenade for Strings, Op. 22, B. 52, V. Finale: Allegro vivace","Capella Istropolitana","Suk / Dvorak: Serenades for Strings",343,48312995,30342275,48312986,"Capital Public Radio",,"states/US-NAT","US Partner Digital"
"7259_1779899076","2026-05-27 16:24:36","2026-06-03 16:09:29.557","7259","Serenade for Strings, Op. 22, B. 52, V. Finale: Allegro vivace","Capella Istropolitana","Suk / Dvorak: Serenades for Strings",343,48312995,30342275,48312986,"Capital Public Radio",,"states/US-NAT","US Partner Digital"
"8282_1779899050","2026-05-27 16:24:10","2026-06-03 16:10:23.772","8282","Zombie","The Cranberries","No Need To Argue",306,344299214,39703,344299210,"TUDN Radio","SPANISH","states/US-NAT","US Partner Digital"
"9493_1779899046","2026-05-27 16:24:06","2026-06-03 16:10:41.052","9493","Bad","Michael Jackson","Bad",247,19091751,6739,19090075,"Cadena SER","SPANISH","states/US-NAT","Spanish"
"9739_1779899003","2026-05-27 16:23:23","2026-06-03 16:10:42.383","9739","Mama Kin","Aerosmith","Aerosmith",268,387370971,39229,387370966,"The Rock Vault","ROCKCLASSIC","states/US-NAT","US Partner Digital"
"8135_1779898990","2026-05-27 16:23:10","2026-06-03 16:09:31.677","8135","Wild and Clear and Blue","I’m With Her feat. Sarah Jarosz, Aoife O'Donovan, Sara Watkins","Wild and Clear and Blue",214,327000398,924054,327000396,"Folk Alley Fresh Cuts",,"states/US-NAT","US Partner Digital"
"8995_1779898990","2026-05-27 16:23:10","2026-06-03 16:10:32.515","8995","Vehicle","Ides Of March","Vehicle",177,1045827,44538335,1045826,"That 70's Channel","CLASSICHITS","states/US-NAT","US Partner Digital"
"11378_1779898975","2026-05-27 16:22:55","2026-06-03 16:11:28.674","11378","Smokin'","Boston","Boston",261,28227477,35143,28227472,"GROOVY FM",,"states/US-NAT","US Partner Digital"
"8886_1779898973","2026-05-27 16:22:53","2026-06-03 16:09:31.439","8886","Etude in A Minor, Op. 25, No. 11, ""Winter Wind""","Van Cliburn","My Favorite Chopin",211,4020471,213686,4020461,"YourClassical Chamber Music","OTHER","states/US-NAT","US Partner Digital"
"8890_1779898967","2026-05-27 16:22:47","2026-06-03 16:09:32.009","8890","You again","AVAION","Selfreflection",167,263897962,33565304,263897951,"YourClassical Black History","OTHER","states/US-NAT","US Partner Digital"
"11299_1779898962","2026-05-27 16:22:42","2026-06-03 16:11:27.351","11299","Beam Me Up","Cazzette","Eject",405,299452980,881001,299452973,"LA NUEVA, RADIO",,"states/US-NAT","US Partner Digital"
"7099_1779898957","2026-05-27 16:22:37","2026-06-03 16:10:05.236","7099","Dare You To Move","Switchfoot","Learning To Breathe",248,430755,28813,430754,"WAY LOUD","OTHER","states/US-NAT","US Partner Digital"
"11378_1779898954","2026-05-27 16:22:34","2026-06-03 16:11:28.674","11378","Sweet Home Alabama","Lynyrd Skynyrd","Second Helping",283,608985,35147,608984,"GROOVY FM",,"states/US-NAT","US Partner Digital"
"7226_1779898936","2026-05-27 16:22:16","2026-06-03 16:09:29.771","7226","Suite española, Op. 47: No. 3, Sevilla (Sevillanas)","John Williams","John Williams - The Guitarist",282,44069134,30404622,44069125,"CPR Classical",,"states/US-NAT","US Partner Digital"
"7226_1779898935","2026-05-27 16:22:15","2026-06-03 16:09:29.771","7226","Albéniz / Arr. Tárrega: Suite Española No. 1, Op. 47: III. Sevilla","Thibaut Garcia","Leyendas",321,41874229,31303809,41874227,"CPR Classical",,"states/US-NAT","US Partner Digital"
"7742_1779898886","2026-05-27 16:21:26","2026-06-03 16:10:19.586","7742","The Coventry Carol","Choir of Trinity College, Cambridge & Richard Marlow","Carols From Trinity",153,2891435,30694596,2887132,"Christmas by Classical KING","OTHER","states/US-NAT","US Partner Digital"
"11298_1779898874","2026-05-27 16:21:14","2026-06-03 16:11:27.109","11298","I Want Her","Keith Sweat","Make It Last Forever",360,41666797,58434,41666793,"102 The Cube",,"states/US-NAT","US Partner Digital"
"8135_1779898814","2026-05-27 16:20:14","2026-06-03 16:09:31.677","8135","Our Home","Bonnie ""Prince"" Billy","The Purple Bird",175,290908455,97963,290908443,"Folk Alley Fresh Cuts",,"states/US-NAT","US Partner Digital"
"7099_1779898796","2026-05-27 16:19:56","2026-06-03 16:10:05.236","7099","I Want a Change","Stanley","I Want a Change",157,351057555,30820733,351057554,"WAY LOUD","OTHER","states/US-NAT","US Partner Digital"
"9319_1779898779","2026-05-27 16:19:39","2026-06-03 16:09:32.808","9319","Screamin’ At The Sky","Black Stone Cherry","Screamin' At The Sky",204,211423305,62322,211423304,"KBACK Rock Radio","ROCKACTIVE","states/US-NAT","US Partner Digital"
"10176_1779898776","2026-05-27 16:19:36","2026-06-03 16:09:42.027","10176","时间记忆","白嘉峻","时间记忆",236,242143152,32495505,242143151,"Rewind from Family Life","OTHER","states/US-NAT","US Partner Digital"
"11248_1779898775","2026-05-27 16:19:35","2026-06-03 16:11:25.282","11248","Zero","Electric Guest","Plural",227,45196450,663600,45196449,"KPOP 24.7 NuWaaV RADIO",,"states/US-NAT","US Partner Digital"
"6296_1779898751","2026-05-27 16:19:11","2026-06-03 16:10:00.507","6296","Once I Loved","Boz Scaggs","Detour",232,354950405,28476,354950402,"Radio Heartland","ROCKALTERNATIVE","states/US-NAT","US Partner Digital"
"9922_1779898738","2026-05-27 16:18:58","2026-06-03 16:11:06.514","9922","Dancing In the Moonlight","King Harvest","Dancing in the Moonlight",180,250326226,254057,250326225,"Groovy 105.7","CLASSICHITS","states/US-NAT","US Partner Digital"
"11299_1779898734","2026-05-27 16:18:54","2026-06-03 16:11:27.351","11299","Para Diego","Malamanera","Dimmi cosa vedi",229,90064529,30772210,90064526,"LA NUEVA, RADIO",,"states/US-NAT","US Partner Digital"
"10179_1779898718","2026-05-27 16:18:38","2026-06-03 16:09:41.179","10179","Etude No. 19","Vanessa Wagner","Philip Glass: The Complete Piano Etudes",299,355634706,30297677,355634687,"Gospel Road from Family Life","OTHER","states/US-NAT","US Partner Digital"
"8890_1779898683","2026-05-27 16:18:03","2026-06-03 16:09:32.009","8890","Maze Without Exit / 沒有出口的迷宮","V.K.","The 3rd Movement / 第三樂章",306,23807174,30081021,23807172,"YourClassical Black History","OTHER","states/US-NAT","US Partner Digital"
"9493_1779898671","2026-05-27 16:17:51","2026-06-03 16:10:41.052","9493","Theme From A Summer Place","Percy Faith","Keep Looking",145,-1,-1,-1,"Cadena SER","SPANISH","states/US-NAT","Spanish"
"11378_1779898661","2026-05-27 16:17:41","2026-06-03 16:11:28.674","11378","Now That We Found Love","Heavy D & The Boyz feat. Aaron Hall","Peaceful Journey",256,709176,767927,709164,"GROOVY FM",,"states/US-NAT","US Partner Digital"
"6294_1779898656","2026-05-27 16:17:36","2026-06-03 16:10:00.146","6294","Chorale: Hymn","Karl Jenkins","Symphonic Adiemus",248,50876749,35629,50876738,"YourClassical Choral","OTHER","states/US-NAT","Classical"
"11248_1779898655","2026-05-27 16:17:35","2026-06-03 16:11:25.282","11248","Mosaico Del Tigre, Vol. 1","Jhonathan Chavez y Los Triunfadores","Jhonathan Chavez En Vivo",785,100065515,34272275,100065491,"KPOP 24.7 NuWaaV RADIO",,"states/US-NAT","US Partner Digital"
"8135_1779898641","2026-05-27 16:17:21","2026-06-03 16:09:31.677","8135","Same Old Song","The Lumineers","Same Old Song",173,299748684,420938,299748683,"Folk Alley Fresh Cuts",,"states/US-NAT","US Partner Digital"
"9493_1779898618","2026-05-27 16:16:58","2026-06-03 16:10:41.052","9493","Les Fleur","Minnie Riperton","Come to My Garden",198,106129789,4235,106129788,"Cadena SER","SPANISH","states/US-NAT","Spanish"
"6296_1779898604","2026-05-27 16:16:44","2026-06-03 16:10:00.507","6296","Maria, Maria","Mari Ferrari feat. Miss Mary","Maria, Maria",210,54491210,31584605,54491209,"Radio Heartland","ROCKALTERNATIVE","states/US-NAT","US Partner Digital"
"11298_1779898592","2026-05-27 16:16:32","2026-06-03 16:11:27.109","11298","The Flame","Cheap Trick","Lap Of Luxury",340,17941743,35148,17941740,"102 The Cube",,"states/US-NAT","US Partner Digital"
"9658_1779898580","2026-05-27 16:16:20","2026-06-03 16:10:41.422","9658","Jesús (Remix)","Indiomar Feat. Alex Zurdo, Almighty & Funky","Jesús (Remix) [Single]",281,-1,-1,-1,"Vida Unida, Nationwide","SPANISH","states/US-NAT","US Partner Digital"
"9739_1779898549","2026-05-27 16:15:49","2026-06-03 16:10:42.383","9739","Jungle Love","Steve Miller Band","Book Of Dreams",187,27689022,28836,27689015,"The Rock Vault","ROCKCLASSIC","states/US-NAT","US Partner Digital"
"7742_1779898542","2026-05-27 16:15:42","2026-06-03 16:10:19.586","7742","All I Want for Christmas","Magnus Ludwigsson and Harald Lindell","Christmas Piano - 50 X-Mas Songs",211,11482797,30638112,11482769,"Christmas by Classical KING","OTHER","states/US-NAT","US Partner Digital"
"8884_1779898517","2026-05-27 16:15:17","2026-06-03 16:09:33.547","8884","National Emblem [Bagley]","United States Army Band","United States Army Band: Forward March!",182,20862259,30073407,20862251,"YourClassical Concert Band","OTHER","states/US-NAT","US Partner Digital"
"8884_1779898511","2026-05-27 16:15:11","2026-06-03 16:09:33.547","8884","Bagley: National Emblem","US Air Force Band","Pass In Review",184,-1,-1,-1,"YourClassical Concert Band","OTHER","states/US-NAT","US Partner Digital"
"8885_1779898504","2026-05-27 16:15:04","2026-06-03 16:10:30.810","8885","Chopin: Nocturne #2 In E Flat, Op. 9/2","Jan Lisiecki","Chopin: Complete Nocturnes",305,-1,-1,-1,"YourClassical Relax","OTHER","states/US-NAT","Classical"
"11248_1779898479","2026-05-27 16:14:39","2026-06-03 16:11:25.282","11248","X19X","Feid","FERXXO",160,99594656,304771,99594648,"KPOP 24.7 NuWaaV RADIO",,"states/US-NAT","US Partner Digital"
"8885_1779898459","2026-05-27 16:14:19","2026-06-03 16:10:30.810","8885","Serenade for Strings, Op. 22, B. 52, IV. Larghetto","Capella Istropolitana","Suk / Dvorak: Serenades for Strings",407,48312994,30342275,48312986,"YourClassical Relax","OTHER","states/US-NAT","Classical"
"10179_1779898452","2026-05-27 16:14:12","2026-06-03 16:09:41.179","10179","Touch Of The Master's Hand (Live)","The Booth Brothers","NQC Live Volume 16",336,77827088,27214,77827084,"Gospel Road from Family Life","OTHER","states/US-NAT","US Partner Digital"
"6296_1779898421","2026-05-27 16:13:41","2026-06-03 16:10:00.507","6296","Wake Up Little Susie","The Everly Brothers","The Everly Brothers",117,239876127,2263,239876118,"Radio Heartland","ROCKALTERNATIVE","states/US-NAT","US Partner Digital"
"7259_1779898389","2026-05-27 16:13:09","2026-06-03 16:09:29.557","7259","3. Scherzo (Vivace)","Berliner Philharmoniker","Tchaikovsky / Dvorák: String Serenades",330,703319,30088519,703312,"Capital Public Radio",,"states/US-NAT","US Partner Digital"
"7259_1779898387","2026-05-27 16:13:07","2026-06-03 16:09:29.557","7259","Dvořák: Serenade for Strings, Op. 22, B. 52: III. Scherzo. Vivace","Antje Weithaas & Camerata Bern","Dvořák: Violin Concerto in A Minor; Serenade for Strings",372,367030334,42997435,367030328,"Capital Public Radio",,"states/US-NAT","US Partner Digital"
"11299_1779898381","2026-05-27 16:13:01","2026-06-03 16:11:27.351","11299","Somos Novios","Ángela Aguilar feat. Trio Los Panchos","Bolero",180,250909315,799081,250909314,"LA NUEVA, RADIO",,"states/US-NAT","US Partner Digital"
"6155_1779898369","2026-05-27 16:12:49","2026-06-03 16:09:59.642","6155","Sunrise","The Lucid Dream","The Deep End",439,129420466,751631,129420461,"New Sounds",,"states/US-NAT","US Partner Digital"
"8890_1779898369","2026-05-27 16:12:49","2026-06-03 16:09:32.009","8890","Ran: Spirit For Solo B Flat Clarinet (In Memory Of Laura Flax)","John Bruce Yeh","Chicago Clarinet Classics",351,-1,-1,-1,"YourClassical Black History","OTHER","states/US-NAT","US Partner Digital"
"11378_1779898359","2026-05-27 16:12:39","2026-06-03 16:11:28.674","11378","Ms. Jackson","OutKast","Stankonia",270,2540475,34787,2538671,"GROOVY FM",,"states/US-NAT","US Partner Digital"
"11384_1779898357","2026-05-27 16:12:37","2026-06-03 16:11:29.163","11384","Choose Us","Lulu & Alice","Choose Us",403,103016799,34385110,103016797,"DJ Babydoll Radio",,"states/US-NAT","US Partner Digital"
"8891_1779898345","2026-05-27 16:12:25","2026-06-03 16:09:32.777","8891","A Thousand Times","The Spitfires","A Thousand Times",227,135108121,30951026,135108120,"YourClassical Women's History","OTHER","states/US-NAT","US Partner Digital"
"9319_1779898331","2026-05-27 16:12:11","2026-06-03 16:09:32.808","9319","Welcome to the Family","Avenged Sevenfold","Nightmare",245,43217543,58382,43217541,"KBACK Rock Radio","ROCKACTIVE","states/US-NAT","US Partner Digital"
"8892_1779898303","2026-05-27 16:11:43","2026-06-03 16:10:32.436","8892","The Lucky Ones","Tim Myers","The Lucky Ones [Single]",169,-1,-1,-1,"YourClassical Radio","OTHER","states/US-NAT","Classical"
"7226_1779898300","2026-05-27 16:11:40","2026-06-03 16:09:29.771","7226","Sunny and Elizabeth","Anne Nikitin","The Dropout",80,164080865,30634569,164080860,"CPR Classical",,"states/US-NAT","US Partner Digital"
"9739_1779898266","2026-05-27 16:11:06","2026-06-03 16:10:42.383","9739","As Above So Below","Venom","Into Oblivion",294,397480337,436,397480331,"The Rock Vault","ROCKCLASSIC","states/US-NAT","US Partner Digital"
"8135_1779898248","2026-05-27 16:10:48","2026-06-03 16:09:31.677","8135","Times Like This","Josh Daniel","CLEANING UP (Original Television Soundtrack, Pt. 5)",228,176339980,31178801,176339979,"Folk Alley Fresh Cuts",,"states/US-NAT","US Partner Digital"
"6294_1779898234","2026-05-27 16:10:34","2026-06-03 16:10:00.146","6294","A Gaelic Blessing","Graham Ross, Choir of Clare College, Cambridge, Dmitri Ensemble","John Rutter: A Clare College Celebration (The Christmas Edition)",106,365546054,31671841,365546049,"YourClassical Choral","OTHER","states/US-NAT","Classical"
"6466_1779898215","2026-05-27 16:10:15","2026-06-03 16:10:00.676","6466","""L'amour est un oiseau rebelle"" (Havanaise)","Marilyn Horne","Bizet: Carmen",291,19079588,194067,19079569,"Operavore",,"states/US-NAT","US Partner Digital"
"7226_1779898205","2026-05-27 16:10:05","2026-06-03 16:09:29.771","7226","I Love You","Woongsan","I Love You",287,229312157,33601789,229312156,"CPR Classical",,"states/US-NAT","US Partner Digital"
"9493_1779898175","2026-05-27 16:09:35","2026-06-03 16:10:41.052","9493","It's A Man's, Man's, Man's World","James Brown & The Famous Flames","It's A Man's Man's Man's World",165,18168833,40179,18168831,"Cadena SER","SPANISH","states/US-NAT","Spanish"
"6155_1779898162","2026-05-27 16:09:22","2026-06-03 16:09:59.642","6155","The Last Song","X Japan","The Last Song",693,390967728,616705,390967727,"New Sounds",,"states/US-NAT","US Partner Digital"
"8163_1779898155","2026-05-27 16:09:15","2026-06-03 15:05:47.251","8163","Not Dark Yet","Jimmy LaFave","Cimarron Manifesto",410,67415839,262375,67415831,"Folk Alley Holiday","OTHER","states/US-NAT","US Partner Digital"
"7742_1779898144","2026-05-27 16:09:04","2026-06-03 16:10:19.586","7742","Einaudi: Julia","Ludovico Einaudi","Eden Roc",289,108510910,172566,108510901,"Christmas by Classical KING","OTHER","states/US-NAT","US Partner Digital"
"11378_1779898141","2026-05-27 16:09:01","2026-06-03 15:07:03.290","11378","Respect","Aretha Franklin","Platoon And Songs From the Era",146,1018042,42526,1018035,"GROOVY FM",,"states/US-NAT","US Partner Digital"
"11378_1779898059","2026-05-27 16:07:39","2026-06-03 15:07:03.290","11378","Respect (with The Royal Philharmonic Orchestra)","Aretha Franklin","A Brand New Me: Aretha Franklin (with The Royal Philharmonic Orchestra)",156,51664708,42526,51664694,"GROOVY FM",,"states/US-NAT","US Partner Digital"
"7810_1779898047","2026-05-27 16:07:27","2026-06-03 15:04:52.029","7810","Le nozze de Figaro, K. 492: Overture","Orchestra Victoria","Dance of the Hours: Beautiful Music for Every Hour of the Day",266,-1,-1,-1,"88.5 WVPB",,"states/US-NAT","US Partner Digital"
"7810_1779898043","2026-05-27 16:07:23","2026-06-03 15:04:52.029","7810","Overture","BBC Symphony Orchestra","Mozart: Le Nozze di Figaro",245,19213105,196592,19213104,"88.5 WVPB",,"states/US-NAT","US Partner Digital"
"8757_1779898043","2026-05-27 16:07:23","2026-06-03 15:06:16.520","8757","Found My Place (feat. Jeff Lewis)","Oh, Hush! feat. Jeff Lewis","The Lego Ninjago Movie (Original Motion Picture Soundtrack)",196,70460683,867534,70460679,"LEGOLAND Radio","OTHER","states/US-NAT","Kids & Family"
"7810_1779898042","2026-05-27 16:07:22","2026-06-03 16:09:30.101","7810","Mozart: Le nozze di Figaro, K. 492: Overture","Sir Neville Marriner","Mozart: Overtures",256,5392992,35174,5392991,"88.5 WVPB",,"states/US-NAT","US Partner Digital"
"7810_1779898041","2026-05-27 16:07:21","2026-06-03 16:09:30.101","7810","Mozart: The Marriage Of Figaro, K 492 - Overture","Hans Vonk: Staatskapelle Dresden","Mozart: 11 Overtures",259,-1,-1,-1,"88.5 WVPB",,"states/US-NAT","US Partner Digital"
"7810_1779898033","2026-05-27 16:07:13","2026-06-03 16:09:30.101","7810","Mozart - Overture from 'Le Nozze di Figaro'","The London Philharmonic Orchestra","Wolfgang Amadeus Mozart - No. 41 Jupiter Symphony - Overtures from “The Magic Flute,” “The Marriage of Figaro” and “The Abduction from the Seraglio”",260,299909122,1159,299909116,"88.5 WVPB",,"states/US-NAT","US Partner Digital"
"7742_1779898028","2026-05-27 16:07:08","2026-06-03 15:05:40.956","7742","Bach / Gounod: Ave Maria (Meditation After Bach's Prelude and Fugue in C Major, BWV 846)","Alexandre Tharaud","Bach: Choral ""Herr unser Herrscher"" from Johannes-Passion",272,291675436,186034,291675430,"Christmas by Classical KING","OTHER","states/US-NAT","US Partner Digital"
"9739_1779898028","2026-05-27 16:07:08","2026-06-03 15:06:12.377","9739","I Surrender","Rainbow","Difficult To Cure",244,89890168,39690,89890167,"The Rock Vault","ROCKCLASSIC","states/US-NAT","US Partner Digital"
"11462_1779898012","2026-05-27 16:06:52","2026-06-03 15:07:10.403","11462","Shit I Like (feat. TM88)","Waka Flocka Flame","Lebron Flocka James 2K26",184,381197299,115112,381197298,"Carolina smoke radio",,"states/US-NAT","US Partner Digital"
"8891_1779898004","2026-05-27 16:06:44","2026-06-03 15:04:53.293","8891","À l'origine","Benjamin Biolay","À l'auditorium - Live",471,235509514,29898,235509507,"YourClassical Women's History","OTHER","states/US-NAT","US Partner Digital"
"7259_1779897969","2026-05-27 16:06:09","2026-06-03 16:09:29.557","7259","Dvořák: Serenade For String Orchestra In E, Op. 22 - 2. Tempo Di Valse","Alexander Titov: St. Petersburg Conservatory Chamber Orchestra","A String Serenade",407,-1,-1,-1,"Capital Public Radio",,"states/US-NAT","US Partner Digital"
"7259_1779897968","2026-05-27 16:06:08","2026-06-03 16:09:29.557","7259","Dvořák: Serenade For String Orchestra In E, Op. 22 - 2. Tempo Di Valse","Alexander Titov: St. Petersburg Conservatory Chamber Orchestra","A String Serenade",407,-1,-1,-1,"Capital Public Radio",,"states/US-NAT","US Partner Digital"
"8885_1779897967","2026-05-27 16:06:07","2026-06-03 15:05:57.425","8885","Mozart: Flute and Harp Concerto, K. 299: II. Andantino (Arr. Spindler for Oboe, Harpsichord and Orchestra)","Albrecht Mayer, Vital Julian Frey & Deutsche Kammerphilharmonie Bremen","Mozart: Flute and Harp Concerto, K. 299/297c: II. Andantino (Arr. Spindler for Oboe, Harpsichord and Orchestra)",531,125292301,939963,125292300,"YourClassical Relax","OTHER","states/US-NAT","Classical"
"7259_1779897964","2026-05-27 16:06:04","2026-06-03 15:04:50.391","7259","2. Tempo di valse","Wiener Philharmoniker","Dvorák: Serenades for Strings and Winds",399,19237745,62073,19237743,"Capital Public Radio",,"states/US-NAT","US Partner Digital"
"7742_1779897935","2026-05-27 16:05:35","2026-06-03 15:05:40.956","7742","J.S. Bach: The Well-Tempered Clavier, Book 1: Prelude No. 1 in C Major, BWV 846/1","Keith Jarrett","J.S. Bach: The Well-Tempered Clavier, Book I",122,74394043,39715,74394042,"Christmas by Classical KING","OTHER","states/US-NAT","US Partner Digital"
"7259_1779897931","2026-05-27 16:05:31","2026-06-03 15:04:50.391","7259","Serenade for Strings in E Major, Op. 22: II. Tempo di valse","RFCM Symphony Orchestra","Antonín Dvorák, Lennox Berkeley, Piotr Ilyich Tchaikovsky: Serenades",396,27031237,495274,27031231,"Capital Public Radio",,"states/US-NAT","US Partner Digital"
"8757_1779897925","2026-05-27 16:05:25","2026-06-03 15:06:16.520","8757","Let's Put It All Back","Mark Mothersbaugh","The Lego® Movie (Original Motion Picture Soundtrack)",122,70463629,32270,70463608,"LEGOLAND Radio","OTHER","states/US-NAT","Kids & Family"
"6155_1779897883","2026-05-27 16:04:43","2026-06-03 16:09:59.642","6155","Fenyr (Raito Remix)","Chipi","Do You Want Me [EP]",354,-1,-1,-1,"New Sounds",,"states/US-NAT","US Partner Digital"
"9319_1779897873","2026-05-27 16:04:33","2026-06-03 15:04:54.855","9319","Tear It Down","Skid Row","The Gang's All Here",237,178866934,59770,178866926,"KBACK Rock Radio","ROCKACTIVE","states/US-NAT","US Partner Digital"
"7259_1779897851","2026-05-27 16:04:11","2026-06-03 16:09:29.557","7259","Dvořák: Serenade for Strings, Op. 22, B. 52: II. Tempo di valse","Antje Weithaas & Camerata Bern","Dvořák: Violin Concerto in A Minor; Serenade for Strings",426,367030333,42997435,367030328,"Capital Public Radio",,"states/US-NAT","US Partner Digital"
"8757_1779897845","2026-05-27 16:04:05","2026-06-03 15:06:16.520","8757","Batman","Mark Mothersbaugh","The Lego® Movie (Original Motion Picture Soundtrack)",82,70463619,32270,70463608,"LEGOLAND Radio","OTHER","states/US-NAT","Kids & Family"
"6155_1779897838","2026-05-27 16:03:58","2026-06-03 15:05:26.133","6155","Lines Glow","Portico Quartet","Art in the Age of Automation",229,140646057,4812,140646046,"New Sounds",,"states/US-NAT","US Partner Digital"
"8163_1779897835","2026-05-27 16:03:55","2026-06-03 15:05:47.251","8163","Boots Of Spanish Leather","Nanci Griffith","Other Voices, Other Rooms",317,-1,-1,-1,"Folk Alley Holiday","OTHER","states/US-NAT","US Partner Digital"
"8890_1779897833","2026-05-27 16:03:53","2026-06-03 15:04:53.721","8890","Unrest II","Brandee Younger","Unrest",248,159290924,30970802,159290922,"YourClassical Black History","OTHER","states/US-NAT","US Partner Digital"
"11298_1779897831","2026-05-27 16:03:51","2026-06-03 15:07:02.789","11298","Sing Our Own Song","UB40","Rat In The Kitchen",440,526121,28251,526112,"102 The Cube",,"states/US-NAT","US Partner Digital"
"7259_1779897799","2026-05-27 16:03:19","2026-06-03 15:04:50.391","7259","Serenade for Strings, Op. 22, B. 52, II. Tempo di valse","Capella Istropolitana","Suk / Dvorak: Serenades for Strings",433,48312992,30342275,48312986,"Capital Public Radio",,"states/US-NAT","US Partner Digital"
"6294_1779897794","2026-05-27 16:03:14","2026-06-03 15:05:26.396","6294","Pärt: Nunc Dimittis","VOCES8","Winter",344,-1,-1,-1,"YourClassical Choral","OTHER","states/US-NAT","Classical"
"7342_1779897784","2026-05-27 16:03:04","2026-06-03 15:05:33.077","7342","Akhnaten, Prelude","Adele Anthony","Glass, P.: Violin Concerto / Company / Prelude From Akhnaten",735,48263690,108933,48263682,"WABE 90.1 HD2 Classical",,"states/US-NAT","US Partner Digital"
"8282_1779897711","2026-05-27 16:01:51","2026-06-03 15:05:50.743","8282","Ode To My Family","The Cranberries","No Need To Argue",272,344299211,39703,344299210,"TUDN Radio","SPANISH","states/US-NAT","US Partner Digital"
"7226_1779897709","2026-05-27 16:01:49","2026-06-03 15:04:52.176","7226","Gounod: Ave Maria","Anne Akiko Meyers; Steven Mercurio: English Chamber Orchestra","Air - The Bach Album",244,-1,-1,-1,"CPR Classical",,"states/US-NAT","US Partner Digital"
"7259_1779897698","2026-05-27 16:01:38","2026-06-03 15:04:50.391","7259","Serenade for Strings, Op. 22, B. 52, I. Moderato","Capella Istropolitana","Suk / Dvorak: Serenades for Strings",252,48312991,30342275,48312986,"Capital Public Radio",,"states/US-NAT","US Partner Digital"
"7259_1779897693","2026-05-27 16:01:33","2026-06-03 15:04:50.391","7259","Serenade for Strings, Op. 22, B. 52, I. Moderato","Capella Istropolitana","Suk / Dvorak: Serenades for Strings",252,48312991,30342275,48312986,"Capital Public Radio",,"states/US-NAT","US Partner Digital"
"7259_1779897681","2026-05-27 16:01:21","2026-06-03 15:04:50.391","7259","Dvořák: Serenade for Strings in E Major, Op. 22, B. 52: I. Moderato","Charles Rosekrans & Royal Philharmonic Orchestra","Royal Strings",282,169782643,31671195,169782640,"Capital Public Radio",,"states/US-NAT","US Partner Digital"
"8892_1779897672","2026-05-27 16:01:12","2026-06-03 15:05:57.777","8892","信仰","陳耀川","信仰",223,-1,-1,-1,"YourClassical Radio","OTHER","states/US-NAT","Classical"
"7342_1779897629","2026-05-27 16:00:29","2026-06-03 15:05:33.077","7342","Dreaming of Light","Eydís Evensen","The Light",255,-1,-1,-1,"WABE 90.1 HD2 Classical",,"states/US-NAT","US Partner Digital"
"7810_1779897600","2026-05-27 16:00:00","2026-06-03 15:04:52.029","7810","Mozart - Overture from 'Le Nozze di Figaro'","The London Philharmonic Orchestra","Wolfgang Amadeus Mozart - No. 41 Jupiter Symphony - Overtures from “The Magic Flute,” “The Marriage of Figaro” and “The Abduction from the Seraglio”",260,299909122,1159,299909116,"88.5 WVPB",,"states/US-NAT","US Partner Digital"
"11298_1779897569","2026-05-27 15:59:29","2026-06-03 15:07:02.789","11298","Honestly","Stryper","To Hell With The Devil",249,776363,41190,776359,"102 The Cube",,"states/US-NAT","US Partner Digital"
"8884_1779897538","2026-05-27 15:58:58","2026-06-03 16:09:33.547","8884","Rhapsody in Blue","Michael Tilson Thomas, Los Angeles Philharmonic, Lorin Levee & George Gershwin","Gershwin: Rhapsody in Blue",950,9944650,125105,9944122,"YourClassical Concert Band","OTHER","states/US-NAT","US Partner Digital"
"11378_1779897529","2026-05-27 15:58:49","2026-06-03 15:07:03.290","11378","Waterfalls","TLC","Crazysexycool",279,2540343,89006,2538669,"GROOVY FM",,"states/US-NAT","US Partner Digital"
"8884_1779897526","2026-05-27 15:58:46","2026-06-03 15:04:53.637","8884","Rhapsody in Blue (Version for Piano)","Maurizio Zaccaria","Gershwin: Complete Piano Works",812,-1,-1,-1,"YourClassical Concert Band","OTHER","states/US-NAT","US Partner Digital"
"8890_1779897522","2026-05-27 15:58:42","2026-06-03 15:04:53.721","8890","Unrest I","Brandee Younger","Unrest",310,159290923,30970802,159290922,"YourClassical Black History","OTHER","states/US-NAT","US Partner Digital"
"7226_1779897518","2026-05-27 15:58:38","2026-06-03 15:04:52.176","7226","Can't Run Away from Love","Revolution Saints","Light in the Dark",275,49257855,30731965,49257847,"CPR Classical",,"states/US-NAT","US Partner Digital"
"11299_1779897506","2026-05-27 15:58:26","2026-06-03 15:07:03.070","11299","Child","360","Falling & Flying",292,-1,-1,-1,"LA NUEVA, RADIO",,"states/US-NAT","US Partner Digital"
"7742_1779897506","2026-05-27 15:58:26","2026-06-03 15:05:40.956","7742","Carol of the Bells","Daniel O'Donnell","Christmas with Daniel",120,63269880,129715,63269865,"Christmas by Classical KING","OTHER","states/US-NAT","US Partner Digital"
"7099_1779897477","2026-05-27 15:57:57","2026-06-03 15:05:31.204","7099","You & I","Colony House","Only The Lonely",206,42024557,30401248,42024553,"WAY LOUD","OTHER","states/US-NAT","US Partner Digital"
"11248_1779897470","2026-05-27 15:57:50","2026-06-03 15:07:01.355","11248","Who Am I Without You","Juliander","Introspection",149,231293393,31812429,231293392,"KPOP 24.7 NuWaaV RADIO",,"states/US-NAT","US Partner Digital"
"11382_1779897466","2026-05-27 15:57:46","2026-06-03 15:07:04.009","11382","Takin' Care Of Business","Bachman-Turner Overdrive","Bachman-Turner Overdrive II",289,61413102,39509,61413094,"Weston World One",,"states/US-NAT","US Partner Digital"
"8884_1779897454","2026-05-27 15:57:34","2026-06-03 15:04:53.637","8884","Rhapsody In Blue","George Gershwin","Gershwin Plays Rhapsody In Blue",824,-1,-1,-1,"YourClassical Concert Band","OTHER","states/US-NAT","US Partner Digital"
"6466_1779897425","2026-05-27 15:57:05","2026-06-03 15:05:27.938","6466","Adams: Doctor Atomic - Batter My Heart","Gerald Finley; Edward Gardner: London Philharmonic Orchestra","Gerald Finley - Great Operatic Arias",468,-1,-1,-1,"Operavore",,"states/US-NAT","US Partner Digital"
"8891_1779897413","2026-05-27 15:56:53","2026-06-03 15:04:53.293","8891","Arban / Bellini / Transc. Milone: Variations on Casta Diva (from the Opera ""Norma"") [Transc. Milone for Orchestra]","Lucienne Renaudin Vary","The Voice of the Trumpet",431,49016210,31709396,49016206,"YourClassical Women's History","OTHER","states/US-NAT","US Partner Digital"
"7742_1779897370","2026-05-27 15:56:10","2026-06-03 15:05:40.956","7742","Trad / Arr. Shaw & Parker: ""Hacia Belén va un burrico""","Chanticleer","Chanticleer sings Christmas",142,113843192,59961,113843181,"Christmas by Classical KING","OTHER","states/US-NAT","US Partner Digital"
"9495_1779897318","2026-05-27 15:55:18","2026-06-03 15:06:12.220","9495","Ciudad Mágica","Tan Bionica","Destinologia",210,379491999,645984,379491998,"ADN","SPANISH","states/US-NAT","Spanish"
"7226_1779897302","2026-05-27 15:55:02","2026-06-03 15:04:52.176","7226","Always and Forever","Heatwave","Too Hot to Handle (Expanded Edition)",377,119098869,76930,119098865,"CPR Classical",,"states/US-NAT","US Partner Digital"
"11382_1779897291","2026-05-27 15:54:51","2026-06-03 15:07:04.009","11382","Walk Like an Egyptian","The Bangles","Different Light",204,2539873,104952,2524803,"Weston World One",,"states/US-NAT","US Partner Digital"
"7259_1779897279","2026-05-27 15:54:39","2026-06-03 15:04:50.391","7259","Pavane, Op. 50 (Arr. J. Williams for Guitar & Orchestra)","John Williams, William Goodchild & BBC Concert Orchestra","Classic Williams -- Romance of the Guitar",308,2726379,6833,2722396,"Capital Public Radio",,"states/US-NAT","US Partner Digital"
"8890_1779897248","2026-05-27 15:54:08","2026-06-03 15:04:53.721","8890","Simon: Brea(D)Th - 2. Breath","Carlos Simon, Marc Bamuthi Joseph, Minnesota Chorale, 29:11 International Exchange, Minnesota Orchestra & Jonathan Taylor Rush","Brea(d)th",291,-1,-1,-1,"YourClassical Black History","OTHER","states/US-NAT","US Partner Digital"
"10174_1779897233","2026-05-27 15:53:53","2026-06-03 15:05:03.880","10174","I Thank God","Housefires, JWLKRS Worship & Ryan Ellis feat. Blake Wiggins","How To Start A Housefire",232,213968532,30388390,213968529,"Family Life Now","OTHER","states/US-NAT","US Partner Digital"
"11378_1779897227","2026-05-27 15:53:47","2026-06-03 15:07:03.290","11378","Smokin'","Boston","Boston",261,28227477,35143,28227472,"GROOVY FM",,"states/US-NAT","US Partner Digital"
"11392_1779897226","2026-05-27 15:53:46","2026-06-03 15:07:04.166","11392","Central Park West","John Coltrane","Coltrane's Sound",253,1036952,289,1036950,"Easy Jazz FM",,"states/US-NAT","US Partner Digital"
"9658_1779897215","2026-05-27 15:53:35","2026-06-03 15:06:12.036","9658","Patterns","Ahmad Jamal Trio","The Awakening",378,754426,41331,754422,"Vida Unida, Nationwide","SPANISH","states/US-NAT","US Partner Digital"
"8282_1779897163","2026-05-27 15:52:43","2026-06-03 15:05:50.743","8282","Under the Bridge","Red Hot Chili Peppers","Blood Sugar Sex Magik",263,1022758,6771,1022747,"TUDN Radio","SPANISH","states/US-NAT","US Partner Digital"
"9739_1779897134","2026-05-27 15:52:14","2026-06-03 15:06:12.377","9739","Point of Know Return","Kansas","Point Of Know Return",193,2517191,35144,2515715,"The Rock Vault","ROCKCLASSIC","states/US-NAT","US Partner Digital"
"11299_1779897105","2026-05-27 15:51:45","2026-06-03 15:07:03.070","11299","Menergy (Purple Disco Machine Remix)","Patrick Cowley Feat. Sylvester","Menergy (Purple Disco Machine Remix) [Single]",248,-1,-1,-1,"LA NUEVA, RADIO",,"states/US-NAT","US Partner Digital"
"7226_1779897054","2026-05-27 15:50:54","2026-06-03 15:04:52.176","7226","1. Allegro con brio","Wiener Philharmoniker","Beethoven: Symphonies Nos.5 & 7",441,19322100,62073,19322099,"CPR Classical",,"states/US-NAT","US Partner Digital"
"6296_1779897048","2026-05-27 15:50:48","2026-06-03 15:05:27.081","6296","Wondering Where The Lions Are","Bruce Cockburn","Classic Canadian Pop",226,135720591,134720,135720587,"Radio Heartland","ROCKALTERNATIVE","states/US-NAT","US Partner Digital"
"11378_1779897032","2026-05-27 15:50:32","2026-06-03 15:07:03.290","11378","Jump","J Balvin & Amber Mark Feat. Steve Vai & Travis Barker","Jump (Coca-Cola Anthem For The Fifa World Cup 26™) [Single]",207,-1,-1,-1,"GROOVY FM",,"states/US-NAT","US Partner Digital"
"10174_1779897031","2026-05-27 15:50:31","2026-06-03 15:05:03.880","10174","I'm So Blessed","CAIN","Rise Up",175,128519666,34145265,128519663,"Family Life Now","OTHER","states/US-NAT","US Partner Digital"
"11382_1779897026","2026-05-27 15:50:26","2026-06-03 15:07:04.009","11382","I Want A New Drug","Huey Lewis & the News","Sports",285,21383658,19378,21383654,"Weston World One",,"states/US-NAT","US Partner Digital"
"8886_1779897019","2026-05-27 15:50:19","2026-06-03 15:04:53.004","8886","4. Très modéré - Très mouvementé - Très animé","Emerson String Quartet","Debussy / Ravel: String Quartets",427,19043381,1020,19043377,"YourClassical Chamber Music","OTHER","states/US-NAT","US Partner Digital"
"11462_1779897013","2026-05-27 15:50:13","2026-06-03 15:07:10.403","11462","Young G","Jerry","Young G",156,403077938,97301,403077937,"Carolina smoke radio",,"states/US-NAT","US Partner Digital"
"6155_1779897010","2026-05-27 15:50:10","2026-06-03 15:05:26.133","6155","Raven Flies Low","London Brew feat. Dan See, Benji B, Nubya Garcia, Martin Terefe, Tom Skinner, Tom Herbert, Dave Okumu, Theon Cross, Shabaka Hutchings, Raven Bush, Nikolaj Torp Larsen, Nick Ramm","London Brew",776,210824608,39585270,210824600,"New Sounds",,"states/US-NAT","US Partner Digital"
"8886_1779897010","2026-05-27 15:50:10","2026-06-03 15:04:53.004","8886","Debussy: String Quartet In G Minor, L 91 - 4. Très Modéré","Takács Quartet","Franck: Piano Quintet; Debussy: String Quartet",442,-1,-1,-1,"YourClassical Chamber Music","OTHER","states/US-NAT","US Partner Digital"
"8886_1779897006","2026-05-27 15:50:06","2026-06-03 15:04:53.004","8886","Debussy: String Quartet In G Minor, L 91 - 4. Très Modéré","Takács Quartet","Franck: Piano Quintet; Debussy: String Quartet",442,-1,-1,-1,"YourClassical Chamber Music","OTHER","states/US-NAT","US Partner Digital"
"9772_1779897004","2026-05-27 15:50:04","2026-06-03 15:06:13.450","9772","Dirt Degree","Glue70","Points of Interest",146,210710939,31486283,210710927,"Traklife Radio","ACHOTMODERN","states/US-NAT","US Partner Digital"
"7226_1779897003","2026-05-27 15:50:03","2026-06-03 15:04:52.176","7226","1. (Allegro)","András Schiff Piano","Bach, J.S.: French Suites Nos. 1-6/Italian Concerto etc.",236,19319122,31314539,19319090,"CPR Classical",,"states/US-NAT","US Partner Digital"
"7099_1779896997","2026-05-27 15:49:57","2026-06-03 15:05:31.204","7099","Way","JiROMAN","YOU",186,-1,-1,-1,"WAY LOUD","OTHER","states/US-NAT","US Partner Digital"
"8886_1779896994","2026-05-27 15:49:54","2026-06-03 15:04:53.004","8886","String Quartet in G Minor, Op. 10: IV. Très modéré - Très mouvementé","Quartetto Prometeo","Szymanowski & Debussy: String Quartets",459,-1,-1,-1,"YourClassical Chamber Music","OTHER","states/US-NAT","US Partner Digital"
"7259_1779896993","2026-05-27 15:49:53","2026-06-03 15:04:50.391","7259","Gladiolus Rag","Lara Downes","America Again",223,-1,-1,-1,"Capital Public Radio",,"states/US-NAT","US Partner Digital"
"8890_1779896969","2026-05-27 15:49:29","2026-06-03 15:04:53.721","8890","An Andante In C Major","Christopher Mallett","Justin Holland: Guitar Works & Arrangements",245,-1,-1,-1,"YourClassical Black History","OTHER","states/US-NAT","US Partner Digital"
"8163_1779896941","2026-05-27 15:49:01","2026-06-03 15:05:47.251","8163","Love Is Just A Four Letter Word","Joan Baez","Greatest Hits And Others",266,25069641,36126,25069631,"Folk Alley Holiday","OTHER","states/US-NAT","US Partner Digital"
"11382_1779896875","2026-05-27 15:47:55","2026-06-03 15:07:04.009","11382","We Got The Beat","The Go-Go's","Beauty And The Beat",152,787649,43441,787644,"Weston World One",,"states/US-NAT","US Partner Digital"
"9319_1779896820","2026-05-27 15:47:00","2026-06-03 15:04:54.855","9319","Addictive","Royal Republic","Save The Nation",204,-1,-1,-1,"KBACK Rock Radio","ROCKACTIVE","states/US-NAT","US Partner Digital"
"6297_1779896797","2026-05-27 15:46:37","2026-06-03 15:04:49.401","6297","Georgia Ways","Quavo & Luke Bryan feat. Teddy Swims","Georgia Ways",168,302086568,31826733,302086567,"Local Current","ROCKALTERNATIVE","states/US-NAT","US Partner Digital"
"9658_1779896772","2026-05-27 15:46:12","2026-06-03 15:06:12.036","9658","Tantas Historias","Christine D'Clario","Tantas Historias",240,238575056,251656,238575055,"Vida Unida, Nationwide","SPANISH","states/US-NAT","US Partner Digital"
"4245_1779896764","2026-05-27 15:46:04","2026-06-03 15:03:08.684","4245","Since U Been Gone","Kelly Clarkson","Breakaway",188,2488644,34788,2488042,"NewsTalk 1130 WISN","NEWSTALK","WI","News & Talk"
"7097_1779896738","2026-05-27 15:45:38","2026-06-03 15:04:50.814","7097","Dreamscape","Savant","Invasion",540,199172458,367667,199172440,"EWTN Radio Catolica Mundial","OTHER","states/US-NAT","US Partner Digital"
"7099_1779896727","2026-05-27 15:45:27","2026-06-03 15:05:31.204","7099","Keep Waiting","Stavesacre","Speakeasy",273,462256,27651,462253,"WAY LOUD","OTHER","states/US-NAT","US Partner Digital"
"11299_1779896721","2026-05-27 15:45:21","2026-06-03 15:07:03.070","11299","Der Berg ruft","K2","Der Berg ruft",299,282721549,30042912,282721547,"LA NUEVA, RADIO",,"states/US-NAT","US Partner Digital"
"8891_1779896717","2026-05-27 15:45:17","2026-06-03 15:04:53.293","8891","Bond Of The Beloved","Jennifer Koh","Alone Together",270,-1,-1,-1,"YourClassical Women's History","OTHER","states/US-NAT","US Partner Digital"
"11378_1779896704","2026-05-27 15:45:04","2026-06-03 15:07:03.290","11378","Rainier Fog","Alice in Chains","Rainier Fog",301,374503430,44757,374503428,"GROOVY FM",,"states/US-NAT","US Partner Digital"
"11248_1779896626","2026-05-27 15:43:46","2026-06-03 15:07:01.355","11248","1988","Youandewan","1988",632,305046425,370944,305046424,"KPOP 24.7 NuWaaV RADIO",,"states/US-NAT","US Partner Digital"
"11382_1779896610","2026-05-27 15:43:30","2026-06-03 15:07:04.009","11382","Maneater","Daryl Hall & John Oates","H2O",272,65468285,645736,65468284,"Weston World One",,"states/US-NAT","US Partner Digital"
"6155_1779896608","2026-05-27 15:43:28","2026-06-03 15:05:26.133","6155","Johnny I Hardly Knew Ya","Dropkick Murphys","The Meanest of Times",234,376276210,81030,376276196,"New Sounds",,"states/US-NAT","US Partner Digital"
"9319_1779896576","2026-05-27 15:42:56","2026-06-03 15:04:54.855","9319","Scared","Dangerous Toys","Dangerous Toys",243,2724650,2252,2724223,"KBACK Rock Radio","ROCKACTIVE","states/US-NAT","US Partner Digital"
"8886_1779896574","2026-05-27 15:42:54","2026-06-03 15:04:53.004","8886","3. Andantino doucement expressif","Emerson String Quartet","Debussy / Ravel: String Quartets",461,19043380,1020,19043377,"YourClassical Chamber Music","OTHER","states/US-NAT","US Partner Digital"
"11462_1779896570","2026-05-27 15:42:50","2026-06-03 15:07:10.403","11462","To Be Loved","Tribbs, Neptunica, Beks","To Be Loved",132,255418205,34161840,255418204,"Carolina smoke radio",,"states/US-NAT","US Partner Digital"
"8886_1779896562","2026-05-27 15:42:42","2026-06-03 15:04:53.004","8886","Debussy: String Quartet In G Minor, L 91 - 3. Andantino, Doucement Expressif","Takács Quartet","Franck: Piano Quintet; Debussy: String Quartet",445,-1,-1,-1,"YourClassical Chamber Music","OTHER","states/US-NAT","US Partner Digital"
"8886_1779896553","2026-05-27 15:42:33","2026-06-03 15:04:53.004","8886","String Quartet in G Minor, Op. 10: III. Andantino, doucement expressif","Quartetto Prometeo","Szymanowski & Debussy: String Quartets",451,-1,-1,-1,"YourClassical Chamber Music","OTHER","states/US-NAT","US Partner Digital"
"8890_1779896523","2026-05-27 15:42:03","2026-06-03 15:04:53.721","8890","Peace Of Mind","Lara Downes","New Day Begun",225,292573031,277293,292573018,"YourClassical Black History","OTHER","states/US-NAT","US Partner Digital"
"11378_1779896489","2026-05-27 15:41:29","2026-06-03 15:07:03.290","11378","Black Suits Comin' (Nod Ya Head)","Will Smith introducing TRÂ-KNOX;TRÂ-Knox","Born To Reign",260,2588285,36637,2588224,"GROOVY FM",,"states/US-NAT","US Partner Digital"
"7099_1779896487","2026-05-27 15:41:27","2026-06-03 15:05:31.204","7099","Boomin'","tobyMac","Portable Sounds",242,494162,386996,494159,"WAY LOUD","OTHER","states/US-NAT","US Partner Digital"
"8282_1779896467","2026-05-27 15:41:07","2026-06-03 15:05:50.743","8282","Comptine d'un autre été, l'après-midi","Yann Tiersen","Amelie from Montmartre",140,451364,27937,451360,"TUDN Radio","SPANISH","states/US-NAT","US Partner Digital"
"11392_1779896403","2026-05-27 15:40:03","2026-06-03 15:07:04.166","11392","Chez Le Photographe Du Motel","Miles Davis","Kind Of Blue",249,-1,-1,-1,"Easy Jazz FM",,"states/US-NAT","US Partner Digital"
"8892_1779896379","2026-05-27 15:39:39","2026-06-03 15:05:57.777","8892","Sibelius: Symphony No. 5 in E-flat major, Op. 82 - III. Allegro molto - Largamente assai","Yannick Nézet-Séguin: Orchestre Métropolitain","Sibelius 2 & 5",532,-1,-1,-1,"YourClassical Radio","OTHER","states/US-NAT","Classical"
"7342_1779896361","2026-05-27 15:39:21","2026-06-03 15:05:33.077","7342","3. Allegro molto","San Francisco Symphony","Sibelius: The Symphonies",547,19147374,252491,19147348,"WABE 90.1 HD2 Classical",,"states/US-NAT","US Partner Digital"
"6155_1779896342","2026-05-27 15:39:02","2026-06-03 15:05:26.133","6155","Send In The Clowns [Live]","Mirusia","Live In Concert",237,-1,-1,-1,"New Sounds",,"states/US-NAT","US Partner Digital"
"8886_1779896336","2026-05-27 15:38:56","2026-06-03 15:04:53.004","8886","Debussy: String Quartet In G Minor, L 91 - 2. Assez Vif & Bien Rythmé","Takács Quartet","Franck: Piano Quintet; Debussy: String Quartet",242,-1,-1,-1,"YourClassical Chamber Music","OTHER","states/US-NAT","US Partner Digital"
"8886_1779896333","2026-05-27 15:38:53","2026-06-03 15:04:53.004","8886","2. Scherzo (Assez vif et bien rythmé)","Emerson String Quartet","Debussy / Ravel: String Quartets",225,19043379,1020,19043377,"YourClassical Chamber Music","OTHER","states/US-NAT","US Partner Digital"
"8163_1779896331","2026-05-27 15:38:51","2026-06-03 15:05:47.251","8163","HEART TO STAY [Demo]","Noah James","HEART TO STAY [Demo] [Single]",293,-1,-1,-1,"Folk Alley Holiday","OTHER","states/US-NAT","US Partner Digital"
"8886_1779896326","2026-05-27 15:38:46","2026-06-03 15:04:53.004","8886","Debussy: String Quartet in G Minor, Op. 10, CD 91, L. 85: II. Assez vif et bien rythmé","Quatuor Ébène","Debussy, Fauré & Ravel: String Quartets",241,51708020,56241,51708018,"YourClassical Chamber Music","OTHER","states/US-NAT","US Partner Digital"
"8757_1779896321","2026-05-27 15:38:41","2026-06-03 15:06:16.520","8757","Heroes","Blaze N Vill","The Lego Ninjago Movie (Original Motion Picture Soundtrack)",205,70460680,31808018,70460679,"LEGOLAND Radio","OTHER","states/US-NAT","Kids & Family"
"7097_1779896314","2026-05-27 15:38:34","2026-06-03 15:04:50.814","7097","나아갑니다","블레싱","Faith, Hope, Charity",306,-1,-1,-1,"EWTN Radio Catolica Mundial","OTHER","states/US-NAT","US Partner Digital"
"6466_1779896287","2026-05-27 15:38:07","2026-06-03 15:05:27.938","6466","Verdi: La traviata, Act 1: ""Sempre libera"" (Violetta, Alfredo)","María Callas","Verdi: La traviata (1953 - Santini) - Callas Remastered",242,28789861,167440,28789850,"Operavore",,"states/US-NAT","US Partner Digital"
"6297_1779896238","2026-05-27 15:37:18","2026-06-03 15:04:49.401","6297","We Are Here","Alicia Keys","We Are Here",284,28403686,56563,28403685,"Local Current","ROCKALTERNATIVE","states/US-NAT","US Partner Digital"
"10174_1779896196","2026-05-27 15:36:36","2026-06-03 15:05:03.880","10174","Same God","Elevation Worship","Same God",263,169477521,303847,169477520,"Family Life Now","OTHER","states/US-NAT","US Partner Digital"
"7097_1779896187","2026-05-27 15:36:27","2026-06-03 15:04:50.814","7097","Fall Departs","Jazz Funk Soul","More Serious Business",323,132133952,30415615,132133948,"EWTN Radio Catolica Mundial","OTHER","states/US-NAT","US Partner Digital"
"11378_1779896186","2026-05-27 15:36:26","2026-06-03 15:07:03.290","11378","Earned It (Fifty Shades Of Grey)","The Weeknd","Beauty Behind The Madness",277,34904930,744880,34904921,"GROOVY FM",,"states/US-NAT","US Partner Digital"
"8757_1779896169","2026-05-27 15:36:09","2026-06-03 15:06:16.520","8757","Everything Is AWESOME!!! (feat. The Lonely Island)","Tegan and Sara","The Lego® Movie (Original Motion Picture Soundtrack)",163,70463609,742157,70463608,"LEGOLAND Radio","OTHER","states/US-NAT","Kids & Family"
"9658_1779896162","2026-05-27 15:36:02","2026-06-03 15:06:12.036","9658","Pa' Que Viva Feliz","Alex Zurdo","Pa' Que Viva Feliz",188,215039402,327033,215039401,"Vida Unida, Nationwide","SPANISH","states/US-NAT","US Partner Digital"
"8163_1779896142","2026-05-27 15:35:42","2026-06-03 15:05:47.251","8163","Nothing To It","The New Basement Tapes","Lost On The River",211,29179824,30611983,29179818,"Folk Alley Holiday","OTHER","states/US-NAT","US Partner Digital"
"11382_1779896141","2026-05-27 15:35:41","2026-06-03 15:07:04.009","11382","Human","The Human League","Crash",305,556916,27729,556913,"Weston World One",,"states/US-NAT","US Partner Digital"
"9495_1779896097","2026-05-27 15:34:57","2026-06-03 15:06:12.220","9495","Sentimento Original","Gondwana","Together",294,45395484,43793,45395481,"ADN","SPANISH","states/US-NAT","Spanish"
"11392_1779896053","2026-05-27 15:34:13","2026-06-03 15:07:04.166","11392","In Praise Of Dreams","Jan Garbarek","In Praise Of Dreams",324,775149,40551,775138,"Easy Jazz FM",,"states/US-NAT","US Partner Digital"
"9493_1779895984","2026-05-27 15:33:04","2026-06-03 15:06:10.933","9493","Espresso Macchiato","Tommy Cash","Espresso Macchiato",173,379518892,13926,379518891,"Cadena SER","SPANISH","states/US-NAT","Spanish"
"10174_1779895959","2026-05-27 15:32:39","2026-06-03 15:05:03.880","10174","Homesick For Heaven","Phil Wickham","Homesick For Heaven",249,329122143,89487,329122142,"Family Life Now","OTHER","states/US-NAT","US Partner Digital"
"8890_1779895955","2026-05-27 15:32:35","2026-06-03 15:04:53.721","8890","The Palace","Father John Misty","God's Favorite Customer",248,114202473,723542,114202467,"YourClassical Black History","OTHER","states/US-NAT","US Partner Digital"
"11378_1779895953","2026-05-27 15:32:33","2026-06-03 15:07:03.290","11378","Don't Dream It's Over","Crowded House","Crowded House",236,42739247,4256,42739243,"GROOVY FM",,"states/US-NAT","US Partner Digital"
"8886_1779895942","2026-05-27 15:32:22","2026-06-03 15:04:53.004","8886","Debussy: String Quartet in G Minor, Op. 10, CD 91, L. 85: I. Animé et très décidé","Quatuor Ébène","Debussy, Fauré & Ravel: String Quartets",385,51708019,56241,51708018,"YourClassical Chamber Music","OTHER","states/US-NAT","US Partner Digital"
"8886_1779895938","2026-05-27 15:32:18","2026-06-03 15:04:53.004","8886","1. Animé et très décidé","Emerson String Quartet","Debussy / Ravel: String Quartets",382,19043378,1020,19043377,"YourClassical Chamber Music","OTHER","states/US-NAT","US Partner Digital"
"8886_1779895928","2026-05-27 15:32:08","2026-06-03 15:04:53.004","8886","String Quartet in G Minor, Op. 10: I. Animé et très décidé","Quartetto Prometeo","Szymanowski & Debussy: String Quartets",413,-1,-1,-1,"YourClassical Chamber Music","OTHER","states/US-NAT","US Partner Digital"
"7259_1779895908","2026-05-27 15:31:48","2026-06-03 15:04:50.391","7259","Rachmaninoff: Piano Concerto No. 2 in C Minor, Op. 18: III. Allegro scherzando","Sviatoslav Richter, Warsaw National Philharmonic Orchestra, & Stanislaw Wislocki","Rachmaninov: Piano Concerto No.2 / Tchaikovsky: Piano Concerto No.1",702,19309730,33846,19309727,"Capital Public Radio",,"states/US-NAT","US Partner Digital"
"7259_1779895898","2026-05-27 15:31:38","2026-06-03 15:04:50.391","7259","Piano Concerto No. 2 In C Minor, Op. 18: III. Allegro Scherzando","New York Philharmonic Orchestra|Sergei Rachmaninoff|Leonard Bernstein|Philippe Entremont","Rachmaninoff: Piano Concertos Nos. 2 & 3",712,-1,-1,-1,"Capital Public Radio",,"states/US-NAT","US Partner Digital"
"8282_1779895897","2026-05-27 15:31:37","2026-06-03 15:05:50.743","8282","Californication","Red Hot Chili Peppers","Californication",321,1051676,6771,1051670,"TUDN Radio","SPANISH","states/US-NAT","US Partner Digital"
"8892_1779895888","2026-05-27 15:31:28","2026-06-03 15:05:57.777","8892","Symphony No. 5 in E Flat, Op.82 (1998 - Remaster): II. Andante mosso, quasi allegretto","Herbert von Karajan","Sibelius: Symphonies 2 & 5",503,5333658,56185,5333651,"YourClassical Radio","OTHER","states/US-NAT","Classical"
"7342_1779895874","2026-05-27 15:31:14","2026-06-03 15:05:33.077","7342","Symphony No. 5 in E Flat, Op.82 (1998 - Remaster): II. Andante mosso, quasi allegretto","Herbert von Karajan","Sibelius: Symphonies 2 & 5",503,5333658,56185,5333651,"WABE 90.1 HD2 Classical",,"states/US-NAT","US Partner Digital"
"11382_1779895848","2026-05-27 15:30:48","2026-06-03 15:07:04.009","11382","Eyes Without A Face","Billy Idol","Rebel Yell",299,46715203,28839,46715200,"Weston World One",,"states/US-NAT","US Partner Digital"
"9319_1779895838","2026-05-27 15:30:38","2026-06-03 15:04:54.855","9319","Click Click Boom","Saliva","Back Into Your System",251,60385832,17816,60385819,"KBACK Rock Radio","ROCKACTIVE","states/US-NAT","US Partner Digital"
"8892_1779895832","2026-05-27 15:30:32","2026-06-03 15:05:57.777","8892","Sibelius: Symphony #5 In E-Flat, Op. 82 - 2. Andante Mosso, Quasi Allegretto","Klaus Mäkelä: Oslo Philharmonic Orchestra","Sibelius",582,-1,-1,-1,"YourClassical Radio","OTHER","states/US-NAT","Classical"
"9493_1779895830","2026-05-27 15:30:30","2026-06-03 15:06:10.933","9493","Victoria Parade, Pt. 1 & 2","Miklós Rózsa","Ben Hur (Original Motion Picture Soundtrack)",169,70463328,268328,70463285,"Cadena SER","SPANISH","states/US-NAT","Spanish"
"8163_1779895828","2026-05-27 15:30:28","2026-06-03 15:05:47.251","8163","If You're Meant To Come Back","Justin Jesso","Finding The Opposite Of Loneliness",178,182098631,32260155,182098628,"Folk Alley Holiday","OTHER","states/US-NAT","US Partner Digital"
"7342_1779895820","2026-05-27 15:30:20","2026-06-03 15:05:33.077","7342","Sibelius: Symphony #5 In E-Flat, Op. 82 - 2. Andante Mosso, Quasi Allegretto","Klaus Mäkelä: Oslo Philharmonic Orchestra","Sibelius",582,-1,-1,-1,"WABE 90.1 HD2 Classical",,"states/US-NAT","US Partner Digital"
"8891_1779895816","2026-05-27 15:30:16","2026-06-03 15:04:53.293","8891","Entr'acte","Attacca Quartet","Caroline Shaw: Orange",659,72249250,31296300,72249249,"YourClassical Women's History","OTHER","states/US-NAT","US Partner Digital"
"6155_1779895806","2026-05-27 15:30:06","2026-06-03 15:05:26.133","6155","All We'll Never Know","JhonnierAndrey","This One's 4U",280,-1,-1,-1,"New Sounds",,"states/US-NAT","US Partner Digital"
"4245_1779895797","2026-05-27 15:29:57","2026-06-03 15:03:08.684","4245","Mama, I'm Coming Home","Ozzy Osbourne","No More Tears (Expanded Edition)",251,8735759,71921,8735683,"NewsTalk 1130 WISN","NEWSTALK","WI","News & Talk"
"11392_1779895793","2026-05-27 15:29:53","2026-06-03 15:07:04.166","11392","When You're Smiling And Astride Me","Josh Cohen","Selections For Solo Piano",282,-1,-1,-1,"Easy Jazz FM",,"states/US-NAT","US Partner Digital"
"8886_1779895698","2026-05-27 15:28:18","2026-06-03 15:04:53.004","8886","Sonata No. 17 in D Minor, Op. 31, No. 2 ""The Tempest"": II. Adagio","Glenn Gould","Beethoven: Piano Sonatas",528,-1,-1,-1,"YourClassical Chamber Music","OTHER","states/US-NAT","US Partner Digital"
"10174_1779895677","2026-05-27 15:27:57","2026-06-03 15:05:03.880","10174","Ano Que Vem","Marco Antonio & Gabriel","Ao Vivo Em Campo Grande",183,164079468,31557915,164079462,"Family Life Now","OTHER","states/US-NAT","US Partner Digital"
"8757_1779895653","2026-05-27 15:27:33","2026-06-03 15:06:16.520","8757","Dance of Doom","Louis Cole and Genevieve Artadi","The Lego Ninjago Movie (Original Motion Picture Soundtrack)",203,70460684,443724,70460679,"LEGOLAND Radio","OTHER","states/US-NAT","Kids & Family"
"6297_1779895632","2026-05-27 15:27:12","2026-06-03 15:04:49.401","6297","What Part Of Me","Low","Ones And Sixes",188,-1,-1,-1,"Local Current","ROCKALTERNATIVE","states/US-NAT","US Partner Digital"
"7232_1779895598","2026-05-27 15:26:38","2026-05-31 10:58:15.608","7232","Earth to God","John Rich","Earth to God",178,111566501,58367,111566500,"620 AM Radio Luz","SPANISH","TX","Spanish"
"8163_1779895593","2026-05-27 15:26:33","2026-06-03 15:05:47.251","8163","Talkin' World War III Blues","Bob Dylan","The Bootleg Volume 6: Bob Dylan Live 1964 - Concert At Philharmonic Hall",351,2605285,971,2605269,"Folk Alley Holiday","OTHER","states/US-NAT","US Partner Digital"
"7342_1779895586","2026-05-27 15:26:26","2026-06-03 15:05:33.077","7342","2. Allegro moderato - Presto","Berliner Philharmoniker","Sibelius: Symphonies Nos.4-7; The Swan of Tuonela; Tapiola",280,19290810,30088519,19290797,"WABE 90.1 HD2 Classical",,"states/US-NAT","US Partner Digital"
"7342_1779895580","2026-05-27 15:26:20","2026-06-03 15:05:33.077","7342","2. Allegro moderato - Presto","Berliner Philharmoniker","Sibelius: Symphonies Nos.4-7; The Swan of Tuonela; Tapiola",280,19290810,30088519,19290797,"WABE 90.1 HD2 Classical",,"states/US-NAT","US Partner Digital"
"11378_1779895568","2026-05-27 15:26:08","2026-06-03 15:07:03.290","11378","Say So","Doja Cat","Hot Pink",237,83359900,30317449,83359895,"GROOVY FM",,"states/US-NAT","US Partner Digital"
"8886_1779895564","2026-05-27 15:26:04","2026-06-03 15:04:53.004","8886","Schumann: Fantasiestücke, Op. 88: No. 4, Finale (Live)","Renaud Capuçon & Gautier Capuçon & Martha Argerich","Martha Argerich and Friends Live from the Lugano Festival 2009",338,5901124,30418089,5901114,"YourClassical Chamber Music","OTHER","states/US-NAT","US Partner Digital"
"11382_1779895546","2026-05-27 15:25:46","2026-06-03 15:07:04.009","11382","Adult Education","Daryl Hall & John Oates","Rock 'N Soul, Part 1",59,2560418,645736,2560122,"Weston World One",,"states/US-NAT","US Partner Digital"
"8757_1779895514","2026-05-27 15:25:14","2026-06-03 15:06:16.520","8757","Prologue","Mark Mothersbaugh","The Lego® Movie (Original Motion Picture Soundtrack)",147,70463610,32270,70463608,"LEGOLAND Radio","OTHER","states/US-NAT","Kids & Family"
"10174_1779895503","2026-05-27 15:25:03","2026-06-03 15:05:03.880","10174","Rise","Danny Gokey","Rise",219,375071641,143568,375071638,"Family Life Now","OTHER","states/US-NAT","US Partner Digital"
"7226_1779895468","2026-05-27 15:24:28","2026-06-03 15:04:52.176","7226","Verdi: Nabucco - Act 3: Va, Pensiero","Camille Thomas; Stéphane Denève: BRT Philharmonic Orchestra Brussels","Voice Of Hope (Extended Edition)",188,-1,-1,-1,"CPR Classical",,"states/US-NAT","US Partner Digital"
"9197_1779895372","2026-05-27 15:22:52","2026-05-30 20:35:21.772","9197","Our God","Chris Tomlin","And If Our God Is For Us...",284,10328688,28429,10328687,"1640 KDIA","OTHER","CA","Christian & Gospel"
"8163_1779895368","2026-05-27 15:22:48","2026-06-03 15:05:47.251","8163","Ring Them Bells","Sarah Jarosz","Follow Me Down",209,13353279,36473,13353275,"Folk Alley Holiday","OTHER","states/US-NAT","US Partner Digital"
"11382_1779895347","2026-05-27 15:22:27","2026-06-03 15:07:04.009","11382","Hungry Like the Wolf","Duran Duran","Rio",220,474672,2152,474668,"Weston World One",,"states/US-NAT","US Partner Digital"
"11392_1779895326","2026-05-27 15:22:06","2026-06-03 15:07:04.166","11392","East of the Sun (And West of the Moon)","Christian McBride Trio","Out Here",460,388346405,30959470,388346399,"Easy Jazz FM",,"states/US-NAT","US Partner Digital"
"7342_1779895244","2026-05-27 15:20:44","2026-06-03 15:05:33.077","7342","Mozart: Piano Concerto No. 25 in C Major, K. 503: I. Allegro maestoso (Live)","Martha Argerich","Martha Argerich and Friends Live from the Lugano Festival 2012",861,21346136,30340295,21346108,"WABE 90.1 HD2 Classical",,"states/US-NAT","US Partner Digital"
"10174_1779895236","2026-05-27 15:20:36","2026-06-03 15:05:03.880","10174","You´ve Already Won (Live)","Shane & Shane","Psalms, Hymns, And Spiritual Songs (Live)",376,-1,-1,-1,"Family Life Now","OTHER","states/US-NAT","US Partner Digital"
"6155_1779895231","2026-05-27 15:20:31","2026-06-03 15:05:26.133","6155","Etude No. 2","Vanessa Wagner","Etude No. 1 → No. 8",418,342101096,30297677,342101094,"New Sounds",,"states/US-NAT","US Partner Digital"
"9739_1779895204","2026-05-27 15:20:04","2026-06-03 15:06:12.377","9739","Breakthrough","The Winery Dogs","III",298,-1,-1,-1,"The Rock Vault","ROCKCLASSIC","states/US-NAT","US Partner Digital"
"9319_1779895156","2026-05-27 15:19:16","2026-06-03 15:04:54.855","9319","Heavy Is the Head","Zac Brown Band & Chris Cornell","JEKYLL + HYDE",239,131528156,58716,131528150,"KBACK Rock Radio","ROCKACTIVE","states/US-NAT","US Partner Digital"
"9257_1779895064","2026-05-27 15:17:44","2026-06-03 15:04:54.380","9257","Beethoven: Piano Sonata No. 23 in F minor, Op. 57 -""Appassionata"" - 2. Andante con moto","Yundi","Beethoven - Pathétique, Moonlight, Appassionata",381,20818822,284989,20818814,"Real Southern Gospel Radio","OTHER","states/US-NAT","US Partner Digital"
"8163_1779895049","2026-05-27 15:17:29","2026-06-03 15:05:47.251","8163","Tears Of Rage","The Band","Music From Big Pink",323,58302670,28480,58302669,"Folk Alley Holiday","OTHER","states/US-NAT","US Partner Digital"
"11392_1779895043","2026-05-27 15:17:23","2026-06-03 15:07:04.166","11392","Yesterdays","Vince Guaraldi Trio","A Flower Is A Lovesome Thing",240,128961253,37943,128961250,"Easy Jazz FM",,"states/US-NAT","US Partner Digital"
"8757_1779895031","2026-05-27 15:17:11","2026-06-03 15:06:16.520","8757","Ice Fight","Max Aruj","The Ice Road (Original Motion Picture Soundtrack)",162,135362282,31120275,135362261,"LEGOLAND Radio","OTHER","states/US-NAT","Kids & Family"
"9772_1779895022","2026-05-27 15:17:02","2026-06-03 15:06:13.450","9772","Always Love You","Tyrone Wells","Roll With It",217,193187314,41526,193187303,"Traklife Radio","ACHOTMODERN","states/US-NAT","US Partner Digital"
"7099_1779894950","2026-05-27 15:15:50","2026-06-03 15:05:31.204","7099","My Blood","Twenty One Pilots","Trench",228,62814733,527361,62814729,"WAY LOUD","OTHER","states/US-NAT","US Partner Digital"
"11382_1779894931","2026-05-27 15:15:31","2026-06-03 15:07:04.009","11382","Fame","Irene Cara","Fame (Original Motion Picture Soundtrack)",314,70458496,328,70458495,"Weston World One",,"states/US-NAT","US Partner Digital"
"9493_1779894914","2026-05-27 15:15:14","2026-06-03 15:06:10.933","9493","Lady (Hear Me Tonight)","Modjo","Modjo",305,-1,-1,-1,"Cadena SER","SPANISH","states/US-NAT","Spanish"
"8884_1779894842","2026-05-27 15:14:02","2026-06-03 15:04:53.637","8884","Work It Out (feat. Melanie Fiona)","Jah Cure","Royal Soldier",262,78979915,23359,78979907,"YourClassical Concert Band","OTHER","states/US-NAT","US Partner Digital"
"7226_1779894824","2026-05-27 15:13:44","2026-06-03 15:04:52.176","7226","Mozart: Violin Sonata #26 In B Flat, K 378 - 2. Andante Sostenuto E Cantabile","Augustin Dumay, Maria João Pires","Mozart: Violin Sonatas K 301, 304, 378 & 379",341,-1,-1,-1,"CPR Classical",,"states/US-NAT","US Partner Digital"
"11392_1779894747","2026-05-27 15:12:27","2026-06-03 15:07:04.166","11392","The Fine Art of Happiness","Ultan Conlon","Last Days of the Night Owl",183,89385462,527319,89385450,"Easy Jazz FM",,"states/US-NAT","US Partner Digital"
"11382_1779894704","2026-05-27 15:11:44","2026-06-03 15:07:04.009","11382","Sunglasses At Night","Corey Hart","First Offense",317,39820206,37128,39820205,"Weston World One",,"states/US-NAT","US Partner Digital"
"10174_1779894702","2026-05-27 15:11:42","2026-06-03 15:05:03.880","10174","Dear Younger Me","MercyMe","Welcome to the New",206,120985773,90180,120985763,"Family Life Now","OTHER","states/US-NAT","US Partner Digital"
"8892_1779894635","2026-05-27 15:10:35","2026-06-03 15:05:57.777","8892","Monsters, Inc.","Disney Orgel","Disney Orgel/Oyasumi BGM",315,162469300,37720538,162469284,"YourClassical Radio","OTHER","states/US-NAT","Classical"
"11265_1779894588","2026-05-27 15:09:48","2026-06-03 15:07:01.431","11265","My Heart Will Go On (From ""Titanic"")","Harp Twins","Harp Fantasy 2",268,191748942,39271961,191748933,"AF Radio",,"states/US-NAT","US Partner Digital"
"6297_1779894585","2026-05-27 15:09:45","2026-06-03 15:04:49.401","6297","A Little Love","Biffy Clyro","Futique",217,350444483,89701,350444482,"Local Current","ROCKALTERNATIVE","states/US-NAT","US Partner Digital"
"9493_1779894559","2026-05-27 15:09:19","2026-06-03 15:06:10.933","9493","Pachelbel: Canon and Gigue for Three Violins and Continuo in D Major: Canon","Jean-François Paillard","Pachelbel: Canon - Albinoni: Adagio - Bach, Bonporti, Molter: Works",376,119028343,917525,119028342,"Cadena SER","SPANISH","states/US-NAT","Spanish"
"8891_1779894547","2026-05-27 15:09:07","2026-06-03 15:04:53.293","8891","Happy Woman","Meredith Monk, Katie Geissinger, Ellen Fisher, Joanna Lynn-Jacobs, Allison Sniffin & John Hollenbeck","Cellular Songs",301,365239386,184501,365239380,"YourClassical Women's History","OTHER","states/US-NAT","US Partner Digital"
"11382_1779894502","2026-05-27 15:08:22","2026-06-03 15:07:04.009","11382","I Just Want To Be Your Everything","Andy Gibb","Flowing Rivers",227,49044761,120615,49044760,"Weston World One",,"states/US-NAT","US Partner Digital"
"10174_1779894488","2026-05-27 15:08:08","2026-06-03 15:05:03.880","10174","Worthy Of It All (Worthy)","CeCe Winans","More Than This (Deluxe Edition)",223,393401827,28638,393401812,"Family Life Now","OTHER","states/US-NAT","US Partner Digital"
"11265_1779894426","2026-05-27 15:07:06","2026-06-03 15:07:01.431","11265","Chopin: Piano Sonata No. 3 in B Minor, Op. 58: III. Largo","Martha Argerich","Chopin: The Legendary 1965 Recording",519,5402728,30340295,5402725,"AF Radio",,"states/US-NAT","US Partner Digital"
"8884_1779894416","2026-05-27 15:06:56","2026-06-03 15:04:53.637","8884","Forgotten Memories","Gustavo Santaolalla","The Last of Us",67,21702634,493,21702011,"YourClassical Concert Band","OTHER","states/US-NAT","US Partner Digital"
"11392_1779894407","2026-05-27 15:06:47","2026-06-03 15:07:04.166","11392","Serenade In Blue","Stan Getz","Stan Getz And The Cool Sounds",244,591569,4795,591561,"Easy Jazz FM",,"states/US-NAT","US Partner Digital"
"11392_1779894397","2026-05-27 15:06:37","2026-06-03 15:07:04.166","11392","一个人想着一个人","一口甜","一个人想着一个人",223,-1,-1,-1,"Easy Jazz FM",,"states/US-NAT","US Partner Digital"
"10176_1779894387","2026-05-27 15:06:27","2026-06-03 15:05:03.894","10176","Anymore","Seo In Young","Forever Young",230,-1,-1,-1,"Rewind from Family Life","OTHER","states/US-NAT","US Partner Digital"
"8163_1779894345","2026-05-27 15:05:45","2026-06-03 15:05:47.251","8163","A La Nanita Nana (arr. guitar)","Music Lab Collective","The Nutcracker And Other Instrumental Christmas Music",191,-1,-1,-1,"Folk Alley Holiday","OTHER","states/US-NAT","US Partner Digital"
"11392_1779894337","2026-05-27 15:05:37","2026-06-03 14:02:23.319","11392","曾經有你的城市","羅中旭","時間沙漏",285,208691539,35016875,208691536,"Easy Jazz FM",,"states/US-NAT","US Partner Digital"
"10179_1779894256","2026-05-27 15:04:16","2026-06-03 15:05:04.277","10179","Summer Jam 2003","The Underdog Project","Summer Jam 2003",307,96375433,1637,96375431,"Gospel Road from Family Life","OTHER","states/US-NAT","US Partner Digital"
"11382_1779894255","2026-05-27 15:04:15","2026-06-03 14:02:17.025","11382","The Tide Is High","Blondie","Autoamerican",279,381113,28655,381109,"Weston World One",,"states/US-NAT","US Partner Digital"
"11299_1779894223","2026-05-27 15:03:43","2026-06-03 15:07:03.070","11299","凱旋","功夫胖 & Fijidaytona500","SOUL TONE",233,-1,-1,-1,"LA NUEVA, RADIO",,"states/US-NAT","US Partner Digital"
"11462_1779894200","2026-05-27 15:03:20","2026-06-03 14:02:19.881","11462","Shit I Like (feat. TM88)","Waka Flocka Flame","Lebron Flocka James 2K26",184,381197299,115112,381197298,"Carolina smoke radio",,"states/US-NAT","US Partner Digital"
"10179_1779894139","2026-05-27 15:02:19","2026-06-03 15:05:04.277","10179","Untitled Goose Radio","Dan Golding","Untitled Goose Game (Original Soundtrack)",385,364698639,34551023,364698625,"Gospel Road from Family Life","OTHER","states/US-NAT","US Partner Digital"
"11265_1779894130","2026-05-27 15:02:10","2026-06-03 14:02:14.775","11265","Love & Hate","Dan Sultan","Aviary Takes",312,181809149,31292066,181809148,"AF Radio",,"states/US-NAT","US Partner Digital"
"11265_1779894086","2026-05-27 15:01:26","2026-06-03 14:02:14.775","11265","Ave Verum Corpus K.618","Classical Music For Brain Power","Classical Music for Brain Power - Bach, Mozart, Van Beethoven, Chopin, Pachelbel, Scarlatti, Debussy [Classical Study Music for Stimulation Concentration Studying and Focus]",149,-1,-1,-1,"AF Radio",,"states/US-NAT","US Partner Digital"
"6297_1779894070","2026-05-27 15:01:10","2026-06-03 13:59:28.290","6297","Destroyer","Dead Man Winter & Dave Simonett","Furnace",184,43575114,43830101,43575112,"Local Current","ROCKALTERNATIVE","states/US-NAT","US Partner Digital"
"11265_1779894049","2026-05-27 15:00:49","2026-06-03 14:02:14.775","11265","Back Home","ATB","neXt",198,90752190,241896,90752171,"AF Radio",,"states/US-NAT","US Partner Digital"
"11265_1779894032","2026-05-27 15:00:32","2026-06-03 14:02:14.775","11265","Hajimari no Uta","Otome Shinto","Otome Shinto Dai 1maku -Hajimari no Uta-",344,391674022,50267468,391674011,"AF Radio",,"states/US-NAT","US Partner Digital"
"11382_1779894029","2026-05-27 15:00:29","2026-06-03 14:02:17.025","11382","Lady (You Bring Me Up)","Commodores","In The Pocket",292,563110,39106,563105,"Weston World One",,"states/US-NAT","US Partner Digital"
"8892_1779894020","2026-05-27 15:00:20","2026-06-03 14:01:18.794","8892","Ghost Rags: No. 1, The Graceful Ghost Rag","Spencer Myer","William Bolcom: Piano Rags",274,-1,-1,-1,"YourClassical Radio","OTHER","states/US-NAT","Classical"
"8163_1779893939","2026-05-27 14:58:59","2026-06-03 14:01:08.987","8163","Heroes","Scala & Kolacny Brothers","Solstice",199,40575336,38621,40575329,"Folk Alley Holiday","OTHER","states/US-NAT","US Partner Digital"
"11265_1779893922","2026-05-27 14:58:42","2026-06-03 14:02:14.775","11265","Here, There and Everywhere","Pat Metheny","MoonDial",263,372055919,13318,372055915,"AF Radio",,"states/US-NAT","US Partner Digital"
"7099_1779893835","2026-05-27 14:57:15","2026-06-03 14:00:12.119","7099","Keep Your Head Up","Fireflight","Keep Your Head Up",215,141877431,90191,141877430,"WAY LOUD","OTHER","states/US-NAT","US Partner Digital"
"8163_1779893761","2026-05-27 14:56:01","2026-06-03 14:01:08.987","8163","Piano Sonata No. 2 in B Minor, Op. 35: III. Funeral March (Lento)","Henrik Måwe","The 50 Greatest Pieces of Classical Piano",504,375460677,32596591,375460655,"Folk Alley Holiday","OTHER","states/US-NAT","US Partner Digital"
"8163_1779893698","2026-05-27 14:54:58","2026-06-03 14:01:08.987","8163","依然","王藝霖","依然",233,-1,-1,-1,"Folk Alley Holiday","OTHER","states/US-NAT","US Partner Digital"
"8891_1779893657","2026-05-27 14:54:17","2026-06-03 13:59:32.617","8891","All Things Majestic, All Things Majestic: IV. Cathedrals (Live)","James Button","Higdon: All Things Majestic, Viola Concerto & Oboe Concerto (Live)",564,48319059,30765900,48319051,"YourClassical Women's History","OTHER","states/US-NAT","US Partner Digital"
"9493_1779893644","2026-05-27 14:54:04","2026-06-03 14:01:27.107","9493","Bonfiyah (feat. Hedegaard & Captain MacKay)","Faustix","OMG It's LIT",196,52574811,794704,52574807,"Cadena SER","SPANISH","states/US-NAT","Spanish"
"8884_1779893593","2026-05-27 14:53:13","2026-06-03 13:59:31.433","8884","Hunting Down Individual Mosquitoes","Rainforest Spiritual Enslavement","Panama Canal Left-Hand Path",423,70783412,704802,70783411,"YourClassical Concert Band","OTHER","states/US-NAT","US Partner Digital"
"8282_1779893565","2026-05-27 14:52:45","2026-06-03 14:01:12.421","8282","No Lo Volveré a Hacer Más","Ska-P","Game Over",263,108908301,134357,108908298,"TUDN Radio","SPANISH","states/US-NAT","US Partner Digital"
"9658_1779893546","2026-05-27 14:52:26","2026-06-03 14:01:29.059","9658","NO HAY NADA IMPOSIBLE","Redimi2 & Danny Gokey","MOMENTUM",229,163945188,12979,163945186,"Vida Unida, Nationwide","SPANISH","states/US-NAT","US Partner Digital"
"8891_1779893517","2026-05-27 14:51:57","2026-06-03 13:59:32.617","8891","All Things Majestic, All Things Majestic: III. Snake River (Live)","James Button","Higdon: All Things Majestic, Viola Concerto & Oboe Concerto (Live)",138,48319058,30765900,48319051,"YourClassical Women's History","OTHER","states/US-NAT","US Partner Digital"
"9772_1779893497","2026-05-27 14:51:37","2026-06-03 14:01:31.339","9772","Where Can I Go Without You","Keith Jarrett & Charlie Haden","Last Dance",572,26917109,362605,26917102,"Traklife Radio","ACHOTMODERN","states/US-NAT","US Partner Digital"
"8892_1779893396","2026-05-27 14:49:56","2026-06-03 14:01:18.794","8892","Schumann: Symphony No. 3 in E-Flat Major, Op. 97 ""Rhenish"": I. Lebhaft","Saint Louis Symphony Orchestra, Jerzy Semkow","The Masterpieces - Schumann: Symphony No. 3 in E-Flat Major, Op. 97 ""Rhenish""",589,375879595,602332,375879594,"YourClassical Radio","OTHER","states/US-NAT","Classical"
"9493_1779893320","2026-05-27 14:48:40","2026-06-03 14:01:27.107","9493","¿Qué Demonios Hago Yo Aquí?","Los Zigarros","A Todo Que Sí",240,45387956,31500697,45387952,"Cadena SER","SPANISH","states/US-NAT","Spanish"
"4245_1779893302","2026-05-27 14:48:22","2026-06-03 13:57:47.932","4245","Silver Springs","Fleetwood Mac","The Dance",341,1054589,7046,1054577,"NewsTalk 1130 WISN","NEWSTALK","WI","News & Talk"
"11299_1779893260","2026-05-27 14:47:40","2026-06-03 14:02:15.045","11299","La Danza de las Libélulas","Manuel García & Mon Laferte","El Caminante",220,316969301,34025467,316969300,"LA NUEVA, RADIO",,"states/US-NAT","US Partner Digital"
"8163_1779893254","2026-05-27 14:47:34","2026-06-03 14:01:08.987","8163","Wagon Wheel","Old Crow Medicine Show","Nettwerk: 25 Years of Music",231,9302125,188251,9302110,"Folk Alley Holiday","OTHER","states/US-NAT","US Partner Digital"
"11462_1779893250","2026-05-27 14:47:30","2026-06-03 14:02:19.881","11462","String Quartet No. 61 in D minor, Op. 76, No. 2, Hob.III:76, ""Fifths"" | III. Menuetto: Allegro ma non troppo [Haydn]","Kodály Quartet","Haydn: String Quartets Op. 76, Nos. 1- 3",210,20866598,912337,20866591,"Carolina smoke radio",,"states/US-NAT","US Partner Digital"
"9658_1779893168","2026-05-27 14:46:08","2026-06-03 14:01:29.059","9658","Lamento Náufrago [Live]","La Delio Valdez","La Delio ValRex: 10 Años En Vivo [Live]",278,-1,-1,-1,"Vida Unida, Nationwide","SPANISH","states/US-NAT","US Partner Digital"
"8884_1779893167","2026-05-27 14:46:07","2026-06-03 13:59:31.433","8884","Hold","Teen Daze","All of Us, Together",178,245388550,640342,245388541,"YourClassical Concert Band","OTHER","states/US-NAT","US Partner Digital"
"8891_1779893090","2026-05-27 14:44:50","2026-06-03 13:59:32.617","8891","All Things Majestic, All Things Majestic: II. String Lake (Live)","James Button","Higdon: All Things Majestic, Viola Concerto & Oboe Concerto (Live)",426,48319057,30765900,48319051,"YourClassical Women's History","OTHER","states/US-NAT","US Partner Digital"
"8891_1779892873","2026-05-27 14:41:13","2026-06-03 13:59:32.617","8891","All Things Majestic, All Things Majestic: I. Teton Range (Live)","James Button","Higdon: All Things Majestic, Viola Concerto & Oboe Concerto (Live)",222,48319056,30765900,48319051,"YourClassical Women's History","OTHER","states/US-NAT","US Partner Digital"
"9658_1779892862","2026-05-27 14:41:02","2026-06-03 14:01:29.059","9658","1812 Overture","US Air Force Band & Singing Sergeants","I Am An American",940,-1,-1,-1,"Vida Unida, Nationwide","SPANISH","states/US-NAT","US Partner Digital"
"9772_1779892676","2026-05-27 14:37:56","2026-06-03 14:01:31.339","9772","是我啊","蔡文靜","是我啊",227,335430288,42989715,335430287,"Traklife Radio","ACHOTMODERN","states/US-NAT","US Partner Digital"
"37_1779892623","2026-05-27 14:37:03","2026-06-03 13:57:45.130","37","Let's Stay Together","Al Green","Let's Stay Together",199,32501761,13337,32501760,"NewsTalk 550 KFYI","NEWSTALK","AZ","News & Talk"
"11265_1779892492","2026-05-27 14:34:52","2026-06-03 14:02:14.775","11265","奶奶的童謠","阿克江 . 阿依丁","奔跑的小馬駒和鹿兒島野人",274,-1,-1,-1,"AF Radio",,"states/US-NAT","US Partner Digital"
"8892_1779892474","2026-05-27 14:34:34","2026-06-03 14:01:18.794","8892","Bach: Violin Concerto In A Minor, BWV 1041 - III. Allegro Assai","Sophie Gent; Olivier Fortin: Ensemble Masques","Bach, Telemann, Albinoni: Concerti",219,-1,-1,-1,"YourClassical Radio","OTHER","states/US-NAT","Classical"
"9658_1779892447","2026-05-27 14:34:07","2026-06-03 14:01:29.059","9658","Beethoven: Piano Sonata No. 21 in C Major, Op. 53 ""Waldstein"": I. Allegro con brio","Daniel Barenboim","Beethoven: Complete Piano Sonatas",691,26909656,30311908,26909610,"Vida Unida, Nationwide","SPANISH","states/US-NAT","US Partner Digital"
"7099_1779892388","2026-05-27 14:33:08","2026-06-03 14:00:12.119","7099","Defiler","Zahna feat. Brian ""Head"" Welch","Defiler (Radio Edit)",227,366652552,31545810,366652550,"WAY LOUD","OTHER","states/US-NAT","US Partner Digital"
"8282_1779892306","2026-05-27 14:31:46","2026-06-03 14:01:12.421","8282","El Vals del Obrero","Ska-P","El Vals Del Obrero",278,2757450,134357,2756728,"TUDN Radio","SPANISH","states/US-NAT","US Partner Digital"
"9257_1779892238","2026-05-27 14:30:38","2026-06-03 13:59:31.942","9257","Three Nails Instead","The Nelons","Loving You",228,281617714,27284,281617705,"Real Southern Gospel Radio","OTHER","states/US-NAT","US Partner Digital"
"8163_1779892197","2026-05-27 14:29:57","2026-06-03 14:01:08.987","8163","It's All Over Now, Baby Blue","Joan Baez","Farewell, Angelina",205,352577941,36126,352577938,"Folk Alley Holiday","OTHER","states/US-NAT","US Partner Digital"
"8891_1779892195","2026-05-27 14:29:55","2026-06-03 13:59:32.617","8891","Firedove","Anna Lapwood, Elena Urioste, The Chapel Choir of Pembroke College & Cambridge","Firedove",306,385118632,42914236,385118625,"YourClassical Women's History","OTHER","states/US-NAT","US Partner Digital"
"7099_1779892156","2026-05-27 14:29:16","2026-06-03 14:00:12.119","7099","Higher Power","Scott Stapp","Higher Power",227,235416139,204487,235416138,"WAY LOUD","OTHER","states/US-NAT","US Partner Digital"
"6294_1779892006","2026-05-27 14:26:46","2026-06-03 14:00:07.448","6294","Lo, the Full, Final Sacrifice, Op. 26","Choir of King's College, Cambridge, Stephen Cleobury","Evensong Live 2019: Anthems and Canticles",856,292563428,30456106,292563412,"YourClassical Choral","OTHER","states/US-NAT","Classical"
"7099_1779891931","2026-05-27 14:25:31","2026-06-03 14:00:12.119","7099","Changes Are Coming","Daughtry","Dearly Beloved",220,145019539,33219,145019535,"WAY LOUD","OTHER","states/US-NAT","US Partner Digital"
"10179_1779891924","2026-05-27 14:25:24","2026-06-03 13:59:41.794","10179","I Want To Stroll Over Heaven With You","Alan Jackson","Precious Memories",186,17162948,69978,17162933,"Gospel Road from Family Life","OTHER","states/US-NAT","US Partner Digital"
"6294_1779891890","2026-05-27 14:24:50","2026-06-03 14:00:07.448","6294","Mendelssohn: Elijah, Op. 70, MWV A 25: Lift Thine Eyes to the Mountains","Robert Shaw, Atlanta Symphony Orchestra & Atlanta Symphony Orchestra Chorus","Choral Masterpieces",112,121090747,86207,121090741,"YourClassical Choral","OTHER","states/US-NAT","Classical"
"6297_1779891854","2026-05-27 14:24:14","2026-06-03 13:59:28.290","6297","Say Yeah","Wiz Khalifa","Say Yeah",224,1003759,47508,1003758,"Local Current","ROCKALTERNATIVE","states/US-NAT","US Partner Digital"
"7810_1779891769","2026-05-27 14:22:49","2026-06-03 13:59:29.320","7810","Scrambled Eggs","Moonchild Sanelly","Full Moon",226,288589566,30920536,288589565,"88.5 WVPB",,"states/US-NAT","US Partner Digital"
"11462_1779891746","2026-05-27 14:22:26","2026-06-03 14:02:19.881","11462","Hidden Signals","Metodi","Mover",481,79779231,38919777,79779228,"Carolina smoke radio",,"states/US-NAT","US Partner Digital"
"7810_1779891669","2026-05-27 14:21:09","2026-06-03 13:59:29.320","7810","Get Down On It","Marc Kiss & Sawo","Get Down On It",236,90189810,33941404,90189806,"88.5 WVPB",,"states/US-NAT","US Partner Digital"
"8163_1779891514","2026-05-27 14:18:34","2026-06-03 14:01:08.987","8163","Baby, I'm In The Mood For You","Odetta","Odetta Sings Dylan",170,3820685,36540,3820684,"Folk Alley Holiday","OTHER","states/US-NAT","US Partner Digital"
"8282_1779891437","2026-05-27 14:17:17","2026-06-03 14:01:12.421","8282","En El Muelle de San Blas","Maná","En El Muelle De San Blas / Selva Negra",352,26475009,264354,26475008,"TUDN Radio","SPANISH","states/US-NAT","US Partner Digital"
"11392_1779891426","2026-05-27 14:17:06","2026-06-03 14:02:23.319","11392","Paraty","Mia Doi Todd","Cosmic Ocean Ship",236,46512427,3903,46512426,"Easy Jazz FM",,"states/US-NAT","US Partner Digital"
"8163_1779891354","2026-05-27 14:15:54","2026-06-03 14:01:08.987","8163","Song to Woody","Bob Dylan","Bob Dylan",161,2020608,971,2020580,"Folk Alley Holiday","OTHER","states/US-NAT","US Partner Digital"
"6297_1779891352","2026-05-27 14:15:52","2026-06-03 13:59:28.290","6297","Good as Hell","Lizzo","Coconut Oil",159,42739819,30191482,42739814,"Local Current","ROCKALTERNATIVE","states/US-NAT","US Partner Digital"
"9493_1779891306","2026-05-27 14:15:06","2026-06-03 14:01:27.107","9493","¿Qué Estoy Haciendo Aquí?","Joaquín Sabina","Lo Niego Todo",341,45201030,30009359,45201020,"Cadena SER","SPANISH","states/US-NAT","Spanish"
"10179_1779891304","2026-05-27 14:15:04","2026-06-03 13:59:41.794","10179","I Was There","The Bowling Family","Moments Like These",239,67875955,267944,67875952,"Gospel Road from Family Life","OTHER","states/US-NAT","US Partner Digital"
"8884_1779891241","2026-05-27 14:14:01","2026-06-03 13:59:31.433","8884","Mozart: Violin Sonata In B Flat, K 15 - 1. Andante Maestoso","Alina Ibragimova, Cédric Tiberghien","Mozart: Violin Sonatas, K 305, 376 & 402 [Disc 1]",437,-1,-1,-1,"YourClassical Concert Band","OTHER","states/US-NAT","US Partner Digital"
"9739_1779891132","2026-05-27 14:12:12","2026-06-03 14:01:29.426","9739","In The Way","Eldovar","ELDOVAR: A Story Of Darkness & Light",338,-1,-1,-1,"The Rock Vault","ROCKCLASSIC","states/US-NAT","US Partner Digital"
"9493_1779890886","2026-05-27 14:08:06","2026-06-03 14:01:27.107","9493","God","John Lennon","Signature Box",250,8998616,972,8998522,"Cadena SER","SPANISH","states/US-NAT","Spanish"
"8891_1779890838","2026-05-27 14:07:18","2026-06-03 13:59:32.617","8891","Six Morceaux, VWV 3003: I. Romance (Arr. For Cello & Orchestra By Julian Riem)","Raphaela Gromes, Julian Riem; Daniel Dodds: Festival Strings Lucerne","Femmes [Disc 1]",183,-1,-1,-1,"YourClassical Women's History","OTHER","states/US-NAT","US Partner Digital"
"7810_1779890826","2026-05-27 14:07:06","2026-06-03 13:59:29.320","7810","R. Strauss: Serenade for Wind Instruments, Op. 7","Frederick Fennell: Eastman Wind Ensemble","Mozart: Wind Serenade in B-Flat / Strauss, R.: Serenade for Wind / Milhaud: Suite Française",586,-1,-1,-1,"88.5 WVPB",,"states/US-NAT","US Partner Digital"
"8282_1779890825","2026-05-27 14:07:05","2026-06-03 14:01:12.421","8282","Me Vale","Maná","¿Dónde Jugarán Los Niños?",271,5231629,264354,5231614,"TUDN Radio","SPANISH","states/US-NAT","US Partner Digital"
"11392_1779890808","2026-05-27 14:06:48","2026-06-03 14:02:23.319","11392","The Whispers","Harold Budd","In The Mist",162,-1,-1,-1,"Easy Jazz FM",,"states/US-NAT","US Partner Digital"
"9493_1779890754","2026-05-27 14:05:54","2026-06-03 14:01:27.107","9493","I Want To Break Free","Queen","The Works",431,235509596,4258,235509584,"Cadena SER","SPANISH","states/US-NAT","Spanish"
"6297_1779890681","2026-05-27 14:04:41","2026-06-03 13:59:28.290","6297","Black Gold","Soul Asylum","Grave Dancers Union",237,2531039,27232,2526685,"Local Current","ROCKALTERNATIVE","states/US-NAT","US Partner Digital"
"10179_1779890614","2026-05-27 14:03:34","2026-06-03 13:59:41.794","10179","CTA","Miles Davis","Alone Together",211,184795877,2261,184795861,"Gospel Road from Family Life","OTHER","states/US-NAT","US Partner Digital"
"9739_1779890430","2026-05-27 14:00:30","2026-06-03 12:56:07.594","9739","O'Telefone","Wlad MC","O'Telefone [Single]",145,-1,-1,-1,"The Rock Vault","ROCKCLASSIC","states/US-NAT","US Partner Digital"
"8891_1779890414","2026-05-27 14:00:14","2026-06-03 13:59:32.617","8891","Bonis: Soir Et Matin, Op. 76 - I. Soir","Neave Trio","La Mer: French Piano Trios",259,-1,-1,-1,"YourClassical Women's History","OTHER","states/US-NAT","US Partner Digital"
"6297_1779890335","2026-05-27 13:58:55","2026-06-03 13:59:28.290","6297","Holding On","Ferry Corsten","Right Of Way",226,113391001,60335,113390995,"Local Current","ROCKALTERNATIVE","states/US-NAT","US Partner Digital"
"9493_1779890308","2026-05-27 13:58:28","2026-06-03 12:56:04.762","9493","Mi diario","Ginebras","Mi diario",211,355786537,33367410,355786536,"Cadena SER","SPANISH","states/US-NAT","Spanish"
"9257_1779890213","2026-05-27 13:56:53","2026-06-03 12:54:53.696","9257","TRUMPETS","_by.ALEXANDER feat. 070 Shake","000 CHANNEL BLACK",235,109530815,34855657,109530813,"Real Southern Gospel Radio","OTHER","states/US-NAT","US Partner Digital"
"7097_1779890198","2026-05-27 13:56:38","2026-06-03 13:59:29.485","7097","Days","Sam Florian","Days",192,53095889,31944379,53095888,"EWTN Radio Catolica Mundial","OTHER","states/US-NAT","US Partner Digital"
"9772_1779890151","2026-05-27 13:55:51","2026-06-03 12:56:08.829","9772","Ô Moça","Kart Love","Sofrência Atualizada",145,-1,-1,-1,"Traklife Radio","ACHOTMODERN","states/US-NAT","US Partner Digital"
"8884_1779890114","2026-05-27 13:55:14","2026-06-03 13:59:31.433","8884","Tchaikovsky: 1812 Overture, Op. 49, TH 49","Cincinnati Symphony Orchestra & Erich Kunzel","Tchaikovsky: 1812 Overture, Op. 49, TH 49; Capriccio italien, Op. 45, TH 47 & Cossack Dance from Mazeppa, TH 7",942,163404249,133284,163404248,"YourClassical Concert Band","OTHER","states/US-NAT","US Partner Digital"
"8282_1779890109","2026-05-27 13:55:09","2026-06-03 12:55:49.637","8282","Vivir Mi Vida","Marc Anthony","Latin Explosion",251,44093406,35556,44093403,"TUDN Radio","SPANISH","states/US-NAT","US Partner Digital"
"10179_1779890097","2026-05-27 13:54:57","2026-06-03 12:55:04.456","10179","O How I Love Jesus","Carrie Underwood","My Savior",205,129096146,89416,129096139,"Gospel Road from Family Life","OTHER","states/US-NAT","US Partner Digital"
"9772_1779890096","2026-05-27 13:54:56","2026-06-03 12:56:08.829","9772","Ship Out On The Sea","The Be Good Tanyas","Chinatown",252,157869731,118968,157869727,"Traklife Radio","ACHOTMODERN","states/US-NAT","US Partner Digital"
"9739_1779890056","2026-05-27 13:54:16","2026-06-03 12:56:07.594","9739","The Witch Of The North","Burning Witches","The Witch Of The North",329,-1,-1,-1,"The Rock Vault","ROCKCLASSIC","states/US-NAT","US Partner Digital"
"11462_1779889894","2026-05-27 13:51:34","2026-06-03 12:57:00.326","11462","Shit I Like (feat. TM88)","Waka Flocka Flame","Lebron Flocka James 2K26",184,381197299,115112,381197298,"Carolina smoke radio",,"states/US-NAT","US Partner Digital"
"8282_1779889890","2026-05-27 13:51:30","2026-06-03 12:55:49.637","8282","The Ketchup Song (Aserejé)","Las Ketchup","Hijas del Tomate",213,57446329,123755,57446328,"TUDN Radio","SPANISH","states/US-NAT","US Partner Digital"
"9739_1779889886","2026-05-27 13:51:26","2026-06-03 12:56:07.594","9739","The Number of the Beast (2015 Remaster)","Iron Maiden","The Number of the Beast",289,375921082,43673,375921077,"The Rock Vault","ROCKCLASSIC","states/US-NAT","US Partner Digital"
"7810_1779889771","2026-05-27 13:49:31","2026-06-03 12:54:50.257","7810","Is It Worth It (Happy Birthday)?","Cate Le Bon","Michelangelo Dying",347,329164059,281806,329164055,"88.5 WVPB",,"states/US-NAT","US Partner Digital"
"11462_1779889718","2026-05-27 13:48:38","2026-06-03 12:57:00.326","11462","Young G","Jerry","Young G",156,403077938,97301,403077937,"Carolina smoke radio",,"states/US-NAT","US Partner Digital"
"8282_1779889675","2026-05-27 13:47:55","2026-06-03 12:55:49.637","8282","Livin' la Vida Loca","Ricky Martin","Ricky Martin",243,2518269,35545,2516108,"TUDN Radio","SPANISH","states/US-NAT","US Partner Digital"
"8282_1779889486","2026-05-27 13:44:46","2026-06-03 12:55:49.637","8282","No Tengo Dinero","Juan Gabriel","La Historia Del Divo",187,2552502,107040,2552489,"TUDN Radio","SPANISH","states/US-NAT","US Partner Digital"
"8891_1779889438","2026-05-27 13:43:58","2026-06-03 12:54:53.402","8891","Mendelssohn-Hensel, F: String Quartet in E-Flat Major: III. Romanze","Quatuor Ébène","Mendelssohn Felix and Fanny",403,40369958,56241,40369951,"YourClassical Women's History","OTHER","states/US-NAT","US Partner Digital"
"8884_1779889405","2026-05-27 13:43:25","2026-06-03 12:54:52.753","8884","Sonata No. 2 in A Minor, BWV 1003: III. Andante","Rachel Barton Pine","Testament: Complete Sonatas and Partitas for                                       Solo Violin by J. S. Bach",322,39067694,3426,39067683,"YourClassical Concert Band","OTHER","states/US-NAT","US Partner Digital"
"8282_1779889382","2026-05-27 13:43:02","2026-06-03 12:55:49.637","8282","La Bamba","Ritchie Valens","La Bamba",126,12952664,59089,12952663,"TUDN Radio","SPANISH","states/US-NAT","US Partner Digital"
"10176_1779889345","2026-05-27 13:42:25","2026-06-03 12:55:03.393","10176","Slow Down","Nichole Nordeman feat. Pepper Ingram","Every Mile Mattered",243,49345938,27671,49345927,"Rewind from Family Life","OTHER","states/US-NAT","US Partner Digital"
"8884_1779889340","2026-05-27 13:42:20","2026-06-03 12:54:52.753","8884","Zu nah an der Wahrheit","Böhse Onkelz","E.I.N.S.",378,65051583,372532,65051578,"YourClassical Concert Band","OTHER","states/US-NAT","US Partner Digital"
"9739_1779889068","2026-05-27 13:37:48","2026-06-03 12:56:07.594","9739","To The Last Breath","Arch Enemy","To The Last Breath",297,381284050,28068,381284049,"The Rock Vault","ROCKCLASSIC","states/US-NAT","US Partner Digital"
"6297_1779888982","2026-05-27 13:36:22","2026-06-03 12:54:49.127","6297","Highway 61 Revisited","Bob Dylan","Highway 61 Revisited",209,1800434,971,1800425,"Local Current","ROCKALTERNATIVE","states/US-NAT","US Partner Digital"
"11462_1779888958","2026-05-27 13:35:58","2026-06-03 12:57:00.326","11462","Placas","BISPO feat. Ivandro","Placas",211,222967419,31143961,222967418,"Carolina smoke radio",,"states/US-NAT","US Partner Digital"
"9739_1779888786","2026-05-27 13:33:06","2026-06-03 12:56:07.594","9739","Dream Warriors","Dokken","Alone Again & Other Hits",287,377499285,40633,377499283,"The Rock Vault","ROCKCLASSIC","states/US-NAT","US Partner Digital"
"6297_1779888630","2026-05-27 13:30:30","2026-06-03 12:54:49.127","6297","KURT KOBAIN","Velvet Negroni","NEON BROWN",162,78066656,31777318,78066653,"Local Current","ROCKALTERNATIVE","states/US-NAT","US Partner Digital"
"8891_1779888558","2026-05-27 13:29:18","2026-06-03 12:54:53.402","8891","Clyne: Restless Oceans","Baltimore Symphony Orchestra & Marin Alsop","Anna Clyne: Abstractions",241,-1,-1,-1,"YourClassical Women's History","OTHER","states/US-NAT","US Partner Digital"
"1661_1779888525","2026-05-27 13:28:45","2026-05-30 11:39:50.746","1661","Adagio For Strings","Tiësto","A State Of Trance - 15 Years",206,45407771,61055,45407769,"550 / 99.7 KFYR","NEWSTALK","ND","News & Talk"
"6297_1779888427","2026-05-27 13:27:07","2026-06-03 12:54:49.127","6297","Hellfire","Pert Near Sandstone","The Hardest Part of Leaving",202,26054668,347789,26054666,"Local Current","ROCKALTERNATIVE","states/US-NAT","US Partner Digital"
"6294_1779888394","2026-05-27 13:26:34","2026-06-03 12:55:20.230","6294","Deep River","The Singers - Minnesota Choral Artists & Matthew Culloton","At the River",233,21680816,825102,21680799,"YourClassical Choral","OTHER","states/US-NAT","Classical"
"10179_1779888353","2026-05-27 13:25:53","2026-06-03 12:55:04.456","10179","Tilbage","Annika","Nye Tider",163,268399856,372230,268399853,"Gospel Road from Family Life","OTHER","states/US-NAT","US Partner Digital"
"7810_1779888315","2026-05-27 13:25:15","2026-06-03 12:54:50.257","7810","Paranoid","Black Sabbath","Paranoid",167,24735185,2358,24735183,"88.5 WVPB",,"states/US-NAT","US Partner Digital"
"10176_1779888005","2026-05-27 13:20:05","2026-06-03 12:55:03.393","10176","Interloop","SAVEUS","Neuro",225,178574352,30787217,178574347,"Rewind from Family Life","OTHER","states/US-NAT","US Partner Digital"
"8884_1779887969","2026-05-27 13:19:29","2026-06-03 12:54:52.753","8884","Hold Me Back","Eptic","Anti-Human",304,67712693,658217,67712692,"YourClassical Concert Band","OTHER","states/US-NAT","US Partner Digital"
"6294_1779887914","2026-05-27 13:18:34","2026-06-03 12:55:20.230","6294","Ubi caritas","Alison Hill; John Rutter: Cambridge Singers","This is the Day: Music on Royal Occasions",237,-1,-1,-1,"YourClassical Choral","OTHER","states/US-NAT","Classical"
"8884_1779887779","2026-05-27 13:16:19","2026-06-03 12:54:52.753","8884","Yougotmefeeling","Parcels","LOVED",183,349320759,31003710,349320754,"YourClassical Concert Band","OTHER","states/US-NAT","US Partner Digital"
"9739_1779887713","2026-05-27 13:15:13","2026-06-03 12:56:07.594","9739","Drop It Low (For Jesus)","Sherman's Showcase","Sherman's Showcase (Original Soundtrack)",104,77644675,33164450,77644670,"The Rock Vault","ROCKCLASSIC","states/US-NAT","US Partner Digital"
"8884_1779887549","2026-05-27 13:12:29","2026-06-03 12:54:52.753","8884","Mozart: Serenade #10 In B Flat, K 361, ""Gran Partita"" - 4. Trio 1 & 2","Nikolaus Harnoncourt","Farewell From Zurich: The Legendary 2011 Concert [Live]",283,-1,-1,-1,"YourClassical Concert Band","OTHER","states/US-NAT","US Partner Digital"
"1661_1779887413","2026-05-27 13:10:13","2026-05-30 11:39:50.746","1661","Desperado","Eagles","Desperado",213,21834525,59842,21834520,"550 / 99.7 KFYR","NEWSTALK","ND","News & Talk"
"10361_1779886812","2026-05-27 13:00:12","2026-06-03 12:56:44.771","10361","Come To The Table","Sidewalk Prophets","Come To The Table",278,34517213,58925,34517211,"89.1 Crossway Radio","OTHER","PA","Christian & Gospel"
"7097_1779886754","2026-05-27 12:59:14","2026-06-03 12:54:49.971","7097","Santorini","Yanni","Keys To Imagination",279,2250937,71601,2250609,"EWTN Radio Catolica Mundial","OTHER","states/US-NAT","US Partner Digital"
"9493_1779886686","2026-05-27 12:58:06","2026-06-03 12:56:04.762","9493","The Simpsons Main Title Theme (Extended Version)","The Simpsons","Songs in the Key of Springfield",98,153630525,41978,153630524,"Cadena SER","SPANISH","states/US-NAT","Spanish"
"7097_1779886434","2026-05-27 12:53:54","2026-06-03 11:49:25.948","7097","Prelude, Fugue & Allegro In E-Flat Major, BWV 998 (Performed In D Major): II. Fugue","Julian Bream","J.S. Bach: Guitar Works",408,-1,-1,-1,"EWTN Radio Catolica Mundial","OTHER","states/US-NAT","US Partner Digital"
"10176_1779886402","2026-05-27 12:53:22","2026-06-03 11:49:38.618","10176","Redeemer","Nicole C. Mullen","6 Picks: Essential Radio Hits",298,44894714,58887,44894712,"Rewind from Family Life","OTHER","states/US-NAT","US Partner Digital"
"9739_1779886395","2026-05-27 12:53:15","2026-06-03 11:50:55.942","9739","Crazy 8's","Shark Island","Bloodline 2.020",199,123013526,501610,123013520,"The Rock Vault","ROCKCLASSIC","states/US-NAT","US Partner Digital"
"9257_1779886301","2026-05-27 12:51:41","2026-06-03 11:49:29.475","9257","Oh Buddha","The Imperials","Heed the Call",209,44918924,30783548,44918921,"Real Southern Gospel Radio","OTHER","states/US-NAT","US Partner Digital"
"8891_1779886283","2026-05-27 12:51:23","2026-06-03 11:49:34.078","8891","Chaminade: Concertstück In C Sharp Minor, Op. 40","Danny Driver; Rebecca Miller: BBC Scottish Symphony Orchestra","Beach, Chaminade & Howell: Piano Concertos",907,-1,-1,-1,"YourClassical Women's History","OTHER","states/US-NAT","US Partner Digital"
"9772_1779886269","2026-05-27 12:51:09","2026-06-03 11:50:57.691","9772","Show Yourself","Ayla Nereo","Hollow Bone",296,347838007,756519,347838002,"Traklife Radio","ACHOTMODERN","states/US-NAT","US Partner Digital"
"4027_1779886266","2026-05-27 12:51:06","2026-06-01 05:51:34.485","4027","Don't Do Me Like That","Tom Petty","Damn The Torpedoes",160,10399709,1805,10399703,"NewsRadio 580 WHP","NEWSTALK","PA","News & Talk"
"9772_1779886235","2026-05-27 12:50:35","2026-06-03 11:50:57.691","9772","Nota 10 (Lembranças) [Forró de Periferia]","Caio Costta","Lembranças [Forró de Periferia]",202,-1,-1,-1,"Traklife Radio","ACHOTMODERN","states/US-NAT","US Partner Digital"
"1709_1779886232","2026-05-27 12:50:32","2026-06-03 09:36:59.996","1709","Somebody Save Me","Cinderella","Night Songs",194,668113,30705328,668104,"55KRC","NEWSTALK","OH","News & Talk"
"7810_1779886180","2026-05-27 12:49:40","2026-06-03 11:49:26.844","7810","A Report to the Shareholders / Kill Your Masters","Run The Jewels, EL-P, Killer Mike","Run The Jewels 3",374,372144296,910167,372144282,"88.5 WVPB",,"states/US-NAT","US Partner Digital"
"9495_1779886124","2026-05-27 12:48:44","2026-06-03 11:50:54.258","9495","Pas le temps de vivre","Mylène Farmer","Innamoramento",316,116531127,39337,116531124,"ADN","SPANISH","states/US-NAT","Spanish"
"9772_1779886021","2026-05-27 12:47:01","2026-06-03 11:50:57.691","9772","Sigara","Batu","Sigara [Single]",188,-1,-1,-1,"Traklife Radio","ACHOTMODERN","states/US-NAT","US Partner Digital"
"10179_1779885754","2026-05-27 12:42:34","2026-06-03 11:49:38.844","10179","Halfway Up the Mountain","Tribute Quartet","Always Grace",223,196648572,32724584,196648571,"Gospel Road from Family Life","OTHER","states/US-NAT","US Partner Digital"
"11462_1779885706","2026-05-27 12:41:46","2026-06-03 11:51:56.685","11462","Shit I Like (feat. TM88)","Waka Flocka Flame","Lebron Flocka James 2K26",184,381197299,115112,381197298,"Carolina smoke radio",,"states/US-NAT","US Partner Digital"
"10179_1779885627","2026-05-27 12:40:27","2026-06-03 11:49:38.844","10179","ぶらぶらぶらり","小橋亜樹","ぶらぶらぶらり / 酔い℃",263,-1,-1,-1,"Gospel Road from Family Life","OTHER","states/US-NAT","US Partner Digital"
"9772_1779885617","2026-05-27 12:40:17","2026-06-03 11:50:57.691","9772","hate u love u","Olivia O'Brien","hate u love u",175,43883644,31298342,43883643,"Traklife Radio","ACHOTMODERN","states/US-NAT","US Partner Digital"
"8891_1779885573","2026-05-27 12:39:33","2026-06-03 11:49:34.078","8891","Smith: Carrot Revolution","Aizuri Quartet","Blueprinting",677,-1,-1,-1,"YourClassical Women's History","OTHER","states/US-NAT","US Partner Digital"
"8884_1779885524","2026-05-27 12:38:44","2026-06-03 11:49:29.055","8884","Pokaż Jak To Lubisz (Extended Remix)","Adonis & Sequence","Pokaż Jak To Lubisz [Single]",261,-1,-1,-1,"YourClassical Concert Band","OTHER","states/US-NAT","US Partner Digital"
"9772_1779885505","2026-05-27 12:38:25","2026-06-03 11:50:57.691","9772","Love in the sky","辛莉恩","夢想畫",236,55363183,31670693,55363175,"Traklife Radio","ACHOTMODERN","states/US-NAT","US Partner Digital"
"8884_1779885312","2026-05-27 12:35:12","2026-06-03 11:49:29.055","8884","Majiin Boo","Moses Mosima","Babies",208,299330155,31271139,299330153,"YourClassical Concert Band","OTHER","states/US-NAT","US Partner Digital"
"6297_1779885226","2026-05-27 12:33:46","2026-06-03 11:49:24.133","6297","We're Not Safe in There","Jeremy Zuckerman","Lucky (Original Motion Picture Soundtrack)",189,-1,-1,-1,"Local Current","ROCKALTERNATIVE","states/US-NAT","US Partner Digital"
"6297_1779885163","2026-05-27 12:32:43","2026-06-03 11:49:24.133","6297","Atom Dance","Björk","Vulnicura",490,30518333,93666,30518322,"Local Current","ROCKALTERNATIVE","states/US-NAT","US Partner Digital"
"6297_1779885152","2026-05-27 12:32:32","2026-06-03 11:49:24.133","6297","Elvida Kecmisim","Uzeyir Mehdizade","O Senin Olmayacaq",278,-1,-1,-1,"Local Current","ROCKALTERNATIVE","states/US-NAT","US Partner Digital"
"11462_1779884746","2026-05-27 12:25:46","2026-06-03 11:51:56.685","11462","La Forme","Kraftwerk","Tour de France",521,1124080,30242,1124070,"Carolina smoke radio",,"states/US-NAT","US Partner Digital"
"10179_1779884737","2026-05-27 12:25:37","2026-06-03 11:49:38.844","10179","けけせんせい","Nintendo","あつまれ どうぶつの森 オリジナル・サウンドトラック とたけけミュージック集 Instrumental [Disc 1]",109,-1,-1,-1,"Gospel Road from Family Life","OTHER","states/US-NAT","US Partner Digital"
"8884_1779884705","2026-05-27 12:25:05","2026-06-03 11:49:29.055","8884","Impressions","Eve Maret","Stars Aligned",635,261722831,32374949,261722824,"YourClassical Concert Band","OTHER","states/US-NAT","US Partner Digital"
"11265_1779884616","2026-05-27 12:23:36","2026-06-03 11:51:47.520","11265","Hendel - Largo Canciones de Boda","Musica Para Bodas","Musica Para Bodas - Canciones Para Bodas Marcha Nupcial",152,-1,-1,-1,"AF Radio",,"states/US-NAT","US Partner Digital"
"11265_1779884581","2026-05-27 12:23:01","2026-06-03 11:51:47.520","11265","Bach, JS: Sonata for Solo Violin No. 2 in A Minor, BWV 1003: III. Andante","Itzhak Perlman","Bach: Sonatas and Partitas for Solo Violin, BWV 1001 - 1006",328,16522046,33355,16522014,"AF Radio",,"states/US-NAT","US Partner Digital"
"10176_1779884568","2026-05-27 12:22:48","2026-06-03 11:49:38.618","10176","Iiyukana?","Shiritsu Ebisu Chugaku","FAMIEN'18 IN YAMANAKAKO DAY2",479,116182177,31862108,116182160,"Rewind from Family Life","OTHER","states/US-NAT","US Partner Digital"
"4027_1779884442","2026-05-27 12:20:42","2026-06-01 05:51:34.485","4027","Hook","Blues Traveler","Four",289,634280,38586,634274,"NewsRadio 580 WHP","NEWSTALK","PA","News & Talk"
"11265_1779884307","2026-05-27 12:18:27","2026-06-03 11:51:47.520","11265","Love Notes","Danny Wright","Real Romance",333,147641003,30965703,147640986,"AF Radio",,"states/US-NAT","US Partner Digital"
"8891_1779884264","2026-05-27 12:17:44","2026-06-03 11:49:34.078","8891","Bunny","Gerry Mulligan & Johnny Hodges","Gerry Mulligan Meets Johnny Hodges",346,379367494,30268762,379367493,"YourClassical Women's History","OTHER","states/US-NAT","US Partner Digital"
"7810_1779884203","2026-05-27 12:16:43","2026-06-03 11:49:26.844","7810","Ama Hips","Tholi B Feat. Layla, Petty Jay & Moody Punk","Piano Buffet",378,-1,-1,-1,"88.5 WVPB",,"states/US-NAT","US Partner Digital"
"1661_1779884052","2026-05-27 12:14:12","2026-05-30 11:39:50.746","1661","I Do, I Do, I Do, I Do, I Do","ABBA","Abba",195,121788881,1390,121788874,"550 / 99.7 KFYR","NEWSTALK","ND","News & Talk"
"1593_1779883950","2026-05-27 12:12:30","2026-06-03 11:48:49.787","1593","The Cave","Mumford & Sons","Sigh No More",217,291759917,379483,291759915,"NewsRadio 570 WWNC","NEWSTALK","NC","News & Talk"
"10179_1779883824","2026-05-27 12:10:24","2026-06-03 11:49:38.844","10179","Present","Juju","JUJU",258,104098828,30406918,104098812,"Gospel Road from Family Life","OTHER","states/US-NAT","US Partner Digital"
"11265_1779883797","2026-05-27 12:09:57","2026-06-03 11:51:47.520","11265","Be Thou My Vision","GENTRI feat. Rob Landes","Hymns",274,182444248,31919192,182444241,"AF Radio",,"states/US-NAT","US Partner Digital"
"11462_1779883781","2026-05-27 12:09:41","2026-06-03 11:51:56.685","11462","A Veces","Corina Smith & Arcángel","Antisocial",226,161073040,37077601,161073033,"Carolina smoke radio",,"states/US-NAT","US Partner Digital"
"4027_1779883760","2026-05-27 12:09:20","2026-06-01 05:51:34.485","4027","Blue Morning, Blue Day","Foreigner","Double Vision",192,1087244,35146,1087242,"NewsRadio 580 WHP","NEWSTALK","PA","News & Talk"
"11462_1779883704","2026-05-27 12:08:24","2026-06-03 11:51:56.685","11462","Moth To A Flame","Swedish House Mafia & Adriatique feat. The Weeknd","Moth To A Flame",389,179356065,38605878,179356064,"Carolina smoke radio",,"states/US-NAT","US Partner Digital"
"5974_1779883434","2026-05-27 12:03:54","2026-06-01 03:38:07.474","5974","This Is Amazing Grace","Phil Wickham","The Ascension (Deluxe)",279,120985975,89487,120985971,"94-7 FM The Word","Prov_Salem","CO","Christian & Gospel"
"11462_1779883424","2026-05-27 12:03:44","2026-06-03 11:51:56.685","11462","Andere Lobi","Nienke Plas","Lucky Number 7",188,124546678,32568794,124546671,"Carolina smoke radio",,"states/US-NAT","US Partner Digital"
"673_1779883354","2026-05-27 12:02:34","2026-06-03 11:47:49.263","673","Thunderstruck","AC/DC","The Razors Edge",292,33310782,83301,33310781,"95.7 WDAE","SPORTS","FL","Sports"
"669_1779883344","2026-05-27 12:02:24","2026-06-03 11:47:07.826","669","Thunderstruck","AC/DC","The Razors Edge",292,33310782,83301,33310781,"Rumba 95.3 & 102.9","SPANISH","FL","Spanish"
"9772_1779883303","2026-05-27 12:01:43","2026-06-03 11:50:57.691","9772","Siren Song (Featuring Eden) [Original]","CamelPhat","Siren Song (Featuring Edden)",433,-1,-1,-1,"Traklife Radio","ACHOTMODERN","states/US-NAT","US Partner Digital"
"5974_1779883224","2026-05-27 12:00:24","2026-06-01 03:38:07.474","5974","The Star Spangled Banner [Smith]","United States Coast Guard Band","United States Coast Guard Band: Always Ready",89,20860202,905907,20860189,"94-7 FM The Word","Prov_Salem","CO","Christian & Gospel"
"8891_1779882996","2026-05-27 11:56:36","2026-06-03 11:49:34.078","8891","He Mele Lahui Hawai'i","The Rose Ensemble","Nā Mele Hawai'i: A Rediscovery Of Hawaiian Vocal Music",161,-1,-1,-1,"YourClassical Women's History","OTHER","states/US-NAT","US Partner Digital"
"10176_1779882945","2026-05-27 11:55:45","2026-06-03 11:49:38.618","10176","Love Love","夏蝶","Love Love",219,-1,-1,-1,"Rewind from Family Life","OTHER","states/US-NAT","US Partner Digital"
"10176_1779882828","2026-05-27 11:53:48","2026-06-03 11:49:38.618","10176","Doxology: Praise God From Whom All Blessings Flow","David Nevue","Adoration: Solo Piano Hymns",209,-1,-1,-1,"Rewind from Family Life","OTHER","states/US-NAT","US Partner Digital"
"11265_1779882800","2026-05-27 11:53:20","2026-06-03 11:51:47.520","11265","Tomorrow","Jorja Smith","Lost & Found",232,55991551,31156145,55991540,"AF Radio",,"states/US-NAT","US Partner Digital"
"10179_1779882692","2026-05-27 11:51:32","2026-06-03 11:49:38.844","10179","One Day At A Time","Lynda Randle","God On The Mountain",259,360645390,27486,360645387,"Gospel Road from Family Life","OTHER","states/US-NAT","US Partner Digital"
"4027_1779882681","2026-05-27 11:51:21","2026-06-01 05:51:34.485","4027","Back on the Chain Gang","The Pretenders","Learning to Crawl",231,27165498,680993,27165494,"NewsRadio 580 WHP","NEWSTALK","PA","News & Talk"
"9772_1779882652","2026-05-27 11:50:52","2026-06-03 11:50:57.691","9772","Throat (Creativity Chakra)","Brandon Elliott: Choral Arts Initiative","Jeffrey Derus: From Wilderness – A Meditation On The Pacific Crest Trail",185,-1,-1,-1,"Traklife Radio","ACHOTMODERN","states/US-NAT","US Partner Digital"
"10179_1779882627","2026-05-27 11:50:27","2026-06-03 11:49:38.844","10179","¿De Que Sirve Querer?","Malacates Trébol Shop","De Qué Sirve Querer?",209,-1,-1,-1,"Gospel Road from Family Life","OTHER","states/US-NAT","US Partner Digital"
"6377_1779882548","2026-05-27 11:49:08","2026-06-03 10:44:19.224","6377","Borodin: String Quartet No. 2 in D Major: III. Nocturne (Played by String Orchestra)","Leonard Slatkin/St Louis Symphony Orchestra","Pachelbel: Kanon in D Major - Tchaikovsky: Serenade for Strings in C Major - Vaughan Williams: Fantasia on Greensleeves - Borodin: String Quartet No. 2 in D Major",432,167685482,34933,167685480,"iHeartClassical","OTHER","states/US-NAT","Classical"
"6297_1779882416","2026-05-27 11:46:56","2026-06-03 10:44:08.455","6297","Everybody","The Cows","Cunning Stunts",180,222530,30052259,222527,"Local Current","ROCKALTERNATIVE","states/US-NAT","US Partner Digital"
"11462_1779882259","2026-05-27 11:44:19","2026-06-03 10:46:23.468","11462","To You I Give","Crippled Black Phoenix","Great Escape",561,58902834,189610,58902832,"Carolina smoke radio",,"states/US-NAT","US Partner Digital"
"9493_1779882131","2026-05-27 11:42:11","2026-06-03 10:45:25.807","9493","Angels","Robbie Williams","Angels",264,25127155,28338,25127154,"Cadena SER","SPANISH","states/US-NAT","Spanish"
"10179_1779882130","2026-05-27 11:42:10","2026-06-03 10:44:21.506","10179","Jesus Changed Everything","Ernie Haase & Signature Sound","Happy People",306,31692430,32174,31692425,"Gospel Road from Family Life","OTHER","states/US-NAT","US Partner Digital"
"7097_1779882127","2026-05-27 11:42:07","2026-06-03 10:44:08.967","7097","Bem","No Maka","Bem",184,385573609,30079629,385573608,"EWTN Radio Catolica Mundial","OTHER","states/US-NAT","US Partner Digital"
"6294_1779882037","2026-05-27 11:40:37","2026-06-03 10:44:50.450","6294","Alleluia","Cantus","On the Shoulders of Giants",344,-1,-1,-1,"YourClassical Choral","OTHER","states/US-NAT","Classical"
"9257_1779882024","2026-05-27 11:40:24","2026-06-03 10:44:12.277","9257","Let Us Cheer the Weary Traveler","Second-Half Quartet","Refreshing",134,-1,-1,-1,"Real Southern Gospel Radio","OTHER","states/US-NAT","US Partner Digital"
"7810_1779881988","2026-05-27 11:39:48","2026-06-03 10:44:10.156","7810","Protect Ya Neck","El Michels Affair","Enter The 37th Chamber",210,302144978,113910,302144966,"88.5 WVPB",,"states/US-NAT","US Partner Digital"
"11462_1779881916","2026-05-27 11:38:36","2026-06-03 10:46:23.468","11462","Shit I Like (feat. TM88)","Waka Flocka Flame","Lebron Flocka James 2K26",184,381197299,115112,381197298,"Carolina smoke radio",,"states/US-NAT","US Partner Digital"
"8282_1779881810","2026-05-27 11:36:50","2026-06-03 10:45:09.901","8282","Mil Horas","La Sonora Dinamita feat. Alvaro Pava, Margarita","Picante y Caliente",225,402100601,145553,402100599,"TUDN Radio","SPANISH","states/US-NAT","US Partner Digital"
"4027_1779881784","2026-05-27 11:36:24","2026-06-01 05:51:34.485","4027","Call Me The Breeze","Lynyrd Skynyrd","Second Helping",306,608990,35147,608984,"NewsRadio 580 WHP","NEWSTALK","PA","News & Talk"
"1593_1779881738","2026-05-27 11:35:38","2026-06-03 10:43:41.362","1593","Hair Of The Dog","Nazareth","Hair Of The Dog",250,572425,270,572422,"NewsRadio 570 WWNC","NEWSTALK","NC","News & Talk"
"9772_1779881710","2026-05-27 11:35:10","2026-06-03 10:45:28.886","9772","Now See How You Are","Kenny Burrell","Kenny Burrell",353,187554067,27861,187554061,"Traklife Radio","ACHOTMODERN","states/US-NAT","US Partner Digital"
"6294_1779881664","2026-05-27 11:34:24","2026-06-03 10:44:50.450","6294","J.S. Bach: Magnificat in D Major, BWV 243: XI. Sicut locutus est","Atlanta Symphony Orchestra, Robert Shaw & Atlanta Symphony Orchestra Chamber Chorus","Vivaldi: Gloria in D Major, RV 589 - Bach: Magnificat in D Major, BWV 243",82,164764534,207042,164764511,"YourClassical Choral","OTHER","states/US-NAT","Classical"
"9493_1779881636","2026-05-27 11:33:56","2026-06-03 10:45:25.807","9493","Jerk It Out","Caesars","39 Minutes of Bliss (In An Otherwise Meaningless World)",196,434848,31043,434844,"Cadena SER","SPANISH","states/US-NAT","Spanish"
"7097_1779881634","2026-05-27 11:33:54","2026-06-03 10:44:08.967","7097","Am I Wrong?","Damien Lamar","Am I Wrong? [Single]",285,-1,-1,-1,"EWTN Radio Catolica Mundial","OTHER","states/US-NAT","US Partner Digital"
"11462_1779881507","2026-05-27 11:31:47","2026-06-03 10:46:23.468","11462","Liminal Hearts","Of Allies","Are We Better Off?",259,84801857,30018981,84801844,"Carolina smoke radio",,"states/US-NAT","US Partner Digital"
"11265_1779881481","2026-05-27 11:31:21","2026-06-03 10:46:19.121","11265","그대 없는 밤","수상한 커튼","아름다운 날",262,-1,-1,-1,"AF Radio",,"states/US-NAT","US Partner Digital"
"8891_1779881395","2026-05-27 11:29:55","2026-06-03 10:44:12.337","8891","Violin Partita No. 2 in D Minor, BWV 1004: V. Chaconne (Transcribed for Guitar by John Williams)","John Williams","The Baroque Album",830,4150261,6833,4147671,"YourClassical Women's History","OTHER","states/US-NAT","US Partner Digital"
"11265_1779881379","2026-05-27 11:29:39","2026-06-03 10:46:19.121","11265","Beethoven (Moonlight Sonata)","Andrea Romano","Beethoven (Moonlight Sonata)",899,302797983,256521,302797982,"AF Radio",,"states/US-NAT","US Partner Digital"
"9257_1779881330","2026-05-27 11:28:50","2026-06-03 10:44:12.277","9257","Vivaldi: Violin Concerto In D, Op. 8/1, RV 269, ""The Four Seasons/Spring"" - 3. Danza Pastorale","Karl Münchinger: Stuttgart Chamber Orchestra","Vivaldi: The Four Seasons",228,-1,-1,-1,"Real Southern Gospel Radio","OTHER","states/US-NAT","US Partner Digital"
"1709_1779881324","2026-05-27 11:28:44","2026-06-03 09:36:59.996","1709","Gasoline","Seether","Disclaimer",169,26930302,80363,26930301,"55KRC","NEWSTALK","OH","News & Talk"
"4027_1779881287","2026-05-27 11:28:07","2026-06-01 05:51:34.485","4027","Dreamer","Supertramp","Crime Of The Century",211,29768891,39262,29768886,"NewsRadio 580 WHP","NEWSTALK","PA","News & Talk"
"9493_1779881250","2026-05-27 11:27:30","2026-06-03 10:45:25.807","9493","Opalite","Taylor Swift","The Life of a Showgirl",234,353381096,33221,353381093,"Cadena SER","SPANISH","states/US-NAT","Spanish"
"11265_1779881207","2026-05-27 11:26:47","2026-06-03 10:46:19.121","11265","Chopin: Ballade No. 3 in A Flat, Op. 47","Yundi","Chopin: Ballades, Berceuse, Mazurkas",450,38548272,284989,38548269,"AF Radio",,"states/US-NAT","US Partner Digital"
"10179_1779881093","2026-05-27 11:24:53","2026-06-03 10:44:21.506","10179","Brother Sister","Christie Dashiell","Journey In Black",264,-1,-1,-1,"Gospel Road from Family Life","OTHER","states/US-NAT","US Partner Digital"
"8282_1779881028","2026-05-27 11:23:48","2026-06-03 10:45:09.901","8282","Goals","LISA, Anitta, Rema & FIFA Sound","Goals (FIFA World Cup 2026™)",179,402792282,36855135,402792281,"TUDN Radio","SPANISH","states/US-NAT","US Partner Digital"
"9495_1779880968","2026-05-27 11:22:48","2026-06-03 10:45:25.113","9495","Mi PC","Juan Luis Guerra","Ni Es Lo Mismo Ni Es Igual",197,178670366,33990,178670365,"ADN","SPANISH","states/US-NAT","Spanish"
"8891_1779880907","2026-05-27 11:21:47","2026-06-03 10:44:12.337","8891","Bruckner: Symphony #8 In C Minor, WAB 108, ""Apocalyptic"" - 1. Allegro Moderato","Markus Poschner: Bruckner Orchestra Linz","Bruckner: Symphony #8 In C Minor, ""Apocalyptic"" (1890 Version)",910,-1,-1,-1,"YourClassical Women's History","OTHER","states/US-NAT","US Partner Digital"
"4027_1779880873","2026-05-27 11:21:13","2026-06-01 05:51:34.485","4027","Got My Mind Set on You","George Harrison","Cloud Nine",232,1345549,29143,1345538,"NewsRadio 580 WHP","NEWSTALK","PA","News & Talk"
"7810_1779880629","2026-05-27 11:17:09","2026-06-03 10:44:10.156","7810","Friend of the Devil","Grateful Dead","American Beauty",204,25120701,58935,25120699,"88.5 WVPB",,"states/US-NAT","US Partner Digital"
"1593_1779880455","2026-05-27 11:14:15","2026-06-03 10:43:41.362","1593","Clint Eastwood","Gorillaz & Del the Funky Homosapien","Gorillaz",340,12873501,29588,12873496,"NewsRadio 570 WWNC","NEWSTALK","NC","News & Talk"
"1661_1779880386","2026-05-27 11:13:06","2026-05-30 11:39:50.746","1661","In My Dreams","Dokken","Under Lock and Key",258,374757594,40633,374757591,"550 / 99.7 KFYR","NEWSTALK","ND","News & Talk"
"6294_1779880320","2026-05-27 11:12:00","2026-06-03 10:44:50.450","6294","Bach: Magnificat In E Flat, BWV 243A - Et Exultavit Spiritus Meus","John Eliot Gardiner: English Baroque Soloists, Monteverdi Choir","Bach: Magnificant In E Flat, Missa In F",141,-1,-1,-1,"YourClassical Choral","OTHER","states/US-NAT","Classical"
"10176_1779880316","2026-05-27 11:11:56","2026-06-03 10:44:21.313","10176","BB ;(","Saiko, Came Beats","BB ;(",179,166606399,615163,166606398,"Rewind from Family Life","OTHER","states/US-NAT","US Partner Digital"
"6297_1779880308","2026-05-27 11:11:48","2026-06-03 10:44:08.455","6297","God Moving Over the Face of the Waters","Moby","Everything Is Wrong",441,181991139,16233,181991127,"Local Current","ROCKALTERNATIVE","states/US-NAT","US Partner Digital"
"9772_1779880259","2026-05-27 11:10:59","2026-06-03 10:45:28.886","9772","Outras Asas","Iara Rennó feat. Camila Pitanga, Thalma de Freitas, Fabrício Boliveira","AfrodisíacA",121,313341095,960709,313341085,"Traklife Radio","ACHOTMODERN","states/US-NAT","US Partner Digital"
"6294_1779880164","2026-05-27 11:09:24","2026-06-03 10:44:50.450","6294","J.S. Bach: Magnificat in D Major, BWV 243: I. Magnificat","Atlanta Symphony Orchestra, Robert Shaw & Atlanta Symphony Orchestra Chamber Chorus","Vivaldi: Gloria in D Major, RV 589 - Bach: Magnificat in D Major, BWV 243",191,164764524,207042,164764511,"YourClassical Choral","OTHER","states/US-NAT","Classical"
"6294_1779880130","2026-05-27 11:08:50","2026-06-03 10:44:50.450","6294","Magnificat, BWV 243","I Virtuosi Di Lugano","Bach: Festival",189,32562474,30260485,32562460,"YourClassical Choral","OTHER","states/US-NAT","Classical"
"6294_1779880126","2026-05-27 11:08:46","2026-06-03 10:44:50.450","6294","J.S. Bach: Magnificat in D Major, BWV 243: I. Magnificat","Atlanta Symphony Orchestra, Robert Shaw & Atlanta Symphony Orchestra Chamber Chorus","Vivaldi: Gloria in D Major, RV 589 - Bach: Magnificat in D Major, BWV 243",191,164764524,207042,164764511,"YourClassical Choral","OTHER","states/US-NAT","Classical"
"1709_1779879931","2026-05-27 11:05:31","2026-06-03 09:36:59.996","1709","Lateralus","TOOL","Lateralus",564,77407710,6767,77407701,"55KRC","NEWSTALK","OH","News & Talk"
"10179_1779879581","2026-05-27 10:59:41","2026-06-03 10:44:21.506","10179","The Missing Pieces","Ariel Marx","Children of the Underground",165,179354523,31938464,179354500,"Gospel Road from Family Life","OTHER","states/US-NAT","US Partner Digital"
"1593_1779879568","2026-05-27 10:59:28","2026-06-03 10:43:41.362","1593","All My Friends","The Revivalists","Made In Muscle Shoals",290,89830829,422184,89830823,"NewsRadio 570 WWNC","NEWSTALK","NC","News & Talk"
"11265_1779879379","2026-05-27 10:56:19","2026-06-03 10:46:19.121","11265","끝이래 Instrumental","김경현","끝이래",221,301550289,33697547,301550287,"AF Radio",,"states/US-NAT","US Partner Digital"
"11265_1779879375","2026-05-27 10:56:15","2026-06-03 10:46:19.121","11265","Blame It On My Youth / Meditation","Keith Jarrett","The Melody At Night, With You",439,759208,39715,759205,"AF Radio",,"states/US-NAT","US Partner Digital"
"11265_1779879360","2026-05-27 10:56:00","2026-06-03 10:46:19.121","11265","Salut d'amour, Op. 12","Péter Nagy","Piano Bliss",232,48202014,31670911,48202009,"AF Radio",,"states/US-NAT","US Partner Digital"
"11265_1779879334","2026-05-27 10:55:34","2026-06-03 10:46:19.121","11265","Where Can I Go Without You","Keith Jarrett & Charlie Haden","Jasmine",563,7443441,362605,7443439,"AF Radio",,"states/US-NAT","US Partner Digital"
"8282_1779879284","2026-05-27 10:54:44","2026-06-03 10:45:09.901","8282","Te lo agradezco, pero no (feat. Shakira)","Alejandro Sanz","El tren de los momentos",274,4084614,38987,4084611,"TUDN Radio","SPANISH","states/US-NAT","US Partner Digital"
"11265_1779879262","2026-05-27 10:54:22","2026-06-03 10:46:19.121","11265","Rachmaninoff: Études-Tableaux, Op. 39 - No. 7 In C Minor. Lento, Lugrube [Live]","Aristo Sham","2025 Cliburn Competition: Semifinal Round [Live]",372,-1,-1,-1,"AF Radio",,"states/US-NAT","US Partner Digital"
"10179_1779879241","2026-05-27 10:54:01","2026-06-03 10:44:21.506","10179","武汉加油","张丹锋","武汉加油",229,391281675,32297946,391281674,"Gospel Road from Family Life","OTHER","states/US-NAT","US Partner Digital"
"11265_1779879238","2026-05-27 10:53:58","2026-06-03 10:46:19.121","11265","Beethoven: Piano Sonata No. 8 in C Minor, Op. 13 ""Pathétique"": II. Adagio cantabile","HJ Lim","Beethoven: Complete Piano Sonatas",268,18709416,767666,18709401,"AF Radio",,"states/US-NAT","US Partner Digital"
"1709_1779879233","2026-05-27 10:53:53","2026-06-03 09:36:59.996","1709","You're The One","Greta Van Fleet","Anthem Of The Peaceful Army",258,63067114,883581,63067108,"55KRC","NEWSTALK","OH","News & Talk"
"11265_1779879159","2026-05-27 10:52:39","2026-06-03 10:46:19.121","11265","Ballade No. 4 In F Minor, Op. 52","Seong-Jin Cho","Chopin: Piano Concerto No. 1; Ballades",726,43511719,31050706,43511712,"AF Radio",,"states/US-NAT","US Partner Digital"
"9495_1779879148","2026-05-27 10:52:28","2026-06-03 10:45:25.113","9495","Agapimu","Ana Belén","Ana",213,42018351,106573,42018350,"ADN","SPANISH","states/US-NAT","Spanish"
"11462_1779879109","2026-05-27 10:51:49","2026-06-03 10:46:23.468","11462","Ezhaam Baharinte","M.G. Sreekumar;Sujatha","Kanakinavu",368,232081998,30081409,232081994,"Carolina smoke radio",,"states/US-NAT","US Partner Digital"
"7810_1779878977","2026-05-27 10:49:37","2026-06-03 10:44:10.156","7810","A Report to the Shareholders / Kill Your Masters","Run The Jewels, EL-P, Killer Mike","Run The Jewels 3",374,372144296,910167,372144282,"88.5 WVPB",,"states/US-NAT","US Partner Digital"
"8282_1779878514","2026-05-27 10:41:54","2026-06-03 09:39:55.416","8282","NUEVAYoL","Bad Bunny","DeBÍ TiRAR MáS FOToS",183,307235936,31333415,307235935,"TUDN Radio","SPANISH","states/US-NAT","US Partner Digital"
"10179_1779878486","2026-05-27 10:41:26","2026-06-03 09:39:04.400","10179","When The Lights Go Down","DJ Snake","Carte Blanche",230,76915449,21564,76915446,"Gospel Road from Family Life","OTHER","states/US-NAT","US Partner Digital"
"9494_1779878467","2026-05-27 10:41:07","2026-06-03 09:40:17.331","9494","Janice STFU","Drake","ICEMAN",236,402229076,44512,402229072,"Caracol Radio","SPANISH","states/US-NAT","Spanish"
"1661_1779878459","2026-05-27 10:40:59","2026-05-30 11:39:50.746","1661","Get Over It","Eagles","Hell Freezes Over",211,69907015,59842,69907014,"550 / 99.7 KFYR","NEWSTALK","ND","News & Talk"
"1709_1779878438","2026-05-27 10:40:38","2026-06-03 08:31:15.606","1709","Gone Away","The Offspring","Ixnay On The Hombre",269,43669009,80925,43669002,"55KRC","NEWSTALK","OH","News & Talk"
"6297_1779878352","2026-05-27 10:39:12","2026-06-03 09:38:44.472","6297","Lie To Me","Jonny Lang","Lie To Me",250,575713,39612,575704,"Local Current","ROCKALTERNATIVE","states/US-NAT","US Partner Digital"
"10179_1779878337","2026-05-27 10:38:57","2026-06-03 09:39:04.400","10179","I Got Saved","Selah","Unbreakable",218,44885618,27190,44885615,"Gospel Road from Family Life","OTHER","states/US-NAT","US Partner Digital"
"9495_1779878304","2026-05-27 10:38:24","2026-06-03 09:40:17.574","9495","Power To The People","John Lennon","GIMME SOME TRUTH.",203,112704789,972,112704782,"ADN","SPANISH","states/US-NAT","Spanish"
"8282_1779878184","2026-05-27 10:36:24","2026-06-03 09:39:55.416","8282","Volverte A Ver","Juanes","Mi Sangre",217,805181,41790,805180,"TUDN Radio","SPANISH","states/US-NAT","US Partner Digital"
"1593_1779878136","2026-05-27 10:35:36","2026-06-03 09:38:13.559","1593","Honky Tonk Women","The Rolling Stones","Through The Past, Darkly (Big Hits Vol. 2)",179,631060,39467,631052,"NewsRadio 570 WWNC","NEWSTALK","NC","News & Talk"
"9772_1779878124","2026-05-27 10:35:24","2026-06-03 09:40:21.319","9772","Night Drive","Gorgon City","Escape",279,60280086,842014,60280074,"Traklife Radio","ACHOTMODERN","states/US-NAT","US Partner Digital"
"9772_1779877939","2026-05-27 10:32:19","2026-06-03 09:40:21.319","9772","Jatti Malwain","Khazala, Jasmeen Akhtar & Mad Mix","Out Of 10?",209,-1,-1,-1,"Traklife Radio","ACHOTMODERN","states/US-NAT","US Partner Digital"
"10361_1779877873","2026-05-27 10:31:13","2026-06-03 09:41:11.371","10361","Our Story Our Song","Prestonwood Worship (featuring Jordan Grizzard)","Songs of the People",295,78150712,32538804,78150708,"89.1 Crossway Radio","OTHER","PA","Christian & Gospel"
"9495_1779877690","2026-05-27 10:28:10","2026-06-03 09:40:17.574","9495","Would? (2022 Remaster)","Alice in Chains","Dirt",207,1800185,44757,1800079,"ADN","SPANISH","states/US-NAT","Spanish"
"1661_1779877666","2026-05-27 10:27:46","2026-05-30 11:39:50.746","1661","You're The One That I Want","John Travolta & Olivia Newton-John","Grease",167,82559164,7270,82559160,"550 / 99.7 KFYR","NEWSTALK","ND","News & Talk"
"9495_1779877453","2026-05-27 10:24:13","2026-06-03 09:40:17.574","9495","Down in a Hole","Alice in Chains","Music Bank",337,2484810,44757,2484696,"ADN","SPANISH","states/US-NAT","Spanish"
"1709_1779877370","2026-05-27 10:22:50","2026-06-02 11:34:22.309","1709","The Passenger","Iggy Pop","Lust For Life",279,47736030,9649,47736026,"55KRC","NEWSTALK","OH","News & Talk"
"9495_1779877274","2026-05-27 10:21:14","2026-06-03 09:40:17.574","9495","No Excuses","Alice in Chains","Unplugged",296,8797246,44757,8797243,"ADN","SPANISH","states/US-NAT","Spanish"
"9494_1779877226","2026-05-27 10:20:26","2026-06-03 09:40:17.331","9494","Triste Y Vacía","Hector Lavoe & Willie Colon","A Man And His Music: La Voz",371,74084814,31142744,74084802,"Caracol Radio","SPANISH","states/US-NAT","Spanish"
"8282_1779877028","2026-05-27 10:17:08","2026-06-03 09:39:55.416","8282","Ojos Marrones","Lasso","Eva",197,208627672,30826190,208627669,"TUDN Radio","SPANISH","states/US-NAT","US Partner Digital"
"10179_1779876972","2026-05-27 10:16:12","2026-06-03 09:39:04.400","10179","The Way (New Horizon)","Gaither Vocal Band","That's Gospel, Brother",227,360581436,27199,360581429,"Gospel Road from Family Life","OTHER","states/US-NAT","US Partner Digital"
"1593_1779876846","2026-05-27 10:14:06","2026-06-03 09:38:13.559","1593","Walking On The Moon","The Police","Reggatta De Blanc",299,72318671,4688,72318665,"NewsRadio 570 WWNC","NEWSTALK","NC","News & Talk"
"1661_1779876588","2026-05-27 10:09:48","2026-05-30 10:31:57.642","1661","Spirit In The Sky","Norman Greenbaum","Spirit In The Sky",243,72864844,155715,72864842,"550 / 99.7 KFYR","NEWSTALK","ND","News & Talk"
"1661_1779876353","2026-05-27 10:05:53","2026-05-30 10:31:57.642","1661","Maybe I'm Amazed","Paul McCartney","Wings Over America",321,71390297,4682,71390292,"550 / 99.7 KFYR","NEWSTALK","ND","News & Talk"
"7097_1779876335","2026-05-27 10:05:35","2026-06-03 09:38:45.734","7097","Help Me (feat. The Joni Jam)","Joni Mitchell","Joni Mitchell at Newport",320,226148018,3606,226147994,"EWTN Radio Catolica Mundial","OTHER","states/US-NAT","US Partner Digital"
"9494_1779876004","2026-05-27 10:00:04","2026-06-03 09:40:17.331","9494","FUCK, It Got Emotional","Sloli","FUCK, It Got Emotional",201,195866624,33579852,195866623,"Caracol Radio","SPANISH","states/US-NAT","Spanish"
"5972_1779875583","2026-05-27 09:53:03","2026-06-03 09:38:22.476","5972","History","Michael Jackson","HIStory - PAST, PRESENT AND FUTURE - BOOK I",397,10898072,6739,10897710,"The Word 880 AM 104.5 FM","OTHER","OH","Christian & Gospel"
"1709_1779875531","2026-05-27 09:52:11","2026-06-01 05:50:43.929","1709","Outshined","Soundgarden","Badmotorfinger",311,43500988,2136,43500986,"55KRC","NEWSTALK","OH","News & Talk"
"9495_1779875530","2026-05-27 09:52:10","2026-06-03 09:40:17.574","9495","Just an Illusion","Imagination","In the Heat of the Night",385,24299862,111307,24299856,"ADN","SPANISH","states/US-NAT","Spanish"
"9495_1779875232","2026-05-27 09:47:12","2026-06-03 09:40:17.574","9495","Give Me the Night","George Benson","Give Me the Night",302,69557724,7762,69557720,"ADN","SPANISH","states/US-NAT","Spanish"
"9494_1779875168","2026-05-27 09:46:08","2026-06-03 09:40:17.331","9494","Punto y Aparte","Chiquito Team Band","Los Creadores Del Sonido",189,68221270,30367327,68221256,"Caracol Radio","SPANISH","states/US-NAT","Spanish"
"1709_1779874881","2026-05-27 09:41:21","2026-06-01 05:50:43.929","1709","Unsung","Helmet","Meantime",237,693266,5453,693258,"55KRC","NEWSTALK","OH","News & Talk"
"6059_1779874813","2026-05-27 09:40:13","2026-05-31 10:57:20.813","6059","Our Story Our Song","Prestonwood Worship (featuring Jordan Grizzard)","Songs of the People",295,78150712,32538804,78150708,"100.7FM KWRD","Prov_Salem","TX","Christian & Gospel"
"1709_1779874322","2026-05-27 09:32:02","2026-06-01 05:50:43.929","1709","Trippin' on a Hole in a Paper Heart","Stone Temple Pilots","Tiny Music...Songs from the Vatican Gift Shop",175,1012611,58584,1012604,"55KRC","NEWSTALK","OH","News & Talk"
"7232_1779874207","2026-05-27 09:30:07","2026-05-31 10:58:15.608","7232","Our Story Our Song","Prestonwood Worship (featuring Jordan Grizzard)","Songs of the People",295,78150712,32538804,78150708,"620 AM Radio Luz","SPANISH","TX","Spanish"
"6528_1779873722","2026-05-27 09:22:02","2026-06-03 08:33:30.135","6528","Mamaxita","El Mas Viral","Mamaxita [Single]",140,-1,-1,-1,"Classic Rock Universal","SPANISH","CHH","Spanish"
"1709_1779873670","2026-05-27 09:21:10","2026-06-01 05:50:43.929","1709","J.A.R. (Jason Andrew Relva)","Green Day","Dookie",180,235009668,633,235009637,"55KRC","NEWSTALK","OH","News & Talk"
"9494_1779873614","2026-05-27 09:20:14","2026-06-03 08:34:41.399","9494","Eternal","nthng","It Never Ends",628,-1,-1,-1,"Caracol Radio","SPANISH","states/US-NAT","Spanish"
"9675_1779873164","2026-05-27 09:12:44","2026-06-03 08:33:29.817","9675","Never Wanted To Be That Girl","Carly Pearce & Ashley McBryde","29: Written In Stone",214,144886865,30727132,144886857,"Lampasas REAL Country","ACHOTMODERN","states/US-NAT","US Partner Digital"
"9675_1779872980","2026-05-27 09:09:40","2026-06-03 08:33:29.817","9675","What She Wants Tonight","Luke Bryan","What She Wants Tonight",186,82269692,29083,82269691,"Lampasas REAL Country","ACHOTMODERN","states/US-NAT","US Partner Digital"
"9675_1779872540","2026-05-27 09:02:20","2026-06-03 08:33:29.817","9675","Blessed","ERNEST","Blessed",220,357453532,42811395,357453531,"Lampasas REAL Country","ACHOTMODERN","states/US-NAT","US Partner Digital"
"8282_1779872503","2026-05-27 09:01:43","2026-06-03 08:34:25.130","8282","Dangerous Lap","François-Maxime Boutault, Gabin de l'Auray","Wheels on Fire",167,183161450,32016488,183161449,"TUDN Radio","SPANISH","states/US-NAT","US Partner Digital"
"7376_1779872442","2026-05-27 09:00:42","2026-06-03 08:34:08.716","7376","The Nature Of Time","Robin Spielberg","2006 Encore Concert In Korea [Live]",334,-1,-1,-1,"89.7 Bridge FM","OTHER","NJ","Christian & Gospel"
"9675_1779872296","2026-05-27 08:58:16","2026-06-03 08:33:29.817","9675","Break Itself","Randy Rogers Band","Break Itself",191,312440602,39297,312440601,"Lampasas REAL Country","ACHOTMODERN","states/US-NAT","US Partner Digital"
"7097_1779872151","2026-05-27 08:55:51","2026-06-03 08:33:24.982","7097","Taken (part 4)","Todd Anderson-Kunert","You Promised",420,126809115,33090314,126809111,"EWTN Radio Catolica Mundial","OTHER","states/US-NAT","US Partner Digital"
"6059_1779872134","2026-05-27 08:55:34","2026-05-31 10:57:20.813","6059","Steal My Sunshine","Len","You Can't Stop The Bum Rush",264,2589526,123337,2584258,"100.7FM KWRD","Prov_Salem","TX","Christian & Gospel"
"8282_1779872001","2026-05-27 08:53:21","2026-06-03 08:34:25.130","8282","The Ketchup Song (Aserejé)","Las Ketchup","Hijas del Tomate",213,57446329,123755,57446328,"TUDN Radio","SPANISH","states/US-NAT","US Partner Digital"
"11456_1779871632","2026-05-27 08:47:12","2026-06-03 08:35:48.390","11456","Heaven","Talking Heads","Fear of Music",240,1023558,27226,1023550,"Titans Radio Network",,"TN","Sports"
"8282_1779871115","2026-05-27 08:38:35","2026-06-03 08:34:25.130","8282","Kusha Las Payas","Las Ketchup","Hijas del Tomate",166,57446330,123755,57446328,"TUDN Radio","SPANISH","states/US-NAT","US Partner Digital"
"8282_1779870921","2026-05-27 08:35:21","2026-06-03 08:34:25.130","8282","Toma Que Toma","Trio El Ventilador","Rumbas 100%",171,14644247,625157,14644227,"TUDN Radio","SPANISH","states/US-NAT","US Partner Digital"
"9495_1779870878","2026-05-27 08:34:38","2026-06-03 08:34:41.939","9495","Are You Gonna Go My Way","Lenny Kravitz","Are You Gonna Go My Way",211,538742,7072,538741,"ADN","SPANISH","states/US-NAT","Spanish"
"9495_1779870873","2026-05-27 08:34:33","2026-06-03 08:34:41.939","9495","Are You Gonna Go My Way","Lenny Kravitz","Are You Gonna Go My Way",211,538742,7072,538741,"ADN","SPANISH","states/US-NAT","Spanish"
"10176_1779870804","2026-05-27 08:33:24","2026-06-03 08:33:36.620","10176","Mes Vacances A Rio","<<rinôçérôse>>","Installation Sonore",389,864416,30005419,864411,"Rewind from Family Life","OTHER","states/US-NAT","US Partner Digital"
"9495_1779870616","2026-05-27 08:30:16","2026-06-03 07:29:00.671","9495","Principles Of Lust: Sadeness / Find Love / Sadeness (Reprise)","Enigma","MCMXC a.D.",703,1346868,30741517,1346866,"ADN","SPANISH","states/US-NAT","Spanish"
"9495_1779870280","2026-05-27 08:24:40","2026-06-03 07:29:00.671","9495","How You Remind Me","Nickelback","Silver Side Up",223,1987420,34750,1987417,"ADN","SPANISH","states/US-NAT","Spanish"
"9495_1779870046","2026-05-27 08:20:46","2026-06-03 07:29:00.671","9495","Say You, Say Me","Lionel Richie","Dancing On The Ceiling",245,578447,39167,578439,"ADN","SPANISH","states/US-NAT","Spanish"
"11265_1779869784","2026-05-27 08:16:24","2026-06-03 07:29:50.036","11265","Lohengrin: Bridal Chorus (Marsz Weselny Ze Fortepian)","Casamentos Orquestra","Muzyka Weselna I Marsz Weselny",127,-1,-1,-1,"AF Radio",,"states/US-NAT","US Partner Digital"
"9495_1779869782","2026-05-27 08:16:22","2026-06-03 07:29:00.671","9495","Magic (Remastered 2022)","Olivia Newton-John","Olivia's Greatest Hits (Vol. 2 / Deluxe Edition / Remastered)",269,379885554,3124,379885552,"ADN","SPANISH","states/US-NAT","Spanish"
"11265_1779869735","2026-05-27 08:15:35","2026-06-03 07:29:50.036","11265","Introduction. Preparatory Exercise Featuring Søren Bebe","BalletMusicDK","Music For Ballet & Contemporary Classes - Barre",122,-1,-1,-1,"AF Radio",,"states/US-NAT","US Partner Digital"
"9495_1779869558","2026-05-27 08:12:38","2026-06-03 07:29:00.671","9495","I'll Be Over You","Toto","Fahrenheit",229,2569607,30393191,2569503,"ADN","SPANISH","states/US-NAT","Spanish"
"9495_1779869369","2026-05-27 08:09:29","2026-06-03 07:29:00.671","9495","Memories","Maroon 5","JORDI",188,136748621,40523,136748610,"ADN","SPANISH","states/US-NAT","Spanish"
"9495_1779869163","2026-05-27 08:06:03","2026-06-03 07:29:00.671","9495","BIRDS OF A FEATHER","Billie Eilish","HIT ME HARD AND SOFT",210,270077608,31132274,270077604,"ADN","SPANISH","states/US-NAT","Spanish"
"9495_1779868976","2026-05-27 08:02:56","2026-06-03 07:29:00.671","9495","Vivir Así Es Morir De Amor","David Bisbal","Vivir Así Es Morir De Amor",200,395707854,41347,395707853,"ADN","SPANISH","states/US-NAT","Spanish"
"5972_1779868922","2026-05-27 08:02:02","2026-06-03 07:27:09.055","5972","Auld Lang Syne (The Millennium Mix)","Kenny G","Faith: A Holiday Album",471,-1,-1,-1,"The Word 880 AM 104.5 FM","OTHER","OH","Christian & Gospel"
"9495_1779868818","2026-05-27 08:00:18","2026-06-03 07:29:00.671","9495","There She Goes","The La's","The La's",161,632369,40691,632365,"ADN","SPANISH","states/US-NAT","Spanish"
"7810_1779868721","2026-05-27 07:58:41","2026-06-03 07:27:35.212","7810","La femme d'argent","Air","Moon Safari",430,547388,27826,547387,"88.5 WVPB",,"states/US-NAT","US Partner Digital"
"6059_1779868510","2026-05-27 07:55:10","2026-05-31 10:57:20.813","6059","Rollout (My Business)","Ludacris","Word Of Mouf",296,634770,39336,634759,"100.7FM KWRD","Prov_Salem","TX","Christian & Gospel"
"6010_1779868502","2026-05-27 07:55:02","2026-05-31 03:16:19.529","6010","Steal My Sunshine","Len","You Can't Stop The Bum Rush",264,2589526,123337,2584258,"WORD 101.5 FM","Prov_Salem","PA","Christian & Gospel"
"6059_1779868441","2026-05-27 07:54:01","2026-05-31 10:57:20.813","6059","Steal My Sunshine","Len","You Can't Stop The Bum Rush",264,2589526,123337,2584258,"100.7FM KWRD","Prov_Salem","TX","Christian & Gospel"
"7097_1779868436","2026-05-27 07:53:56","2026-06-03 07:27:33.848","7097","Rua","Mike11","19.2k",223,149222081,31949929,149222073,"EWTN Radio Catolica Mundial","OTHER","states/US-NAT","US Partner Digital"
"9495_1779868420","2026-05-27 07:53:40","2026-06-03 07:29:00.671","9495","If This Is It","Huey Lewis & the News","Sports",233,21383661,19378,21383654,"ADN","SPANISH","states/US-NAT","Spanish"
"9495_1779868207","2026-05-27 07:50:07","2026-06-03 07:29:00.671","9495","Down Under","Men at Work","Business As Usual",225,21192334,98022,21192324,"ADN","SPANISH","states/US-NAT","Spanish"
"9495_1779867939","2026-05-27 07:45:39","2026-06-03 07:29:00.671","9495","Never Let Me Down Again","Depeche Mode","Music for the Masses",287,263029817,2151,263029816,"ADN","SPANISH","states/US-NAT","Spanish"
"9495_1779867664","2026-05-27 07:41:04","2026-06-03 07:29:00.671","9495","Anybody Seen My Baby?","The Rolling Stones","Bridges To Babylon",270,19036095,39467,19036093,"ADN","SPANISH","states/US-NAT","Spanish"
"9495_1779867456","2026-05-27 07:37:36","2026-06-03 07:29:00.671","9495","Flowers In The Window","Travis","The Invisible Band",221,71506054,30411789,71506049,"ADN","SPANISH","states/US-NAT","Spanish"
"9494_1779867437","2026-05-27 07:37:17","2026-06-03 07:29:00.743","9494","Para Que Seas Feliz","Ricardo Montaner","Para Que Seas Feliz",222,390113907,29617,390113906,"Caracol Radio","SPANISH","states/US-NAT","Spanish"
"9495_1779867277","2026-05-27 07:34:37","2026-06-03 07:29:00.671","9495","Walking On A Dream","Empire of the Sun","Walking On A Dream",198,68459250,34051,68459248,"ADN","SPANISH","states/US-NAT","Spanish"
"9494_1779867170","2026-05-27 07:32:50","2026-06-03 07:29:00.743","9494","Dai Dai","Shakira & Burna Boy","Dai Dai",223,401894530,36640,401894529,"Caracol Radio","SPANISH","states/US-NAT","Spanish"
"9494_1779867108","2026-05-27 07:31:48","2026-06-03 07:29:00.743","9494","Be Her","Ella Langley","Be Her",216,379348746,32173141,379348745,"Caracol Radio","SPANISH","states/US-NAT","Spanish"
"10176_1779866847","2026-05-27 07:27:27","2026-06-03 07:27:48.144","10176","BARELY","DIXSON","004DAISY",171,184163256,37749964,184163253,"Rewind from Family Life","OTHER","states/US-NAT","US Partner Digital"
"10176_1779866828","2026-05-27 07:27:08","2026-06-03 07:27:48.144","10176","haifisch","davey6000","haifisch",208,115826269,32858941,115826268,"Rewind from Family Life","OTHER","states/US-NAT","US Partner Digital"
"10176_1779866802","2026-05-27 07:26:42","2026-06-03 07:27:48.144","10176","Tied Up Too Tight","Hard-Fi","Stars Of CCTV (US ALBUM/ DIGITAL)",288,8255282,60760,8255279,"Rewind from Family Life","OTHER","states/US-NAT","US Partner Digital"
"9257_1779866243","2026-05-27 07:17:23","2026-06-03 06:22:10.802","9257","The World Needs a Song","The Lore Family","The World Needs a Song",191,153601766,30878880,153601765,"Real Southern Gospel Radio","OTHER","states/US-NAT","US Partner Digital"
"9495_1779865803","2026-05-27 07:10:03","2026-06-03 06:23:24.258","9495","Good Luck, Babe!","Chappell Roan","Good Luck, Babe!",218,263541621,31738844,263541620,"ADN","SPANISH","states/US-NAT","Spanish"
"10176_1779865732","2026-05-27 07:08:52","2026-06-03 06:22:20.289","10176","Molly Malone","Patty Gurdy","Frost & Faeries",312,300677387,33571268,300677385,"Rewind from Family Life","OTHER","states/US-NAT","US Partner Digital"
"9197_1779865051","2026-05-27 06:57:31","2026-05-30 19:29:23.478","9197","I Believe","Phil Wickham","I Believe",301,224259575,89487,224259574,"1640 KDIA","OTHER","CA","Christian & Gospel"
"9257_1779865049","2026-05-27 06:57:29","2026-06-03 06:22:10.802","9257","Troublesome Waters","Authentic Unlimited","The Gospel Sessions, Vol 2",198,258433428,37760678,258433420,"Real Southern Gospel Radio","OTHER","states/US-NAT","US Partner Digital"
"9494_1779864848","2026-05-27 06:54:08","2026-06-03 06:23:24.279","9494","Only Time","Enya","Only Time",217,17218456,59142,17218455,"Caracol Radio","SPANISH","states/US-NAT","Spanish"
"9257_1779864164","2026-05-27 06:42:44","2026-06-03 06:22:10.802","9257","Fantasy Life","Zoiberg","Summer Pack",408,90883770,784638,90883767,"Real Southern Gospel Radio","OTHER","states/US-NAT","US Partner Digital"
"9257_1779863895","2026-05-27 06:38:15","2026-06-03 06:22:10.802","9257","The Old Woman's Dance / The Skylarks's Ascension","Brighde Chaimbuel","The Reeling",266,68122149,32736821,68122143,"Real Southern Gospel Radio","OTHER","states/US-NAT","US Partner Digital"
"9494_1779862881","2026-05-27 06:21:21","2026-06-03 05:17:12.567","9494","Orinoco Flow","Enya","Watermark",265,1042757,59142,1042750,"Caracol Radio","SPANISH","states/US-NAT","Spanish"
"11265_1779862656","2026-05-27 06:17:36","2026-06-03 05:18:39.986","11265","房間 [Live]","張碧晨 & Lil Ghost小鬼","音你而來第二季: 第11期 [Live]",294,-1,-1,-1,"AF Radio",,"states/US-NAT","US Partner Digital"
"10176_1779862463","2026-05-27 06:14:23","2026-06-03 05:15:21.503","10176","Soy un Bandido","Cris Mj","Soy un Bandido",191,98390833,34269203,98390832,"Rewind from Family Life","OTHER","states/US-NAT","US Partner Digital"
"9257_1779862424","2026-05-27 06:13:44","2026-06-03 05:14:43.557","9257","I Have God to Thank for Everything","The Inspirations","A Pioneer Legacy",168,159724880,30406923,159724875,"Real Southern Gospel Radio","OTHER","states/US-NAT","US Partner Digital"
"7097_1779862346","2026-05-27 06:12:26","2026-06-03 05:14:14.689","7097","擦肩而过","黄绮珊","只有你",306,-1,-1,-1,"EWTN Radio Catolica Mundial","OTHER","states/US-NAT","US Partner Digital"
"9257_1779861584","2026-05-27 05:59:44","2026-06-03 05:14:43.557","9257","Clouds","BUNT.","Clouds",143,207102209,30686411,207102208,"Real Southern Gospel Radio","OTHER","states/US-NAT","US Partner Digital"
"10176_1779861514","2026-05-27 05:58:34","2026-06-03 05:15:21.503","10176","Collide","Delta Heavy","Only In Dreams",307,78418213,476725,78418205,"Rewind from Family Life","OTHER","states/US-NAT","US Partner Digital"
"7810_1779861476","2026-05-27 05:57:56","2026-06-03 05:14:23.472","7810","Is It Worth It (Happy Birthday)?","Cate Le Bon","Michelangelo Dying",347,329164059,281806,329164055,"88.5 WVPB",,"states/US-NAT","US Partner Digital"
"7810_1779861206","2026-05-27 05:53:26","2026-06-03 05:14:23.472","7810","Love Is A Good Thing","Sheryl Crow","Sheryl Crow",282,649707,32383,649703,"88.5 WVPB",,"states/US-NAT","US Partner Digital"
"7097_1779861186","2026-05-27 05:53:06","2026-06-03 05:14:14.689","7097","This Old Man","Matthew Mayer","Piano Lullabies",137,186201527,359149,186201523,"EWTN Radio Catolica Mundial","OTHER","states/US-NAT","US Partner Digital"
"10263_1779860620","2026-05-27 05:43:40","2026-06-03 05:18:17.367","10263","T.N.T.","AC/DC","High Voltage",214,33310498,83301,33310493,"Power 106","ROCKCLASSIC","SD","Classic Rock"
"10263_1779860166","2026-05-27 05:36:06","2026-06-03 05:18:17.367","10263","Let's Go","The Cars","Candy-O",212,49018530,58396,49018529,"Power 106","ROCKCLASSIC","SD","Classic Rock"
"10263_1779859920","2026-05-27 05:32:00","2026-06-03 05:18:17.367","10263","Love Is A Battlefield","Pat Benatar","Live From Earth",324,558320,28794,558311,"Power 106","ROCKCLASSIC","SD","Classic Rock"
"9257_1779859799","2026-05-27 05:29:59","2026-06-03 05:14:43.557","9257","Three Nails Instead","The Nelons","Loving You",228,281617714,27284,281617705,"Real Southern Gospel Radio","OTHER","states/US-NAT","US Partner Digital"
"7097_1779859783","2026-05-27 05:29:43","2026-06-03 05:14:14.689","7097","A Dimly Lit Room","Ennio Morricone","C'Era Una Volta Il West [Expanded Version]",307,-1,-1,-1,"EWTN Radio Catolica Mundial","OTHER","states/US-NAT","US Partner Digital"
"10263_1779859721","2026-05-27 05:28:41","2026-06-03 05:18:17.367","10263","Bad Case Of Loving You (Doctor, Doctor)","Robert Palmer","Secrets",192,186944776,29598,186944775,"Power 106","ROCKCLASSIC","SD","Classic Rock"
"7097_1779859609","2026-05-27 05:26:49","2026-06-03 05:14:14.689","7097","Brothers","Ennio Morricone","The Mission: Music From The Motion Picture",92,526458,1474,526453,"EWTN Radio Catolica Mundial","OTHER","states/US-NAT","US Partner Digital"
"9257_1779859346","2026-05-27 05:22:26","2026-06-03 05:14:43.557","9257","Grand Battement. Metre 2/4.","MetodoVadim","Russian Piano Music For Advanced Ballet Class",58,-1,-1,-1,"Real Southern Gospel Radio","OTHER","states/US-NAT","US Partner Digital"
"10257_1779858917","2026-05-27 05:15:17","2026-06-03 04:10:11.497","10257","Man in Black","Johnny Cash","Man In Black",172,7087940,1616,7087926,"Classic Country 94.5 / 1350","COUNTRY","SD","Country"
"10257_1779858707","2026-05-27 05:11:47","2026-06-03 04:10:11.497","10257","Take It Easy (2006 Remastered Version)","Travis Tritt","The Very Best Of Travis Tritt",211,1100830,59376,1100828,"Classic Country 94.5 / 1350","COUNTRY","SD","Country"
"9197_1779857896","2026-05-27 04:58:16","2026-05-30 06:11:24.922","9197","Gospel Song","Rhett Walker","Gospel Song - EP",193,139068428,32947495,139068425,"1640 KDIA","OTHER","CA","Christian & Gospel"
"7097_1779857799","2026-05-27 04:56:39","2026-06-03 04:08:14.757","7097","In The Cloudy Sky","JumpUpF","Flying",79,-1,-1,-1,"EWTN Radio Catolica Mundial","OTHER","states/US-NAT","US Partner Digital"
"7097_1779857410","2026-05-27 04:50:10","2026-06-03 04:08:14.757","7097","On Earth As It Is In Heaven","Ennio Morricone","The Mission: Music From The Motion Picture",230,526454,1474,526453,"EWTN Radio Catolica Mundial","OTHER","states/US-NAT","US Partner Digital"
"7097_1779857131","2026-05-27 04:45:31","2026-06-03 04:08:14.757","7097","Improvisation sur Prélude No. 1 en ut majeur","Mourad","Prémices",170,83175555,344686,83175552,"EWTN Radio Catolica Mundial","OTHER","states/US-NAT","US Partner Digital"
"9494_1779856997","2026-05-27 04:43:17","2026-06-03 04:09:32.807","9494","Sexo, Violencia y Llantas","ROSALÍA","LUX",140,359591411,32895845,359591410,"Caracol Radio","SPANISH","states/US-NAT","Spanish"
"177_1779856503","2026-05-27 04:35:03","2026-06-03 04:05:36.470","177","Crawling","Linkin Park","Hybrid Theory",208,1055616,58351,1055611,"KFI AM 640","NEWSTALK","CA","News & Talk"
"9494_1779856402","2026-05-27 04:33:22","2026-06-03 04:09:32.807","9494","Sin Medir Distancias","Diomedes Diaz & ""El Cocha"" Molina","Las Voces del Vallenato",298,42012455,282757,42012447,"Caracol Radio","SPANISH","states/US-NAT","Spanish"
"9494_1779856305","2026-05-27 04:31:45","2026-06-03 04:09:32.807","9494","Ivonny Bonita","KAROL G","Tropicoqueta",222,334848756,30388402,334848754,"Caracol Radio","SPANISH","states/US-NAT","Spanish"
"7097_1779855629","2026-05-27 04:20:29","2026-06-03 04:08:14.757","7097","Piano Sonata No. 1 in F Minor, Op. 2 No. 1: II. Adagio","Seymour Lipkin","Beethoven: Complete Piano Sonatas, Vol. 1: Sonatas 1-10",275,1880659,92752,1880655,"EWTN Radio Catolica Mundial","OTHER","states/US-NAT","US Partner Digital"
"7097_1779854536","2026-05-27 04:02:16","2026-06-03 03:03:05.499","7097","Prelude","Elmer Bernstein","Cecil B. De Mille's The Ten Commandments",307,90864841,30779,90864840,"EWTN Radio Catolica Mundial","OTHER","states/US-NAT","US Partner Digital"
"9197_1779854258","2026-05-27 03:57:38","2026-05-30 03:56:43.386","9197","I Believe You","Megan Woods","I Believe You",213,329121277,36721037,329121276,"1640 KDIA","OTHER","CA","Christian & Gospel"
"10361_1779853897","2026-05-27 03:51:37","2026-06-03 03:05:04.605","10361","Me Faz Tão Bem","Dj Huguinho do Banco","Vivências",111,274104764,36608607,274104762,"89.1 Crossway Radio","OTHER","PA","Christian & Gospel"
"10176_1779853028","2026-05-27 03:37:08","2026-06-03 03:03:18.993","10176","Alle Zusammen","Julian David","Alle Zusammen [Single]",187,-1,-1,-1,"Rewind from Family Life","OTHER","states/US-NAT","US Partner Digital"
"10176_1779852661","2026-05-27 03:31:01","2026-06-03 03:03:18.993","10176","Oh Buddha","The Imperials","Heed the Call",209,44918924,30783548,44918921,"Rewind from Family Life","OTHER","states/US-NAT","US Partner Digital"
"5176_1779850732","2026-05-27 02:58:52","2026-06-03 01:55:51.401","5176","Generator (Second Floor)","Freelance Whales","Weathervanes",271,-1,-1,-1,"WKAQ 580","SPANISH","PR","Spanish"
"9197_1779850705","2026-05-27 02:58:25","2026-05-30 02:49:43.378","9197","How Far","Tasha Layton","How Far",186,164019208,30844662,164019206,"1640 KDIA","OTHER","CA","Christian & Gospel"
"10176_1779850607","2026-05-27 02:56:47","2026-06-03 01:58:29.074","10176","Open The Eyes Of My Heart","Paul Baloche","First Love",320,309282858,90310,309282850,"Rewind from Family Life","OTHER","states/US-NAT","US Partner Digital"
"9257_1779850126","2026-05-27 02:48:46","2026-06-03 01:58:19.621","9257","Praludium and Fugue in C Major, K. 394","Peter Serkin","Peter Serkin Plays Mozart",671,-1,-1,-1,"Real Southern Gospel Radio","OTHER","states/US-NAT","US Partner Digital"
"6130_1779848989","2026-05-27 02:29:49","2026-06-03 01:58:46.442","6130","Disfruto","Karma Child & Made For","Disfruto",181,290265929,44036697,290265928,"EWTN Radio","OTHER","states/US-NAT","US Partner Digital"
"9257_1779848872","2026-05-27 02:27:52","2026-06-03 01:58:19.621","9257","Mountain Moving Faith","11th Hour","What A Moment",188,-1,-1,-1,"Real Southern Gospel Radio","OTHER","states/US-NAT","US Partner Digital"
"7097_1779847633","2026-05-27 02:07:13","2026-06-03 01:58:11.120","7097","Brandenburg Concerto No.  1 in F Major BWV 1046: IV. Menuet - Trio I - Menuet da capo - Polacca - Menuet da capo - Trio II - Menuet da capo","Karel Brazda & Philharmonia Slavonica","J. S. Bach: Brandenburg Concertos",448,22237047,30304791,22237040,"EWTN Radio Catolica Mundial","OTHER","states/US-NAT","US Partner Digital"
"10361_1779847288","2026-05-27 02:01:28","2026-06-03 02:00:12.260","10361","This Is Amazing Grace","Phil Wickham","The Ascension (Deluxe)",279,120985975,89487,120985971,"89.1 Crossway Radio","OTHER","PA","Christian & Gospel"
"9197_1779847083","2026-05-27 01:58:03","2026-05-30 01:44:58.279","9197","Fill My Cup","Andrew Ripp","Fill My Cup",206,336573584,743358,336573583,"1640 KDIA","OTHER","CA","Christian & Gospel"
"7232_1779846666","2026-05-27 01:51:06","2026-05-31 10:58:15.608","7232","Solomon, HWV 67: Sinfonia ""Arrival of the Queen of Sheba""","Raymond Leppard & English Chamber Orchestra","Great Baroque Favorites",184,2805891,32574433,2803786,"620 AM Radio Luz","SPANISH","TX","Spanish"
"10176_1779846232","2026-05-27 01:43:52","2026-06-03 00:53:20.535","10176","Here I Am To Worship","Maranatha Music","Top 50 Praise Songs",247,15487649,30053868,15487631,"Rewind from Family Life","OTHER","states/US-NAT","US Partner Digital"
"9257_1779845911","2026-05-27 01:38:31","2026-06-03 00:53:10.814","9257","On Reflection","Max Richter","Black Mirror - Nosedive",434,43009924,34018,43009923,"Real Southern Gospel Radio","OTHER","states/US-NAT","US Partner Digital"
"10176_1779844541","2026-05-27 01:15:41","2026-06-03 00:53:20.535","10176","Sevdik Sevdalandık","Zeynep Talu & Barbaros","Sevdik Sevdalandık [Single]",198,-1,-1,-1,"Rewind from Family Life","OTHER","states/US-NAT","US Partner Digital"
"6528_1779843869","2026-05-27 01:04:29","2026-06-03 00:53:12.165","6528","Steal My Sunshine","Len","You Can't Stop The Bum Rush",264,2589526,123337,2584258,"Classic Rock Universal","SPANISH","CHH","Spanish"
"7284_1779842965","2026-05-27 00:49:25","2026-06-02 23:48:50.319","7284","No Te Vayas","Ricardo Montaner feat. Julion Alvarez y Su Norteño Banda","No Te Vayas",266,29568418,29617,29568415,"Praise 365","OTHER","MO","Christian & Gospel"
"8376_1779842675","2026-05-27 00:44:35","2026-05-30 20:36:10.904","8376","Dancing With A Stranger","Sam Smith & Normani","Love Goes",171,115149048,423762,115149036,"Business News 97.5","NEWSTALK","IN","News & Talk"
"7376_1779841700","2026-05-27 00:28:20","2026-06-02 23:48:50.813","7376","Up + Up","Colton Dixon","Up + Up",162,314668912,794269,314668910,"89.7 Bridge FM","OTHER","NJ","Christian & Gospel"
"6480_1779841477","2026-05-27 00:24:37","2026-05-30 09:28:01.618","6480","Earth to God","John Rich","Earth to God",178,111566501,58367,111566500,"99.5 KDIS","Prov_Salem","AR","Christian & Gospel"
"8376_1779841394","2026-05-27 00:23:14","2026-05-30 20:36:10.904","8376","Sunflower","Post Malone & Swae Lee","Hollywood's Bleeding",158,79727416,30779802,79727404,"Business News 97.5","NEWSTALK","IN","News & Talk"
"10176_1779841285","2026-05-27 00:21:25","2026-06-02 23:48:25.039","10176","Boys And Girls","Jaden","CTV3: Cool Tape Vol. 3",221,109613254,31698895,109613237,"Rewind from Family Life","OTHER","states/US-NAT","US Partner Digital"
"10263_1779840803","2026-05-27 00:13:23","2026-06-02 23:50:17.051","10263","Civil War","Guns N' Roses","Use Your Illusion II",462,57573006,39143,57573005,"Power 106","ROCKCLASSIC","SD","Classic Rock"
"10263_1779840524","2026-05-27 00:08:44","2026-06-02 23:50:17.051","10263","D'yer Mak'er","Led Zeppelin","Houses of the Holy",262,28855597,1807,28855591,"Power 106","ROCKCLASSIC","SD","Classic Rock"
"5974_1779840229","2026-05-27 00:03:49","2026-06-01 03:38:07.474","5974","This Is Amazing Grace","Phil Wickham","The Ascension (Deluxe)",279,120985975,89487,120985971,"94-7 FM The Word","Prov_Salem","CO","Christian & Gospel"
"10263_1779840209","2026-05-27 00:03:29","2026-06-02 23:50:17.051","10263","The End Of The Innocence","Don Henley","The End Of The Innocence",317,594658,40218,594651,"Power 106","ROCKCLASSIC","SD","Classic Rock"
"7376_1779840055","2026-05-27 00:00:55","2026-06-02 23:48:50.813","7376","Our Story Our Song","Prestonwood Worship (featuring Jordan Grizzard)","Songs of the People",295,78150712,32538804,78150708,"89.7 Bridge FM","OTHER","NJ","Christian & Gospel"
"10176_1779840045","2026-05-27 00:00:45","2026-06-02 23:48:25.039","10176","Talks","Juss & Mixsingh","Talks [Single]",212,-1,-1,-1,"Rewind from Family Life","OTHER","states/US-NAT","US Partner Digital"
